0.432168,0.399748,0.251983,0.253914,2.306534,0.080613,2.281255,1.508548,0.418698,4.722707,4.285966,2.359528,1.556846,0.264738,0.189064,0.096882,-258.553558,90.786217,-1059.416992,-270.146942,91.018074,-1062.159790,-270.371796,48.016094,-1053.038818,-272.779388,5.086963,-1057.649414,-247.148621,90.347046,-1056.489624,-244.291656,46.965172,-1049.332031,-247.032974,5.158195,-1057.785034,-258.328003,99.801842,-1059.092407,-257.742310,119.663864,-1058.236450,-257.212250,133.762222,-1057.535278,-256.057037,154.802490,-1056.127563,-255.748978,160.787170,-1055.841797,-255.446808,166.778137,-1055.723877,-259.670898,148.647964,-1056.898926,-277.976776,147.634445,-1057.203735,-292.483643,123.608490,-1057.650146,-280.579376,129.496979,-1032.976562,-253.259277,148.252258,-1056.264038,-235.117004,146.255951,-1055.222290,-221.894440,121.767586,-1052.126099,-248.582794,123.594086,-1060.339966,-258.551636,90.787544,-1059.420044,-11.833781,-0.132023,-1.386163,-0.128355,-43.958885,-0.200107,-0.558774,-43.214619,-1.478815,11.674006,-0.074196,1.594644,-0.035769,-44.059841,0.286973,0.308100,-42.704361,1.727897,0.012694,9.023881,0.060022,-0.007926,19.888855,0.020636,-0.047483,14.125113,-0.073826,0.009305,21.118998,0.023124,0.008739,5.999394,-0.006544,0.025086,5.999174,-0.056322,-3.282967,14.739339,0.006585,-18.337465,0.005782,-0.055337,-28.070452,0.009963,0.000456,-28.022427,-0.076744,-0.025566,3.172292,14.735777,-0.019288,18.282858,0.002203,0.029690,28.002520,-0.001029,-0.074734,27.984713,-0.065295,-0.011442,0.998124,0.013864,-0.057920,-0.013052,0.992152,-0.119710,0.028246,0.021294,0.988030,0.142802,0.054853,-0.019672,0.998342,-0.043908,-0.035985,0.009461,0.966825,-0.097468,0.233837,0.032345,0.969911,0.206815,-0.126325,-0.022446,0.992636,-0.116338,-0.007855,0.032763,0.999975,0.006090,0.000810,-0.003515,0.999964,0.005975,0.000823,-0.005861,0.999953,0.004390,0.003835,-0.007586,0.999959,-0.008197,0.000027,0.003211,0.999946,-0.009563,0.000033,0.003326,0.999942,-0.007071,0.007707,0.001898,0.997193,0.014867,0.048706,0.054886,0.883143,-0.044342,0.013514,0.466796,0.435367,0.320142,0.797636,-0.267824,0.452415,-0.461428,0.738883,0.190906,0.999405,-0.007407,0.022044,-0.025453,0.869371,-0.172066,0.018839,-0.462850,-0.107541,-0.466009,0.640287,0.601078,0.304278,0.333963,0.332882,0.827684
0.226392,0.159163,0.357050,0.180703,0.243057,0.933277,0.997987,1.624560,0.634824,3.562993,1.550561,2.494316,4.598810,0.289800,0.276673,0.290071,-257.833344,90.412704,-1060.721558,-269.325562,90.737846,-1064.183960,-269.849976,48.071045,-1053.641724,-272.767456,5.099024,-1057.635132,-246.532104,89.971046,-1057.324219,-243.754929,46.784481,-1049.105225,-247.015533,5.188971,-1057.780640,-257.548706,99.387390,-1060.120850,-256.859863,119.197662,-1058.817871,-256.284363,133.249100,-1057.835205,-255.060822,154.261917,-1056.097656,-254.739136,160.244659,-1055.795044,-254.444809,166.236679,-1055.735596,-258.674835,148.136398,-1057.215576,-276.903259,147.187820,-1058.985107,-291.373627,123.202530,-1061.500488,-281.228729,128.719070,-1035.949097,-252.335251,147.682678,-1056.111816,-234.361801,145.542786,-1053.578979,-221.649231,121.028709,-1049.009644,-247.743225,122.841766,-1058.996582,-257.825928,90.411804,-1060.734009,-11.911804,-0.202835,-1.492533,-0.131577,-43.952271,-0.202815,-0.538493,-43.226727,-1.522824,11.717485,0.077024,1.462355,-0.032679,-44.048168,0.287921,0.258328,-42.579655,1.705885,0.037687,8.998334,0.117186,0.008837,19.864727,0.065774,-0.052502,14.097169,-0.020910,0.024088,21.119991,0.048935,0.013325,5.998948,0.014491,0.011225,5.999541,-0.005986,-3.289014,14.727951,0.042704,-18.339516,-0.000237,-0.058786,-28.126381,0.073322,0.065641,-28.039436,-0.074385,-0.132391,3.161669,14.727241,-0.026095,18.276894,-0.000767,0.049576,27.989834,-0.011273,-0.065180,27.999041,-0.051605,0.011638,0.995966,0.025398,-0.084253,-0.017100,0.987773,-0.147370,0.041947,0.028542,0.985981,0.151374,0.065783,-0.024397,0.998676,-0.035557,-0.033804,0.015330,0.961661,-0.120502,0.243639,0.036254,0.968907,0.222210,-0.105565,-0.026320,0.992070,-0.118750,-0.012971,0.039086,0.999986,0.004003,-0.001350,-0.003276,0.999976,0.003923,-0.001341,-0.005456,0.999950,0.002751,-0.006263,-0.007130,0.999864,-0.015443,0.000088,0.005673,0.999820,-0.018017,0.000107,0.005874,0.999613,-0.013367,0.023966,0.003131,0.996931,0.018912,0.049828,0.057334,0.882383,-0.049923,-0.000950,0.467871,0.417592,0.323922,0.807741,-0.261224,0.441945,-0.457647,0.747172,0.192278,0.999431,-0.009524,0.021313,-0.024338,0.867957,-0.180943,0.012753,-0.462324,-0.120946,-0.463951,0.634423,0.606319,0.294632,0.336673,0.322357,0.834220
0.258055,0.210025,0.220803,0.404009,0.269487,1.019152,2.820529,0.882791,0.693781,7.388923,2.135849,1.111205,9.832270,0.629416,0.095591,0.221438,-256.938324,90.117180,-1062.377930,-268.178955,90.525986,-1066.728149,-269.265442,48.172138,-1054.982544,-272.762512,5.084359,-1057.605347,-245.869324,89.627701,-1058.371826,-243.408859,46.664761,-1049.059448,-247.005463,5.199480,-1057.779053,-256.596344,99.058395,-1061.472168,-255.816528,118.816017,-1059.648071,-255.216782,132.828827,-1058.326782,-253.970352,153.801575,-1056.161621,-253.633820,159.781601,-1055.850342,-253.323517,165.772095,-1055.940552,-257.537140,147.736755,-1057.727295,-275.500244,146.924438,-1061.308228,-289.565338,123.166153,-1066.361450,-281.844940,128.546906,-1039.938721,-251.325348,147.193054,-1056.017212,-233.728119,144.897736,-1051.670654,-221.600296,120.545929,-1045.260742,-246.874069,122.721497,-1057.143555,-256.942108,90.120026,-1062.373535,-11.962885,-0.353599,-1.483449,-0.133969,-43.965458,-0.191025,-0.467620,-43.282314,-1.488983,11.716093,0.238708,1.202322,-0.034108,-44.028378,0.269326,0.241120,-42.498817,1.479514,0.058545,8.992033,0.174045,0.004794,19.857132,0.113151,-0.068374,14.088027,0.029261,0.039978,21.120955,0.067220,0.019442,5.997522,0.009573,-0.003074,5.999095,-0.044727,-3.301443,14.734134,0.053306,-18.336132,-0.003953,-0.072818,-28.071014,0.031058,0.024571,-28.050560,-0.043271,-0.063190,3.164612,14.724185,-0.020397,18.272934,-0.000270,0.074635,27.957960,0.043648,-0.163566,28.019964,-0.145039,0.125750,0.991417,0.037646,-0.122508,-0.023075,0.982413,-0.172480,0.059374,0.038918,0.985036,0.148970,0.081563,-0.029053,0.999173,-0.017503,-0.028110,0.022831,0.950488,-0.144572,0.271736,0.040978,0.966781,0.232186,-0.103271,-0.027468,0.992184,-0.116641,-0.006151,0.043854,0.999989,0.002383,-0.002853,-0.002645,0.999983,0.002332,-0.002849,-0.004402,0.999894,0.001532,-0.013299,-0.005766,0.999688,-0.023113,0.000216,0.009232,0.999588,-0.026964,0.000261,0.009560,0.998339,-0.020136,0.053291,0.004571,0.996728,0.022874,0.050115,0.059144,0.882315,-0.053734,-0.015247,0.467319,0.400873,0.321040,0.816782,-0.262823,0.425471,-0.456493,0.759371,0.184190,0.999499,-0.010718,0.019479,-0.022491,0.868253,-0.191872,-0.000440,-0.457488,-0.142470,-0.448569,0.636580,0.610868,0.295162,0.351859,0.307664,0.833199
0.293390,0.219670,0.236839,0.421874,0.259702,0.914623,2.793584,0.837934,0.047707,7.036558,2.207025,0.637006,1.069643,1.394867,0.318624,0.338893,-255.750839,89.841530,-1064.587891,-266.375397,90.392914,-1070.189575,-268.421448,48.271427,-1057.653564,-272.770874,5.133744,-1057.526245,-245.284653,89.313461,-1059.571411,-242.922928,46.588650,-1049.378540,-246.982773,5.218946,-1057.773682,-255.374954,98.724014,-1063.278687,-254.564423,118.407028,-1060.813599,-253.978851,132.380920,-1059.122925,-252.832169,153.312912,-1056.526978,-252.495178,159.291794,-1056.236938,-252.158600,165.274704,-1056.538330,-256.205444,147.329773,-1058.648804,-273.514526,146.754410,-1064.637939,-286.979614,123.480309,-1072.645386,-282.484009,129.040756,-1045.507446,-250.304916,146.661163,-1056.151611,-233.531662,144.194473,-1049.372803,-222.109650,120.537270,-1039.794800,-245.777466,123.984467,-1054.415649,-255.749283,89.842880,-1064.586426,-11.937789,-0.523769,-1.311189,-0.119405,-43.994350,-0.142596,-0.291353,-43.334991,-1.297987,11.579335,0.473898,0.826218,-0.037210,-43.986496,0.225337,0.118409,-42.394009,1.077928,0.116241,8.981956,0.242436,0.024989,19.852345,0.164275,-0.059331,14.087523,0.074630,0.058974,21.123123,0.085798,0.029609,5.995302,0.003297,-0.016566,5.999361,-0.079482,-3.284618,14.760119,0.037387,-18.322575,-0.001230,-0.105023,-28.052366,0.070877,0.029973,-28.061119,0.002912,-0.103295,3.156275,14.706697,-0.019375,18.255997,-0.006741,0.123094,27.958838,-0.070812,0.064461,28.023129,0.033275,0.063868,0.980502,0.053377,-0.186535,-0.030405,0.974876,-0.195881,0.091787,0.053011,0.986309,0.126641,0.099683,-0.034718,-0.999082,-0.019400,0.013741,-0.035162,0.926951,-0.169990,0.330334,0.051989,0.965742,0.235238,-0.105136,-0.030848,0.992872,-0.108057,-0.002748,0.050194,-0.999995,0.000581,0.002928,0.001380,-0.999993,0.000573,0.002929,0.002300,-0.999902,0.000501,0.013668,0.002976,0.999343,-0.032860,0.000503,0.015250,0.999139,-0.038333,0.000608,0.015790,0.994895,-0.028909,0.096294,0.006649,0.996852,0.021717,0.048032,0.059220,0.884251,-0.057837,-0.034407,0.462132,0.377347,0.313265,0.832646,-0.257220,0.407071,-0.458618,0.771746,0.168399,0.999664,-0.006690,0.014598,-0.020327,0.875038,-0.206686,-0.024727,-0.436985,-0.153045,-0.403688,0.653491,0.621697,0.290515,0.398207,0.314526,0.811206
0.614673,0.317132,0.204251,0.429134,0.902451,0.993572,1.159704,0.716632,0.063912,11.057666,1.233829,0.916370,1.196589,1.222453,0.268444,0.384159,-254.316467,89.650887,-1066.666748,-264.111023,90.383553,-1073.207764,-267.275848,48.363895,-1060.486206,-272.594330,5.450788,-1057.559692,-244.554169,89.044006,-1060.647095,-242.430573,46.560001,-1049.569580,-246.974060,5.256192,-1057.760620,-253.994049,98.475395,-1065.098389,-253.300201,118.095810,-1062.202148,-252.820129,132.048279,-1060.304443,-251.977356,152.972580,-1057.525391,-251.644547,158.952957,-1057.295776,-251.218079,164.918777,-1057.792847,-254.997925,147.016907,-1060.114868,-271.216736,146.600525,-1068.601929,-284.284027,124.085457,-1078.949219,-282.905212,130.475800,-1051.655640,-249.526260,146.301117,-1056.800903,-234.012650,143.816315,-1047.501831,-223.249451,121.551872,-1034.461914,-245.143143,126.999512,-1051.183350,-254.307419,89.651222,-1066.675049,-11.734243,-0.556164,-1.083272,-0.076301,-44.016495,-0.107193,-0.104402,-43.322716,-1.066963,11.448419,0.605795,0.639805,-0.041022,-43.955563,0.182617,0.035030,-42.348907,0.675850,0.142182,8.963882,0.237972,0.036633,19.844257,0.158329,-0.041356,14.088751,0.070049,0.057070,21.124565,0.083260,0.037621,5.993924,-0.004556,-0.015211,6.000809,-0.092443,-3.252051,14.773314,0.014052,-18.306416,-0.000814,-0.108149,-28.010078,0.110090,0.035330,-28.062054,0.073405,-0.130497,3.183517,14.701414,-0.023482,18.253334,-0.009482,0.157975,27.953300,-0.073130,0.146909,28.080492,0.093038,0.109446,0.966528,0.065803,-0.245483,-0.034669,0.966525,-0.211334,0.132855,0.058784,0.990447,0.097324,0.089987,-0.037595,-0.733791,-0.046538,0.002649,-0.035299,0.906643,-0.190786,0.371048,0.062504,0.965659,0.238865,-0.095241,-0.037027,0.993397,-0.099957,0.003234,0.056212,0.999984,-0.003305,-0.004533,0.000459,0.999984,-0.003240,-0.004532,0.000756,0.999773,-0.002306,-0.021149,0.001085,0.998941,-0.041518,0.000823,0.019801,0.998615,-0.048431,0.000996,0.020500,0.987821,-0.036861,0.150906,0.006863,0.997212,0.017429,0.044083,0.057629,0.891889,-0.066176,-0.041499,0.445453,0.357904,0.298629,0.849486,-0.247167,0.385653,-0.472902,0.780418,0.136241,0.999799,0.002246,0.008519,-0.018000,0.881645,-0.242405,-0.041008,-0.402780,-0.158422,-0.330909,0.675483,0.639573,0.299352,0.461029,0.320262,0.771497
0.273852,0.338794,0.657282,0.399955,0.610822,1.728713,1.642183,0.793094,0.078870,11.670905,1.115244,1.004450,1.199633,1.179095,0.260569,0.391297,-253.551147,89.524658,-1068.502197,-263.087433,90.467293,-1075.822021,-266.688812,48.840935,-1061.940186,-272.180603,5.953482,-1059.352783,-244.354782,88.769432,-1061.653809,-242.194260,46.611012,-1049.435303,-246.981476,5.327160,-1057.732666,-253.223511,98.317337,-1066.842285,-252.649277,117.908348,-1063.790527,-252.270432,131.848877,-1061.846924,-251.737747,152.791183,-1059.116577,-251.400101,158.773773,-1058.962158,-250.863647,164.718811,-1059.598755,-254.356323,146.820328,-1062.056274,-269.145721,146.584305,-1072.795776,-282.044922,124.867805,-1084.864502,-283.227844,132.513992,-1057.879639,-249.438614,146.100128,-1057.965698,-235.381012,143.992554,-1046.514771,-225.128189,123.961037,-1029.888672,-245.016098,131.854980,-1048.180054,-253.564072,89.526299,-1068.488281,-12.036239,-0.493827,-0.572403,-0.184743,-44.027180,-0.115571,-0.732167,-43.304100,-0.910985,11.470725,0.591511,0.358851,-0.005765,-43.945938,0.152693,0.143302,-42.378933,0.368717,0.207254,8.950678,0.164447,0.057082,19.835464,0.114151,-0.012288,14.080642,0.043836,0.049140,21.126022,0.065731,0.044101,5.993918,-0.013634,-0.008501,6.002205,-0.092986,-3.226815,14.769500,-0.014700,-18.272058,-0.022192,-0.112348,-27.989851,0.185040,0.083280,-28.066380,0.173526,-0.235441,3.208772,14.692878,-0.000259,18.245975,-0.018231,0.200059,27.969500,-0.102798,0.242348,28.142231,0.151405,0.125055,0.950935,0.071047,-0.298778,-0.037156,0.950728,-0.230051,0.195781,0.069658,0.992436,0.115556,0.013845,-0.038552,-0.995352,-0.060501,0.034513,-0.066229,0.888777,-0.205688,0.402215,0.077322,0.964022,0.249110,-0.080937,-0.045317,0.993664,-0.094896,0.010337,0.059326,0.999966,-0.004628,-0.006519,0.002187,0.999962,-0.004532,-0.006512,0.003626,0.999521,-0.002984,-0.030389,0.004914,0.998612,-0.047021,0.001116,0.023711,0.998192,-0.054848,0.001350,0.024547,0.977311,-0.042143,0.207417,0.006286,0.997740,0.010708,0.040318,0.052665,0.899696,-0.071863,-0.036058,0.429042,0.343794,0.280612,0.864279,-0.236803,0.370910,-0.495969,0.779356,0.094924,0.999922,0.003177,0.009267,-0.007718,0.886412,-0.285864,-0.043087,-0.361478,-0.145558,-0.238974,0.694332,0.662953,0.307991,0.532841,0.330276,0.715576
0.371644,0.437671,0.774083,0.325070,0.678443,3.427807,1.105678,0.826239,0.093827,12.284144,0.996658,1.092531,1.202676,1.135737,0.252695,0.398435,-252.897766,89.498329,-1070.198120,-261.742096,90.528488,-1078.431519,-265.908813,49.584217,-1062.908813,-269.504852,6.393703,-1063.561279,-244.376785,88.682610,-1062.454224,-242.667633,46.730110,-1049.510254,-247.011444,5.375082,-1057.709595,-252.608398,98.280205,-1068.523560,-252.172455,117.880615,-1065.575928,-251.928452,131.835968,-1063.808350,-251.785797,152.845490,-1061.596069,-251.458420,158.832031,-1061.595337,-250.815735,164.751160,-1062.368774,-253.950577,146.758224,-1064.686035,-267.005524,146.429398,-1077.478027,-279.606689,125.629456,-1091.269165,-283.345978,135.055695,-1065.086182,-249.643494,146.187592,-1059.908081,-237.322418,144.752380,-1046.513306,-227.646378,128.096283,-1026.130493,-245.204514,138.873367,-1045.405640,-252.901459,89.501442,-1070.177856,-12.105312,-0.473977,-0.241820,-0.200251,-43.985909,-0.226549,-1.201231,-43.316505,-0.726222,11.523494,0.602540,0.072367,0.039912,-43.936810,0.123032,0.379032,-42.380936,0.250612,0.246923,8.940059,0.125956,0.077545,19.824974,0.081807,0.019741,14.068682,0.032154,0.032303,21.125834,0.042385,0.043389,5.995250,-0.020844,0.003488,6.003339,-0.077891,-3.206621,14.739244,-0.017908,-18.273592,-0.029339,-0.087372,-27.955435,0.141493,0.042362,-28.070517,0.179982,-0.169370,3.249311,14.691027,-0.010046,18.247662,-0.041924,0.213644,28.028950,-0.133320,0.318496,28.201790,0.199245,0.103445,0.930828,0.070427,-0.356545,-0.038340,0.945127,-0.243382,0.194566,0.098197,0.983727,0.172073,-0.025544,-0.044826,0.956796,-0.002036,-0.057818,0.026526,0.873349,-0.209372,0.430663,0.089182,0.964290,0.252186,-0.065973,-0.046843,0.994003,-0.089569,0.024728,0.057647,0.999937,-0.006089,-0.007926,0.005037,0.999916,-0.005946,-0.007907,0.008362,0.999250,-0.003464,-0.036903,0.011172,0.998419,-0.050008,0.001283,0.025621,0.997944,-0.058332,0.001550,0.026524,0.963412,-0.045134,0.264152,0.004419,0.998263,0.001987,0.036024,0.046568,0.912008,-0.076580,-0.028471,0.401951,0.335602,0.251429,0.877330,-0.233336,0.348213,-0.530954,0.771091,0.047430,0.999943,-0.001299,0.010433,0.001892,0.897092,-0.315966,-0.041885,-0.305995,-0.132114,-0.114909,0.720279,0.671204,0.324928,0.617950,0.343027,0.628385
0.318921,0.338675,0.327892,0.333718,1.323937,1.850437,2.031541,0.891857,0.303088,13.496273,1.284573,2.370950,1.117827,0.654004,0.350433,0.409123,-252.050247,89.675613,-1071.354126,-259.714020,90.678238,-1080.099731,-266.289886,50.008255,-1064.631348,-266.597137,7.022586,-1070.341553,-244.344284,88.918999,-1062.924683,-243.543167,46.985317,-1049.833008,-247.036575,5.412091,-1057.692017,-251.931381,98.470276,-1069.893677,-251.735565,118.115570,-1067.390869,-251.670670,132.090942,-1066.010986,-251.835159,153.163193,-1064.537598,-251.516235,159.148468,-1064.720825,-250.788773,165.038422,-1065.626709,-253.601364,146.931732,-1067.653442,-265.045227,146.375519,-1081.911377,-277.251099,126.364372,-1097.162964,-282.880219,137.336197,-1071.949463,-249.883560,146.577423,-1062.298828,-239.117310,146.044876,-1047.550903,-230.218307,133.194275,-1024.203857,-245.735703,146.609375,-1043.619995,-252.040894,89.678185,-1071.356079,-11.658522,-0.331105,-0.145400,-0.128635,-44.007851,-0.097549,-1.891713,-43.325172,-0.193022,11.431664,0.527611,-0.124938,0.069199,-43.937065,0.079640,0.527977,-42.451355,0.138596,0.162306,8.914100,0.105918,0.032210,19.805199,0.054437,-0.003421,14.043629,0.023203,0.005962,21.124498,0.021525,0.036259,5.996468,-0.025299,0.010833,6.003059,-0.065950,-3.228018,14.706454,-0.048428,-18.289337,-0.030898,-0.087529,-27.963932,0.271633,0.084595,-28.063488,0.250723,-0.247193,3.300443,14.694142,0.020285,18.264107,-0.052533,0.241407,28.096464,-0.142974,0.382230,28.244061,0.223067,0.058037,0.910199,0.063065,-0.407868,-0.033563,0.946513,-0.243143,0.191327,0.091517,0.965398,0.245834,-0.078013,-0.035929,0.997301,-0.065323,-0.027381,0.016025,0.868959,-0.200262,0.443152,0.091738,0.967265,0.244673,-0.050266,-0.044682,0.994068,-0.081065,0.050669,0.051603,0.999917,-0.006776,-0.008426,0.006947,0.999876,-0.006606,-0.008396,0.011539,0.999107,-0.003542,-0.039191,0.015346,0.998345,-0.051255,0.001338,0.026051,0.997845,-0.059787,0.001616,0.026968,0.949620,-0.046371,0.309854,0.002232,0.998662,-0.003734,0.033655,0.039055,0.920968,-0.088924,-0.024916,0.378506,0.326458,0.229737,0.889699,-0.221486,0.338043,-0.553865,0.760680,0.017132,0.999766,-0.010728,0.013673,0.012651,0.912337,-0.318614,-0.044695,-0.253070,-0.127017,0.014147,0.746156,0.652918,0.340728,0.696050,0.344746,0.529158
0.281033,0.847300,2.334982,0.083420,2.907964,11.088717,2.932644,0.523481,0.277587,6.031230,2.106077,1.404639,0.821688,0.430890,0.337401,0.221099,-251.310776,89.879089,-1072.291748,-258.299500,90.618477,-1081.792236,-266.775787,49.621807,-1068.416382,-260.691437,8.229859,-1078.718140,-244.312912,89.338882,-1063.238892,-244.461136,47.275002,-1050.498047,-247.050766,5.402777,-1057.693970,-251.392746,98.715469,-1071.161377,-251.445175,118.437340,-1069.434448,-251.503632,132.452759,-1068.693481,-251.774612,153.571274,-1068.405884,-251.435181,159.544998,-1068.844238,-250.629349,165.403183,-1069.877441,-253.197159,147.168594,-1071.351440,-262.982544,146.086166,-1086.779297,-274.351715,126.543381,-1103.227783,-281.825958,139.172714,-1079.306396,-250.127838,147.120575,-1065.522217,-240.910294,147.848434,-1049.745728,-232.816010,139.509888,-1024.065918,-246.048798,155.702698,-1043.030029,-251.316727,89.878677,-1072.290771,-11.825203,-0.261931,0.073529,-0.254980,-43.946404,-0.180559,-0.628445,-43.087814,-0.059097,11.444594,0.411851,-0.347868,0.102989,-43.951435,0.054067,0.644570,-42.560673,0.055337,0.110767,8.907540,0.134179,0.012310,19.797773,0.084912,-0.010486,14.035445,0.047276,-0.029115,21.122559,-0.006258,0.023075,5.999317,-0.028189,0.021540,6.002701,-0.044655,-3.248958,14.694266,-0.065797,-18.300682,-0.028587,-0.087949,-27.958563,0.221462,0.047563,-28.062437,0.217378,-0.180647,3.337306,14.696028,0.059881,18.284517,-0.057951,0.254996,28.182602,-0.149848,0.419613,28.227427,0.249010,-0.009301,0.889482,0.049101,-0.453665,-0.022637,0.957601,-0.220277,0.169843,0.074348,0.943384,0.316928,-0.090130,-0.036426,-0.988935,0.119437,0.084508,0.022041,0.871232,-0.179944,0.448631,0.085346,0.971785,0.228941,-0.036634,-0.043139,0.993007,-0.071124,0.082762,0.044695,0.999882,-0.008906,-0.009300,0.008395,0.999822,-0.008682,-0.009252,0.013934,0.998882,-0.004619,-0.043195,0.018615,0.998510,-0.049118,0.001167,0.023712,0.998054,-0.057295,0.001410,0.024548,0.935938,-0.044307,0.349307,-0.000546,0.998893,-0.008388,0.033391,0.032043,0.929560,-0.100678,-0.025097,0.353728,0.322318,0.207379,0.899380,-0.210223,0.316263,-0.581923,0.749130,-0.007794,0.999340,-0.017428,0.019548,0.024994,0.927728,-0.312208,-0.042543,-0.199886,-0.046126,0.084615,0.305495,0.246614,0.347518,0.770047,0.331797,0.419063
0.466328,10.884453,2.256846,4.462238,2.522413,2.256843,0.530191,0.278918,0.276025,5.152146,2.018329,1.182828,0.773775,0.396208,0.307611,0.199702,-250.679840,89.942070,-1073.175537,-256.570007,90.381233,-1083.068604,-266.797974,48.772053,-1073.530151,-255.181091,9.721897,-1087.469238,-244.411560,89.723045,-1063.619385,-245.000031,47.510265,-1051.333862,-247.051025,5.367948,-1057.707886,-250.928329,98.820114,-1072.442993,-251.176727,118.596962,-1071.625000,-251.332275,132.622208,-1071.585693,-251.702530,153.719910,-1072.529053,-251.339066,159.669342,-1073.218628,-250.437485,165.491287,-1074.362793,-252.822617,147.142426,-1075.211182,-261.227661,145.375351,-1091.378052,-271.847748,126.074242,-1108.610840,-280.795135,140.084244,-1085.984375,-250.300308,147.455490,-1069.096313,-242.298813,149.620117,-1052.782471,-234.739273,145.574844,-1025.869751,-246.092575,164.010025,-1043.881592,-250.670456,89.939507,-1073.182861,-11.519378,-0.120084,-0.140933,-0.086494,-43.904282,-0.110441,-0.393912,-43.064419,-0.126784,11.418000,0.308950,-0.380358,0.112770,-43.968102,0.038730,0.668912,-42.666370,0.027251,0.069667,8.910044,0.173571,0.002114,19.795479,0.104675,-0.008058,14.026359,0.064780,-0.062059,21.122597,-0.010535,0.007252,6.000308,-0.024704,0.033092,6.001237,-0.035777,-3.261560,14.682435,-0.086361,-18.306807,-0.030777,-0.087172,-27.968327,0.236013,0.045210,-28.073257,0.246146,-0.217627,3.358972,14.697624,0.090946,18.298397,-0.067361,0.246287,28.245239,-0.169175,0.406760,28.162357,0.283708,-0.052754,0.871200,0.032176,-0.489714,-0.009114,0.975618,-0.187756,0.106716,0.035738,0.927520,0.367446,-0.055348,-0.038554,-0.981918,0.155914,0.093410,0.052261,0.874994,-0.155597,0.451988,0.076511,0.975981,0.212030,-0.021665,-0.044849,0.991639,-0.061659,0.106386,0.038835,0.999855,-0.010071,-0.009715,0.009654,0.999777,-0.009812,-0.009652,0.016021,0.998741,-0.005092,-0.045073,0.021413,0.998663,-0.048277,0.000889,0.018415,0.998230,-0.056314,0.001075,0.019064,0.925643,-0.042559,0.375931,-0.004748,0.999102,-0.008793,0.032798,0.025292,0.934808,-0.124884,-0.025389,0.331416,0.322102,0.191656,0.909175,-0.181305,0.290605,-0.620313,0.728045,-0.023845,0.998680,-0.021915,0.024923,0.039071,0.935620,-0.313839,-0.034847,-0.157624,-0.110924,0.277749,0.746385,0.594037,0.343964,0.829806,0.303325,0.317112
0.931174,12.190572,2.651371,8.514412,5.364804,1.478135,1.711851,1.359320,0.345664,1.434858,1.615978,0.724370,0.584904,0.169365,0.250450,0.217902,-250.032776,89.857727,-1074.035522,-254.946655,90.003029,-1084.190674,-266.743042,48.055950,-1078.941284,-251.161179,10.925404,-1094.449585,-244.471207,89.938904,-1064.171387,-245.368210,47.664345,-1052.075928,-247.059998,5.319127,-1057.725952,-250.441422,98.750381,-1073.724487,-250.863983,118.535347,-1073.667480,-251.130203,132.543579,-1074.235718,-251.607376,153.567307,-1076.233643,-251.226913,159.487778,-1077.133789,-250.252411,165.274857,-1078.385376,-252.508133,146.844131,-1078.646362,-259.870178,144.392548,-1095.232544,-269.958588,125.191765,-1112.901123,-279.799225,140.460251,-1091.504517,-250.370056,147.505844,-1072.403687,-243.255890,150.945206,-1055.887085,-235.887711,150.413391,-1028.591064,-245.945969,170.440781,-1045.543945,-250.035172,89.855820,-1074.038940,-11.269170,-0.112539,-0.574748,-0.090654,-43.889408,-0.165693,-0.152229,-43.146309,-0.184407,11.318387,0.315517,-0.135040,0.097320,-43.979862,0.028755,0.578373,-42.749950,0.011770,-0.113176,8.904662,0.178945,-0.112180,19.788568,0.126253,-0.064456,14.021667,0.096662,-0.079910,21.123634,-0.006757,0.002842,6.000505,-0.021553,0.042387,6.000309,-0.034516,-3.267415,14.668279,-0.076639,-18.310812,-0.033553,-0.080373,-27.973501,0.268155,0.063464,-28.066860,0.265118,-0.231085,3.361062,14.714370,0.093723,18.307695,-0.064289,0.225623,28.273935,-0.175081,0.373649,28.098618,0.317012,-0.071180,0.860463,0.021276,-0.509048,0.000276,0.983792,-0.167613,0.061310,-0.011455,0.916837,0.396457,-0.035749,-0.030429,-0.978040,0.167269,0.098738,0.075407,0.884591,-0.141047,0.438754,0.071213,0.978651,0.200085,-0.001484,-0.046620,0.990182,-0.054359,0.124345,0.033332,0.999806,-0.011378,-0.011041,0.011648,0.999692,-0.011066,-0.010956,0.019321,0.998340,-0.005222,-0.051177,0.025844,0.998709,-0.048522,0.006767,0.013132,0.998287,-0.056571,0.005557,0.013633,0.920853,-0.041230,0.387595,-0.009891,0.999236,-0.007067,0.032526,0.020458,0.936465,-0.155174,-0.024420,0.313543,0.321260,0.180840,0.916539,-0.154987,0.287275,-0.651320,0.701310,-0.036516,0.998020,-0.022859,0.029589,0.050525,0.942632,-0.308319,-0.026328,-0.125049,-0.106136,0.371604,0.733727,0.558491,0.334953,0.870403,0.271350,0.237202
0.749657,5.164277,0.702799,9.221597,11.710005,0.267508,2.698202,0.989728,0.349566,0.977579,2.793358,1.419624,0.554322,0.143484,0.393409,0.308270,-249.512283,89.664810,-1075.470825,-253.883667,89.579247,-1085.736450,-264.988037,47.128700,-1084.866943,-247.387802,11.283307,-1101.191772,-244.538330,90.008316,-1065.414917,-245.632126,47.808033,-1053.070312,-246.749863,5.400362,-1058.364502,-249.971222,98.549789,-1075.505859,-250.535706,118.305466,-1076.275757,-250.901489,132.251648,-1077.532471,-251.460098,153.157455,-1080.480591,-251.042984,159.038910,-1081.579102,-249.963165,164.773132,-1082.965332,-252.126038,146.307297,-1082.588623,-258.517242,143.067017,-1099.435913,-267.764740,123.973671,-1117.607666,-278.461639,140.661148,-1097.797119,-250.389633,147.314682,-1076.316650,-244.052887,152.068466,-1059.777710,-236.640778,154.725586,-1032.583008,-245.873169,176.115692,-1048.083618,-249.513931,89.663040,-1075.492554,-11.147135,0.108661,-0.492221,-0.125324,-43.888828,-0.160463,-0.067383,-43.150196,-0.196350,11.221689,0.128887,-0.143049,0.081892,-43.997463,0.024312,0.458807,-42.871891,-0.004426,-0.064674,8.895751,0.165539,-0.115331,19.779810,0.112193,-0.187454,14.007893,0.069706,-0.186568,21.123873,-0.006604,-0.015565,5.999158,-0.021016,0.041867,5.999056,-0.041969,-3.283335,14.626811,-0.099069,-18.306900,-0.038002,-0.071456,-27.977209,0.237039,0.053925,-28.076828,0.239843,-0.199702,3.299367,14.760412,0.106916,18.338402,0.048727,0.125135,28.309048,-0.026536,0.333984,28.052855,0.359217,-0.042795,-0.820680,-0.007067,0.515679,-0.015027,0.989128,-0.132132,0.025401,-0.056754,0.920339,0.389112,0.005872,-0.030021,-0.955296,0.128164,0.089855,0.052211,0.893869,-0.125713,0.424903,0.064668,0.978198,0.198276,0.029407,-0.048071,0.989035,-0.049656,0.134718,0.025202,0.999806,-0.011221,-0.011031,0.011511,0.999693,-0.010914,-0.010946,0.019094,0.967944,-0.004932,-0.047391,0.024050,0.998459,-0.051155,0.018871,0.009382,0.998054,-0.059609,0.014944,0.009831,0.919856,-0.041426,0.389727,-0.015969,0.999184,-0.005413,0.031892,0.022406,0.935812,-0.192381,-0.027141,0.289601,0.323992,0.164528,0.921794,-0.131113,0.274995,-0.687548,0.668217,-0.045455,0.997079,-0.023912,0.032281,0.064552,0.945582,-0.309444,-0.011812,-0.097620,-0.101882,0.440984,0.688245,0.512351,0.319012,0.901557,0.222457,0.172373
0.468920,0.565588,0.947923,12.826427,1.357986,2.608891,2.720673,0.490202,0.234166,3.422154,4.796422,2.213768,0.830997,0.286655,0.488035,0.280551,-249.337402,89.667397,-1076.920532,-253.741791,89.567085,-1087.163940,-264.085663,46.977524,-1086.377686,-247.038910,10.713757,-1101.977173,-244.369019,90.010368,-1066.882812,-244.862854,47.707020,-1055.196167,-244.627899,6.273145,-1062.398193,-249.712555,98.555664,-1076.991089,-250.073624,118.301758,-1077.886475,-250.269211,132.229736,-1079.270874,-250.580353,153.062805,-1082.510376,-250.075775,158.914825,-1083.673462,-248.891342,164.604660,-1085.105225,-251.254974,146.196045,-1084.545288,-257.526245,142.825897,-1101.407227,-266.265839,124.584587,-1120.314331,-276.511688,142.138306,-1101.524536,-249.660721,147.282013,-1078.272705,-243.552856,152.137955,-1061.701416,-235.770401,154.536865,-1034.688721,-246.202072,175.451294,-1049.229126,-249.326675,89.666626,-1077.050171,-11.140753,0.100877,-0.401381,-0.117116,-43.902035,-0.130539,-0.089741,-43.119854,-0.152049,11.199977,0.123976,-0.193582,0.073739,-43.992355,0.002681,0.422201,-42.895950,0.005552,-0.054197,8.900199,0.150332,-0.097348,19.784826,0.103060,-0.161907,14.014360,0.068200,-0.167226,21.123337,-0.008414,-0.016316,5.999227,-0.020091,0.036431,5.999011,-0.039243,-3.284372,14.637265,-0.102708,-18.310404,-0.032481,-0.053703,-27.991276,0.243479,0.064692,-28.069334,0.254916,-0.195487,3.293923,14.755254,0.109606,18.332029,0.026140,0.118179,28.246763,-0.034979,0.280131,28.037422,0.297793,-0.032143,-0.652889,-0.009801,0.407603,-0.014175,0.990120,-0.118496,0.026802,-0.053547,0.926239,0.370112,0.009557,-0.027060,-0.759077,0.095444,0.076586,0.046898,0.897194,-0.109674,0.418774,0.066842,0.972238,0.217834,0.029575,-0.045860,0.988835,-0.058426,0.121703,0.014080,0.999732,-0.012723,-0.012594,0.012511,0.999595,-0.012357,-0.012482,0.020720,0.769298,-0.003868,-0.030231,0.016653,0.998282,-0.052480,0.021959,0.008316,0.997891,-0.061160,0.017335,0.008756,0.919572,-0.041626,0.390241,-0.017966,0.998724,-0.007048,0.038890,0.020516,0.929572,-0.221309,-0.033129,0.260728,0.335983,0.145452,0.919236,-0.117345,0.263314,-0.706103,0.637491,-0.070102,0.997071,-0.020486,0.035980,0.061475,0.945436,-0.305513,0.004915,-0.098775,-0.057591,0.357822,0.560748,0.394705,0.307235,0.884525,0.182890,0.218422
1.753261,0.333337,0.633905,1.308528,2.011241,1.819063,0.497818,0.443733,0.594092,5.876108,1.323651,1.895669,0.914095,0.167589,0.340632,0.350795,-249.162506,89.669975,-1078.370239,-253.599930,89.554916,-1088.591431,-263.183319,46.826344,-1087.888306,-246.690033,10.144207,-1102.762573,-244.199722,90.012421,-1068.350830,-244.093567,47.606007,-1057.321899,-242.505936,7.145929,-1066.432007,-249.453873,98.561531,-1078.476318,-249.611542,118.298042,-1079.497070,-249.636948,132.207840,-1081.009155,-249.700607,152.968155,-1084.540161,-249.108551,158.790726,-1085.767822,-247.819519,164.436188,-1087.244995,-250.383911,146.084793,-1086.501953,-256.535278,142.584793,-1103.378418,-264.766907,125.195511,-1123.020996,-274.561768,143.615448,-1105.251831,-248.931808,147.249329,-1080.228638,-243.052811,152.207458,-1063.625244,-234.900009,154.348145,-1036.794434,-246.530975,174.786896,-1050.374512,-249.139420,89.670204,-1078.607788,-11.134372,0.093093,-0.310542,-0.108907,-43.915241,-0.100615,-0.112099,-43.089508,-0.107747,11.178264,0.119065,-0.244115,0.065585,-43.987244,-0.018950,0.385596,-42.920010,0.015529,-0.043720,8.904648,0.135124,-0.079365,19.789841,0.093926,-0.136361,14.020827,0.066694,-0.147885,21.122801,-0.010224,-0.017068,5.999296,-0.019166,0.030996,5.998967,-0.036516,-3.285408,14.647719,-0.106346,-18.313908,-0.026960,-0.035950,-28.005342,0.249918,0.075460,-28.061840,0.269989,-0.191271,3.288479,14.750096,0.112296,18.325659,0.003553,0.111223,28.184479,-0.043422,0.226278,28.021990,0.236368,-0.021490,-0.485098,-0.012536,0.299527,-0.013323,0.991112,-0.104860,0.028204,-0.050340,0.932139,0.351111,0.013243,-0.024100,-0.562857,0.062725,0.063316,0.041585,0.900519,-0.093634,0.412644,0.069016,0.966278,0.237392,0.029743,-0.043649,0.988634,-0.067196,0.108688,0.002958,0.999659,-0.014225,-0.014158,0.013511,0.999497,-0.013799,-0.014018,0.022346,0.570651,-0.002805,-0.013071,0.009255,0.998105,-0.053805,0.025047,0.007251,0.997728,-0.062711,0.019726,0.007681,0.919287,-0.041827,0.390755,-0.019962,0.998265,-0.008683,0.045888,0.018626,0.923332,-0.250237,-0.039117,0.231855,0.347973,0.126376,0.916678,-0.103577,0.251632,-0.724658,0.606764,-0.094748,0.997062,-0.017061,0.039679,0.058399,0.945289,-0.301581,0.021643,-0.099931,-0.013301,0.274660,0.433250,0.277060,0.295458,0.867492,0.143322,0.264471
1.114043,0.331941,0.289326,2.003864,1.034054,1.254635,2.742676,0.688595,0.513830,5.337474,1.724311,2.047941,0.942052,0.198008,0.352442,0.360654,-248.987625,89.672562,-1079.820068,-253.458054,89.542755,-1090.018921,-262.280945,46.675163,-1089.399048,-246.341141,9.574659,-1103.547974,-244.030411,90.014465,-1069.818726,-243.324295,47.504993,-1059.447632,-240.383972,8.018707,-1070.465698,-249.195190,98.567406,-1079.961426,-249.149460,118.294327,-1081.107788,-249.004684,132.185944,-1082.747559,-248.820862,152.873489,-1086.569946,-248.141342,158.666626,-1087.862183,-246.747711,164.267700,-1089.384888,-249.512848,145.973541,-1088.458740,-255.544312,142.343674,-1105.349731,-263.268005,125.806427,-1125.727661,-272.611816,145.092590,-1108.979248,-248.202896,147.216660,-1082.184692,-242.552780,152.276947,-1065.549072,-234.029648,154.159439,-1038.900146,-246.859879,174.122498,-1051.520020,-248.952164,89.673790,-1080.165405,-11.127990,0.085309,-0.219703,-0.100699,-43.928448,-0.070691,-0.134458,-43.059166,-0.063446,11.156551,0.114153,-0.294647,0.057432,-43.982132,-0.040581,0.348990,-42.944069,0.025507,-0.033244,8.909097,0.119917,-0.061383,19.794855,0.084793,-0.110814,14.027295,0.065188,-0.128543,21.122265,-0.012034,-0.017819,5.999364,-0.018241,0.025560,5.998922,-0.033790,-3.286445,14.658174,-0.109984,-18.317411,-0.021439,-0.018198,-28.019409,0.256358,0.086227,-28.054344,0.285062,-0.187055,3.283035,14.744938,0.114986,18.319286,-0.019035,0.104268,28.122194,-0.051866,0.172425,28.006559,0.174944,-0.010838,-0.317308,-0.015270,0.191452,-0.012470,0.992104,-0.091223,0.029606,-0.047133,0.938040,0.332110,0.016928,-0.021139,-0.366639,0.030005,0.050047,0.036271,0.903844,-0.077595,0.406514,0.071190,0.960319,0.256949,0.029911,-0.041438,0.988434,-0.075965,0.095674,-0.008164,0.999586,-0.015727,-0.015722,0.014512,0.999399,-0.015242,-0.015554,0.023972,0.372005,-0.001741,0.004089,0.001858,0.997929,-0.055129,0.028134,0.006185,0.997565,-0.064262,0.022117,0.006606,0.919003,-0.042027,0.391268,-0.021958,0.997806,-0.010317,0.052886,0.016736,0.917093,-0.279165,-0.045105,0.202982,0.359964,0.107299,0.914120,-0.089809,0.239950,-0.743213,0.576038,-0.119395,0.997054,-0.013635,0.043379,0.055322,0.945143,-0.297649,0.038370,-0.101086,0.030989,0.191498,0.305754,0.159415,0.283681,0.850460,0.103755,0.310520
0.393845,0.557562,0.095832,0.784210,3.649246,0.372986,3.127037,0.905582,0.459287,5.191907,2.004677,2.175520,0.987460,0.225411,0.352052,0.362394,-248.812744,89.675148,-1081.269775,-253.316193,89.530586,-1091.446411,-261.378571,46.523983,-1090.909668,-245.992264,9.005109,-1104.333252,-243.861115,90.016518,-1071.286743,-242.555008,47.403980,-1061.573364,-238.262009,8.891491,-1074.499390,-248.936508,98.573280,-1081.446655,-248.687393,118.290611,-1082.718384,-248.372421,132.164032,-1084.485962,-247.941101,152.778839,-1088.599731,-247.174118,158.542526,-1089.956421,-245.675888,164.099228,-1091.524780,-248.641785,145.862289,-1090.415405,-254.553345,142.102570,-1107.320923,-261.769073,126.417343,-1128.434326,-270.661896,146.569748,-1112.706543,-247.473984,147.183975,-1084.140747,-242.052750,152.346451,-1067.472778,-233.159271,153.970718,-1041.005737,-247.188797,173.458099,-1052.665405,-248.764893,89.677368,-1081.722900,-11.121609,0.077525,-0.128863,-0.092491,-43.941654,-0.040767,-0.156816,-43.028824,-0.019145,11.134838,0.109242,-0.345180,0.049279,-43.977024,-0.062212,0.312385,-42.968128,0.035485,-0.022767,8.913546,0.104710,-0.043400,19.799870,0.075659,-0.085267,14.033762,0.063682,-0.109202,21.121729,-0.013844,-0.018571,5.999433,-0.017316,0.020124,5.998877,-0.031063,-3.287482,14.668628,-0.113623,-18.320915,-0.015917,-0.000445,-28.033476,0.262797,0.096995,-28.046850,0.300134,-0.182839,3.277591,14.739779,0.117676,18.312916,-0.041622,0.097312,28.059910,-0.060309,0.118572,27.991127,0.113520,-0.000186,-0.149517,-0.018004,0.083376,-0.011618,0.993096,-0.077587,0.031008,-0.043926,0.943940,0.313110,0.020614,-0.018179,-0.170419,-0.002714,0.036777,0.030958,0.907170,-0.061556,0.400385,0.073364,0.954359,0.276507,0.030079,-0.039227,0.988233,-0.084735,0.082659,-0.019286,0.999512,-0.017230,-0.017285,0.015512,0.999301,-0.016685,-0.017090,0.025598,0.173359,-0.000677,0.021249,-0.005539,0.997752,-0.056454,0.031222,0.005120,0.997402,-0.065812,0.024508,0.005531,0.918718,-0.042227,0.391782,-0.023954,0.997347,-0.011952,0.059884,0.014846,0.910853,-0.308094,-0.051093,0.174109,0.371955,0.088223,0.911562,-0.076041,0.228268,-0.761768,0.545312,-0.144042,0.997046,-0.010210,0.047078,0.052246,0.944996,-0.293717,0.055098,-0.102241,0.075279,0.108336,0.178256,0.041769,0.271904,0.833427,0.064187,0.356569
0.370960,1.916484,0.216915,1.078111,3.370115,5.269254,2.572080,0.356756,0.250128,5.552170,3.095794,2.845563,1.248339,0.374250,0.307415,0.362269,-248.637848,89.677734,-1082.719482,-253.174332,89.518425,-1092.873901,-260.476227,46.372803,-1092.420410,-245.643387,8.435562,-1105.118652,-243.691803,90.018562,-1072.754639,-241.785736,47.302967,-1063.699219,-236.140060,9.764270,-1078.533081,-248.677826,98.579147,-1082.931763,-248.225311,118.286896,-1084.329102,-247.740158,132.142136,-1086.224365,-247.061356,152.684189,-1090.629395,-246.206909,158.418442,-1092.050781,-244.604080,163.930756,-1093.664551,-247.770737,145.751038,-1092.372070,-253.562378,141.861450,-1109.292114,-260.270172,127.028259,-1131.140991,-268.711945,148.046890,-1116.433838,-246.745071,147.151306,-1086.096680,-241.552719,152.415939,-1069.396606,-232.288895,153.781998,-1043.111450,-247.517700,172.793701,-1053.810791,-248.577637,89.680954,-1083.280518,-11.115227,0.069741,-0.038024,-0.084282,-43.954865,-0.010843,-0.179174,-42.998482,0.025156,11.113125,0.104331,-0.395713,0.041126,-43.971912,-0.083843,0.275779,-42.992188,0.045463,-0.012290,8.917994,0.089503,-0.025417,19.804886,0.066525,-0.059721,14.040230,0.062176,-0.089861,21.121193,-0.015655,-0.019322,5.999502,-0.016392,0.014689,5.998833,-0.028337,-3.288519,14.679083,-0.117261,-18.324419,-0.010396,0.017308,-28.047543,0.269236,0.107762,-28.039356,0.315207,-0.178624,3.272146,14.734621,0.120366,18.306545,-0.064209,0.090357,27.997625,-0.068753,0.064719,27.975695,0.052096,0.010467,0.018273,-0.020738,-0.024699,-0.010766,0.994088,-0.063951,0.032409,-0.040719,0.949841,0.294109,0.024299,-0.015218,0.025799,-0.035434,0.023508,0.025645,0.910495,-0.045516,0.394255,0.075538,0.948399,0.296064,0.030247,-0.037017,0.988033,-0.093505,0.069644,-0.030408,0.999439,-0.018732,-0.018849,0.016513,0.999202,-0.018127,-0.018625,0.027225,-0.025287,0.000386,0.038409,-0.012937,0.997575,-0.057779,0.034310,0.004055,0.997239,-0.067363,0.026899,0.004456,0.918434,-0.042427,0.392296,-0.025950,0.996888,-0.013586,0.066882,0.012956,0.904613,-0.337022,-0.057081,0.145236,0.383946,0.069147,0.909004,-0.062273,0.216586,-0.780323,0.514586,-0.168688,0.997038,-0.006785,0.050777,0.049169,0.944850,-0.289785,0.071826,-0.103397,0.119569,0.025174,0.050760,-0.075875,0.260127,0.816395,0.024620,0.402617
0.343651,4.523636,0.694213,2.695325,2.581028,3.376297,0.934929,1.124993,0.415352,5.032374,0.982755,2.736096,0.711218,0.625595,0.393814,0.369072,-248.462967,89.680313,-1084.169312,-253.032455,89.506256,-1094.301392,-259.573853,46.221622,-1093.931030,-245.294495,7.866012,-1105.904053,-243.522491,90.020615,-1074.222656,-241.016449,47.201954,-1065.824951,-234.018097,10.637053,-1082.566895,-248.419159,98.585022,-1084.416992,-247.763229,118.283188,-1085.939697,-247.107895,132.120239,-1087.962769,-246.181610,152.589523,-1092.659180,-245.239685,158.294342,-1094.145142,-243.532257,163.762283,-1095.804443,-246.899673,145.639786,-1094.328735,-252.571396,141.620331,-1111.263428,-258.771240,127.639175,-1133.847656,-266.762024,149.524033,-1120.161255,-246.016159,147.118622,-1088.052734,-241.052673,152.485443,-1071.320435,-231.418518,153.593292,-1045.217163,-247.846603,172.129303,-1054.956299,-248.390381,89.684532,-1084.838135,-11.108846,0.061957,0.052816,-0.076074,-43.968071,0.019081,-0.201533,-42.968140,0.069458,11.091413,0.099420,-0.446246,0.032972,-43.966801,-0.105475,0.239174,-43.016247,0.055441,-0.001814,8.922442,0.074295,-0.007434,19.809900,0.057392,-0.034174,14.046697,0.060670,-0.070519,21.120657,-0.017465,-0.020074,5.999571,-0.015467,0.009253,5.998788,-0.025610,-3.289556,14.689537,-0.120899,-18.327923,-0.004875,0.035061,-28.061609,0.275676,0.118529,-28.031860,0.330280,-0.174408,3.266702,14.729463,0.123056,18.300173,-0.086796,0.083401,27.935341,-0.077196,0.010866,27.960262,-0.009329,0.021119,0.186064,-0.023473,-0.132775,-0.009913,0.995080,-0.050315,0.033811,-0.037512,0.955741,0.275109,0.027985,-0.012257,0.222019,-0.068153,0.010238,0.020331,0.913820,-0.029477,0.388125,0.077712,0.942440,0.315622,0.030414,-0.034806,0.987832,-0.102274,0.056629,-0.041530,0.999366,-0.020234,-0.020413,0.017513,0.999104,-0.019570,-0.020161,0.028851,-0.223934,0.001450,0.055569,-0.020334,0.997398,-0.059103,0.037398,0.002989,0.997076,-0.068914,0.029290,0.003381,0.918150,-0.042627,0.392809,-0.027946,0.996429,-0.015221,0.073880,0.011066,0.898374,-0.365950,-0.063069,0.116363,0.395936,0.050071,0.906446,-0.048505,0.204904,-0.798877,0.483859,-0.193335,0.997029,-0.003359,0.054477,0.046093,0.944703,-0.285853,0.088553,-0.104552,0.163859,-0.057988,-0.076737,-0.193521,0.248350,0.799363,-0.014948,0.448667
0.985082,9.247482,0.913128,4.282661,1.556078,3.916829,2.409050,0.761454,0.263210,8.389041,2.914346,2.764349,0.733676,0.612741,0.590873,0.418678,-248.288086,89.682899,-1085.619019,-252.890594,89.494087,-1095.728882,-258.671478,46.070442,-1095.441772,-244.945618,7.296462,-1106.689453,-243.353195,90.022667,-1075.690674,-240.247177,47.100941,-1067.950684,-231.896118,11.509837,-1086.600586,-248.160477,98.590889,-1085.902222,-247.301163,118.279472,-1087.550415,-246.475632,132.098343,-1089.701172,-245.301849,152.494873,-1094.688965,-244.272476,158.170242,-1096.239502,-242.460449,163.593796,-1097.944336,-246.028610,145.528549,-1096.285522,-251.580429,141.379227,-1113.234619,-257.272339,128.250092,-1136.554321,-264.812073,151.001175,-1123.888672,-245.287247,147.085953,-1090.008789,-240.552643,152.554932,-1073.244141,-230.548126,153.404572,-1047.322876,-248.175507,171.464905,-1056.101685,-248.203125,89.688118,-1086.395752,-11.102464,0.054173,0.143655,-0.067865,-43.981277,0.049005,-0.223891,-42.937798,0.113759,11.069699,0.094509,-0.496779,0.024819,-43.961693,-0.127106,0.202568,-43.040306,0.065419,0.008663,8.926891,0.059088,0.010549,19.814915,0.048258,-0.008627,14.053164,0.059164,-0.051178,21.120121,-0.019275,-0.020826,5.999640,-0.014542,0.003818,5.998744,-0.022884,-3.290592,14.699991,-0.124538,-18.331427,0.000646,0.052814,-28.075678,0.282115,0.129297,-28.024366,0.345353,-0.170192,3.261258,14.724304,0.125746,18.293802,-0.109383,0.076445,27.873056,-0.085640,-0.042987,27.944832,-0.070753,0.031772,0.353855,-0.026207,-0.240851,-0.009061,0.996072,-0.036678,0.035213,-0.034305,0.961641,0.256108,0.031671,-0.009297,0.418238,-0.100873,-0.003031,0.015018,0.917145,-0.013437,0.381996,0.079886,0.936480,0.335179,0.030582,-0.032595,0.987632,-0.111044,0.043615,-0.052652,0.999292,-0.021736,-0.021976,0.018514,0.999006,-0.021013,-0.021697,0.030477,-0.422580,0.002514,0.072729,-0.027732,0.997221,-0.060428,0.040486,0.001924,0.996913,-0.070465,0.031681,0.002306,0.917865,-0.042827,0.393323,-0.029942,0.995969,-0.016856,0.080878,0.009175,0.892134,-0.394878,-0.069057,0.087490,0.407927,0.030995,0.903888,-0.034737,0.193222,-0.817432,0.453133,-0.217982,0.997021,0.000066,0.058176,0.043016,0.944556,-0.281922,0.105281,-0.105707,0.208150,-0.141150,-0.204235,-0.311166,0.236573,0.782330,-0.054516,0.494716
0.309336,2.913107,0.559788,4.247623,4.476726,2.351231,1.892922,0.369973,0.303572,9.104611,2.955821,2.599002,0.678398,0.661257,0.597518,0.428374,-248.113205,89.685486,-1087.068726,-252.748718,89.481926,-1097.156372,-257.769135,45.919266,-1096.952393,-244.596741,6.726914,-1107.474854,-243.183884,90.024712,-1077.158569,-239.477905,46.999928,-1070.076416,-229.774170,12.382616,-1090.634277,-247.901794,98.596764,-1087.387329,-246.839081,118.275757,-1089.161011,-245.843369,132.076431,-1091.439575,-244.422104,152.400223,-1096.718750,-243.305267,158.046143,-1098.333862,-241.388626,163.425323,-1100.084106,-245.157547,145.417297,-1098.242188,-250.589447,141.138107,-1115.205933,-255.773422,128.861008,-1139.260986,-262.862122,152.478317,-1127.615967,-244.558334,147.053268,-1091.964722,-240.052612,152.624435,-1075.167969,-229.677765,153.215851,-1049.428589,-248.504410,170.800507,-1057.247192,-248.015869,89.691696,-1087.953247,-11.096083,0.046389,0.234495,-0.059657,-43.994484,0.078929,-0.246249,-42.907452,0.158060,11.047987,0.089597,-0.547311,0.016666,-43.956581,-0.148737,0.165963,-43.064365,0.075396,0.019140,8.931340,0.043881,0.028532,19.819929,0.039125,0.016919,14.059631,0.057657,-0.031836,21.119585,-0.021085,-0.021577,5.999708,-0.013617,-0.001618,5.998699,-0.020157,-3.291629,14.710445,-0.128176,-18.334930,0.006167,0.070567,-28.089745,0.288555,0.140064,-28.016872,0.360425,-0.165977,3.255814,14.719146,0.128436,18.287432,-0.131970,0.069490,27.810772,-0.094083,-0.096840,27.929399,-0.132177,0.042424,0.521645,-0.028941,-0.348927,-0.008209,0.997064,-0.023042,0.036615,-0.031098,0.967542,0.237107,0.035356,-0.006336,0.614456,-0.133592,-0.016301,0.009704,0.920470,0.002602,0.375866,0.082060,0.930520,0.354737,0.030750,-0.030384,0.987431,-0.119814,0.030600,-0.063774,0.999219,-0.023238,-0.023540,0.019514,0.998908,-0.022455,-0.023233,0.032103,-0.621226,0.003578,0.089889,-0.035129,0.997045,-0.061753,0.043574,0.000858,0.996750,-0.072015,0.034072,0.001231,0.917581,-0.043027,0.393837,-0.031939,0.995510,-0.018490,0.087876,0.007285,0.885894,-0.423806,-0.075045,0.058617,0.419918,0.011918,0.901330,-0.020969,0.181540,-0.835987,0.422407,-0.242629,0.997013,0.003492,0.061875,0.039940,0.944410,-0.277990,0.122009,-0.106863,0.252440,-0.224312,-0.331731,-0.428811,0.224796,0.765298,-0.094083,0.540765
0.758371,2.938633,0.907338,3.888363,1.927952,3.849554,0.842110,0.671166,0.548408,9.099043,1.380002,0.753509,0.516913,0.994324,0.466136,0.466644,-247.938309,89.688072,-1088.518433,-252.606857,89.469757,-1098.583862,-256.866760,45.768085,-1098.463135,-244.247849,6.157364,-1108.260254,-243.014587,90.026764,-1078.626587,-238.708618,46.898914,-1072.202271,-227.652206,13.255400,-1094.667969,-247.643112,98.602638,-1088.872559,-246.376999,118.272041,-1090.771729,-245.211105,132.054535,-1093.177979,-243.542358,152.305557,-1098.748535,-242.338043,157.922043,-1100.428223,-240.316818,163.256851,-1102.223999,-244.286484,145.306046,-1100.198853,-249.598480,140.896988,-1117.177124,-254.274506,129.471939,-1141.967651,-260.912201,153.955475,-1131.343262,-243.829422,147.020584,-1093.920776,-239.552567,152.693924,-1077.091797,-228.807388,153.027145,-1051.534302,-248.833328,170.136108,-1058.392578,-247.828598,89.695282,-1089.510864,-11.089701,0.038605,0.325334,-0.051449,-44.007690,0.108853,-0.268607,-42.877110,0.202362,11.026274,0.084686,-0.597844,0.008513,-43.951469,-0.170368,0.129357,-43.088425,0.085374,0.029616,8.935789,0.028674,0.046515,19.824945,0.029991,0.042466,14.066099,0.056151,-0.012495,21.119049,-0.022895,-0.022329,5.999777,-0.012692,-0.007054,5.998654,-0.017431,-3.292666,14.720900,-0.131814,-18.338432,0.011688,0.088319,-28.103811,0.294994,0.150831,-28.009377,0.375498,-0.161761,3.250370,14.713987,0.131126,18.281059,-0.154557,0.062534,27.748487,-0.102527,-0.150693,27.913967,-0.193601,0.053076,0.689436,-0.031676,-0.457003,-0.007356,0.998056,-0.009406,0.038017,-0.027891,0.973442,0.218107,0.039042,-0.003376,0.810676,-0.166311,-0.029570,0.004391,0.923795,0.018641,0.369737,0.084234,0.924561,0.374295,0.030918,-0.028173,0.987231,-0.128583,0.017585,-0.074895,0.999146,-0.024740,-0.025104,0.020514,0.998810,-0.023898,-0.024769,0.033729,-0.819873,0.004641,0.107049,-0.042526,0.996868,-0.063077,0.046662,-0.000207,0.996587,-0.073566,0.036463,0.000156,0.917297,-0.043227,0.394350,-0.033935,0.995051,-0.020125,0.094874,0.005395,0.879655,-0.452734,-0.081033,0.029744,0.431908,-0.007158,0.898772,-0.007201,0.169858,-0.854542,0.391680,-0.267275,0.997004,0.006917,0.065575,0.036863,0.944263,-0.274058,0.138736,-0.108018,0.296730,-0.307474,-0.459229,-0.546457,0.213019,0.748265,-0.133651,0.586814
0.711436,0.592873,0.468869,0.581537,3.142726,1.807499,0.640271,0.272410,0.193412,5.017994,1.099337,0.688111,1.023129,0.743677,0.135339,0.528372,-247.740372,89.675552,-1090.380249,-252.563614,89.461029,-1100.342529,-255.792435,45.582146,-1100.332153,-243.821884,5.445451,-1109.213989,-242.725220,89.997444,-1080.574463,-237.572662,46.708103,-1075.360840,-225.322739,14.272738,-1100.440063,-247.258881,98.587486,-1090.785034,-245.602890,118.231453,-1092.844116,-244.145462,131.982071,-1095.405151,-242.102173,152.138245,-1101.328369,-240.771164,157.712677,-1103.091309,-238.601135,162.984756,-1104.942871,-242.915237,145.128113,-1102.682251,-248.391724,140.732422,-1119.646973,-252.536682,130.569809,-1145.412964,-257.942383,156.278915,-1136.127686,-242.564957,146.923508,-1096.408081,-238.345215,152.616409,-1079.561890,-227.004501,152.019867,-1054.326050,-248.946732,167.978043,-1059.806885,-247.687698,89.680168,-1090.903809,-11.064232,0.009276,0.411162,-0.037765,-44.018982,0.127999,-0.270742,-42.860958,0.279410,10.995390,0.109468,-0.628205,-0.009517,-43.948017,-0.188925,0.117451,-43.101669,0.101185,0.040915,8.938105,-0.005290,0.066261,19.828648,0.001614,0.071022,14.070662,0.039033,0.000948,21.118694,-0.026791,-0.028426,5.999743,-0.012892,-0.014997,5.998661,-0.016823,-3.286539,14.729237,-0.134195,-18.367197,0.129607,0.202096,-28.111895,0.292849,0.298333,-28.001684,0.398997,-0.153875,3.246938,14.706234,0.135829,18.275993,-0.157961,0.032114,27.686728,-0.095564,-0.214905,27.892937,-0.251345,0.051257,0.837426,-0.036094,-0.545179,-0.009906,0.999018,0.006916,0.036069,-0.023500,0.978636,0.201855,0.038762,-0.000315,0.979846,-0.195603,-0.040484,-0.000219,0.925619,0.038120,0.366263,0.086944,0.920756,0.387808,0.032592,-0.026845,0.985597,-0.144332,0.005837,-0.087116,0.999090,-0.025703,-0.026552,0.021289,0.998736,-0.024817,-0.026199,0.034989,-0.991279,0.005343,0.122339,-0.048674,0.996853,-0.064251,0.046204,-0.001481,0.996528,-0.074946,0.036075,-0.001162,0.917464,-0.043820,0.393841,-0.035022,0.994463,-0.023988,0.102141,0.004404,0.874487,-0.476359,-0.090916,-0.000000,0.441011,-0.033432,0.896760,0.000748,0.160594,-0.870389,0.349164,-0.306045,0.997041,0.008680,0.069060,0.032488,0.943260,-0.269737,0.154228,-0.116634,0.343965,-0.359415,-0.571074,-0.652269,0.199485,0.717029,-0.164027,0.646429
0.422942,0.592363,0.326133,1.157098,3.270982,1.460156,1.290330,0.650796,0.187466,9.810171,1.726635,0.425757,0.555596,0.255353,0.208322,0.486042,-247.690979,89.645584,-1091.116455,-253.336182,89.562271,-1100.446411,-255.721085,45.591160,-1100.875732,-243.726944,5.168725,-1109.444702,-241.802109,89.863121,-1081.888306,-236.044769,46.337738,-1079.771240,-227.009430,13.144967,-1105.729004,-246.617081,98.498856,-1091.580444,-243.852417,118.009392,-1093.741455,-241.756393,131.675644,-1096.337036,-239.081360,151.753693,-1102.326050,-237.586472,157.270355,-1104.157104,-235.259476,162.471832,-1106.038208,-240.344666,144.813126,-1103.646240,-247.934494,140.737640,-1119.815430,-254.175735,133.702774,-1146.284668,-253.624374,160.509888,-1138.019287,-239.481689,146.529984,-1097.327637,-233.451828,151.188202,-1080.680176,-220.815750,145.718002,-1056.689453,-246.002090,157.099625,-1060.974365,-247.704041,89.648842,-1090.977539,-10.899834,-0.232221,0.349771,-0.025323,-44.028065,0.062740,-0.112491,-43.017475,0.455526,10.929087,0.399101,-0.600771,-0.011106,-43.942547,-0.164086,0.349849,-43.036774,0.115271,0.034341,8.929038,-0.045367,0.076082,19.820702,-0.053233,0.106694,14.064592,0.007658,-0.016855,21.118193,-0.031911,-0.070552,5.999990,-0.017967,-0.043816,5.999026,-0.018067,-3.288137,14.732944,-0.211085,-18.334181,-0.034934,0.043736,-28.062134,0.297178,0.017698,-28.023230,0.365791,-0.049348,3.305295,14.689516,0.214712,18.312996,-0.032569,-0.066603,27.668818,0.023570,-0.267243,27.905720,-0.251920,0.006369,-0.860778,0.051093,0.505015,0.035469,0.998989,0.040825,0.010681,-0.012271,0.979671,0.199852,0.015931,0.005063,0.979143,-0.199483,-0.038520,0.000915,0.917528,0.074025,0.378831,0.095453,0.936515,0.346268,0.048368,-0.022680,0.976294,-0.195208,0.008148,-0.092816,0.999169,-0.023406,-0.026068,0.020832,0.998825,-0.022579,-0.025752,0.034279,-0.991607,0.004295,0.120227,-0.047334,0.997797,-0.063339,0.017938,-0.004361,0.997144,-0.073898,0.013901,-0.004370,0.921152,-0.046715,0.385328,-0.028497,0.992688,-0.038216,0.113773,0.010787,-0.857109,0.506066,0.077024,0.055756,0.478086,-0.071435,0.875255,-0.008281,0.170028,-0.848603,0.208092,-0.452996,0.997662,-0.001924,0.066545,0.014449,0.936098,-0.263879,0.163905,-0.164691,-0.389606,0.203626,0.582397,0.682921,0.174541,0.591444,-0.131737,0.775399
0.392064,0.523296,0.339910,1.388476,2.926333,2.897814,1.935045,0.710724,0.250928,14.739147,1.858802,0.554056,0.778207,0.351186,0.274787,0.365174,-247.338760,89.948715,-1090.576172,-254.052856,89.933105,-1099.279419,-255.927292,45.889290,-1100.276611,-243.801895,5.257747,-1109.341553,-240.401199,89.859291,-1082.203003,-235.665253,45.922691,-1081.809326,-229.869400,10.471614,-1105.198853,-245.808807,98.794594,-1090.899292,-242.148010,118.177284,-1093.064575,-239.507843,131.754715,-1095.786865,-236.420593,151.670624,-1102.084473,-234.829330,157.122070,-1104.028076,-232.415634,162.260513,-1105.966797,-238.258240,144.956436,-1103.359497,-249.683411,140.874847,-1117.171753,-259.910706,137.309433,-1142.921753,-251.654861,163.357269,-1136.442749,-236.478653,146.375122,-1096.930298,-228.324844,149.640320,-1080.809692,-214.020966,138.818604,-1059.695190,-240.825836,145.212708,-1064.538696,-247.332306,89.954430,-1090.564209,-10.971729,-0.685979,0.215502,0.023789,-44.098331,0.039818,-0.059939,-43.358822,0.569612,10.835027,0.628045,-0.601300,-0.429100,-44.204838,0.280164,0.060460,-42.856464,0.413341,0.133843,8.983201,0.021290,0.152066,19.843540,-0.030132,0.160959,14.096906,-0.030575,-0.042704,21.114351,-0.044579,-0.106174,6.001151,-0.030312,-0.047386,5.998693,-0.019819,-3.392277,14.888402,-0.302963,-18.381088,0.044337,0.208337,-27.927546,0.016799,0.110597,-28.064220,0.171526,0.088976,3.393997,14.579699,0.297468,18.353334,0.009324,-0.154766,27.691109,0.108068,-0.371967,27.966513,-0.295130,0.028882,-0.888770,0.059014,0.450248,0.061995,-0.997370,-0.070670,0.014763,-0.005710,-0.980650,-0.194655,0.017519,-0.010311,0.979593,-0.196627,-0.041410,0.004489,0.908060,0.089663,0.394084,0.109910,0.955694,0.292161,0.035446,-0.003525,0.967552,-0.233143,0.043887,-0.086913,0.999138,-0.025555,-0.023923,0.022285,0.998744,-0.024689,-0.023555,0.036694,0.992613,-0.005910,-0.110088,0.050625,-0.998015,0.061548,0.000818,0.013247,-0.770369,0.055797,0.000723,0.009959,0.940341,-0.046809,0.335884,-0.025793,0.986306,-0.063915,0.142879,0.051335,0.841599,-0.516595,-0.043318,-0.151096,0.517057,-0.112706,0.846424,-0.058738,0.199928,-0.751546,0.000249,-0.627945,0.998677,-0.006525,0.049011,-0.013748,0.926366,-0.240379,0.194356,-0.215012,-0.385647,-0.005027,0.630968,0.672840,0.180421,0.459894,0.004677,0.869214
0.360876,1.278180,0.395610,1.178500,1.155421,3.190229,0.889520,0.205014,0.211885,22.887594,1.088826,0.668560,0.766900,1.082498,0.157003,0.322214,-246.937592,89.918167,-1090.210205,-254.680710,90.420563,-1097.651001,-256.194183,46.301392,-1099.260254,-243.983109,5.359321,-1109.196289,-238.687546,88.620628,-1083.354614,-233.862167,44.836903,-1083.814453,-231.319427,6.362574,-1103.904541,-245.068192,98.834480,-1090.380981,-240.243744,118.021660,-1092.520020,-236.787750,131.440689,-1095.267700,-232.320007,151.102646,-1101.560913,-230.475708,156.476425,-1103.516113,-228.005875,161.580994,-1105.480713,-235.511688,144.722382,-1102.302002,-251.097015,141.938766,-1111.788574,-267.338959,143.879852,-1134.316040,-249.795624,165.814377,-1134.287720,-232.014267,145.570862,-1096.654175,-220.978363,147.025803,-1081.980225,-206.568710,129.141922,-1066.144531,-234.097122,129.052261,-1071.594360,-246.938004,89.913177,-1090.204956,-10.692580,-0.968574,-0.063017,0.049930,-44.175529,0.026434,0.256102,-43.878445,0.578607,10.762239,0.329088,-0.868267,0.039778,-44.058960,-0.142333,0.659321,-43.473572,-0.103625,-0.013453,9.107324,0.318267,0.080135,19.898294,0.180997,0.119150,14.123982,0.131194,-0.039485,21.121775,-0.102211,-0.109714,6.007098,-0.061771,-0.067053,6.000943,0.012319,-3.275686,14.711949,-0.071519,-18.429665,-0.047842,0.247587,-27.811529,-0.272138,0.094832,-28.022434,-0.102106,0.233412,3.406361,14.585188,0.235782,18.408873,0.091848,-0.234229,27.863901,0.140706,-0.538457,28.039267,-0.371915,-0.041859,-0.921619,0.063174,0.369819,0.099307,-0.993049,-0.099325,0.050550,-0.037834,0.978983,0.191895,-0.067947,0.012343,0.983562,-0.175686,-0.040383,0.010474,0.910114,0.084314,0.377329,0.149015,0.971355,0.234237,0.038280,-0.011664,0.975685,-0.210487,0.025309,-0.055623,0.999076,-0.032704,-0.019753,0.019672,0.998784,-0.031804,-0.019349,0.032316,0.994739,-0.014094,-0.090558,0.045773,-0.998605,0.048294,0.001033,0.021339,0.998167,-0.056334,-0.001246,-0.022094,0.977122,-0.037390,0.208230,-0.021731,0.976383,-0.080113,0.174855,0.098404,0.805456,-0.549083,0.019959,-0.222138,0.577068,-0.130789,0.794266,-0.137929,0.290435,-0.486313,-0.266346,-0.779861,0.999534,0.005372,0.022162,-0.020278,0.909113,-0.179284,0.219467,-0.305291,-0.356340,-0.264019,0.663545,0.602504,0.161104,0.315536,0.165961,0.920290
0.593169,1.441514,0.223066,1.150816,0.815119,0.741909,0.538725,0.328328,0.208421,15.500837,0.582361,0.721290,0.528164,0.837016,0.241135,0.403383,-246.140289,90.636024,-1090.109741,-254.684937,91.471123,-1095.927124,-257.237640,47.327148,-1097.236938,-244.373474,6.535967,-1108.707275,-236.896027,88.307076,-1084.996216,-232.139847,44.498440,-1084.856567,-230.834244,5.188707,-1103.690186,-244.069611,99.645973,-1090.044556,-238.409988,118.721703,-1091.720215,-233.870651,131.944427,-1094.205078,-227.286942,151.068802,-1100.232056,-225.058975,156.292725,-1102.191895,-222.503891,161.284485,-1104.319092,-231.942764,145.762619,-1099.799438,-249.389648,145.099396,-1105.484619,-270.861664,155.256378,-1119.816284,-250.034164,168.015961,-1132.753784,-226.967850,145.190109,-1095.976074,-213.094864,143.089005,-1083.930054,-202.225586,119.567795,-1073.115234,-228.766800,115.108315,-1081.035645,-246.128616,90.677826,-1090.128662,-10.257857,-1.329474,-0.503742,0.050164,-44.237968,-0.091651,0.450788,-44.276150,0.347512,10.790795,0.040846,-0.600705,0.019745,-44.065388,-0.118270,0.452604,-43.583187,-0.622606,-0.185487,9.243645,0.069575,0.118226,19.969532,0.147327,0.285078,14.200281,0.186258,0.048637,21.107149,-0.137484,-0.063504,6.007451,-0.074356,-0.111193,5.996436,0.021333,-2.815023,14.735888,0.978018,-18.318218,-0.191593,0.846333,-27.756792,-0.434858,0.173646,-27.666382,-0.217739,0.497680,3.385980,14.658464,-0.074603,18.489840,0.147835,-0.291502,28.053684,0.277148,-0.163618,28.038048,0.034050,-0.165951,-0.954558,0.027684,0.268980,0.119080,-0.989911,-0.062478,0.102924,-0.067670,0.969732,0.217192,-0.109752,0.017651,0.987441,-0.147958,-0.054997,0.004585,0.929205,0.028698,0.323085,0.173297,0.975245,0.220481,-0.007309,-0.014587,0.980805,-0.185088,0.012693,-0.059894,0.998193,-0.054638,-0.021453,0.009940,0.998185,-0.053476,-0.021170,0.015688,0.993897,-0.033800,-0.099165,0.028395,-0.999249,0.036541,0.000463,0.012454,-0.728377,0.029239,0.000300,0.007680,0.995342,-0.030471,0.089588,-0.010536,0.974531,-0.051570,0.174629,0.130283,0.694915,-0.677829,0.173432,-0.158675,0.645437,-0.071456,0.722306,-0.236597,-0.317885,0.099000,0.278184,0.587844,0.997310,0.039440,0.049124,-0.035635,0.891530,-0.152161,0.191398,-0.381066,-0.343634,-0.460983,0.552268,0.603057,0.081038,0.232767,0.120974,0.961367
0.537664,0.630677,0.181839,0.478147,1.616221,0.487634,1.670683,0.291155,0.435479,13.099312,1.245221,2.393769,0.869335,0.746617,0.389263,0.462631,-245.427429,91.077156,-1091.600220,-254.598251,92.426506,-1095.228882,-259.041412,48.342251,-1094.187988,-245.159500,8.402956,-1107.916870,-235.657639,88.143364,-1087.501465,-230.393372,44.816010,-1085.712158,-230.530212,5.884726,-1103.568604,-243.468964,100.216125,-1090.821655,-237.077591,119.303932,-1091.258423,-231.075272,132.197464,-1093.590698,-222.093811,150.681473,-1098.364014,-219.470932,155.796738,-1100.086426,-216.854401,160.752396,-1102.221191,-227.366043,146.340424,-1097.968018,-245.302765,147.292816,-1101.098999,-265.999634,165.950027,-1102.562744,-255.178284,173.344513,-1126.836060,-222.063889,144.188705,-1095.363525,-207.540024,138.041962,-1085.749512,-201.255920,112.403793,-1076.475464,-226.970871,109.351158,-1087.110229,-245.427521,91.038193,-1091.631470,-9.829627,-1.569356,-0.195504,0.088172,-44.333576,0.007173,0.466197,-44.450291,0.262391,10.972969,0.286018,0.485504,0.010433,-43.675941,0.030290,0.178054,-42.815281,-0.448828,-0.626742,9.349641,-0.142569,-0.132253,20.131334,-0.172588,0.436021,14.384878,-0.633803,0.144816,21.100237,-0.145846,-0.023280,6.000913,-0.054677,-0.162166,5.994567,-0.029634,-2.837909,14.996232,0.553371,-18.225103,-0.030036,0.236042,-27.899281,-0.306599,0.134974,-27.584120,-0.234623,0.296647,3.380831,14.713041,-0.284075,18.460312,0.105039,-0.287426,27.958981,0.323363,-0.280107,28.000145,-0.078976,-0.016626,0.440265,0.022987,-0.069022,-0.068482,0.443384,-0.022236,-0.062037,0.053648,0.947865,0.272704,-0.162774,0.021259,0.988528,-0.133388,-0.070594,-0.003138,0.935943,-0.067345,0.282675,0.198404,0.970056,0.235148,-0.056697,-0.019405,0.983033,-0.174414,0.001159,-0.056763,-0.450324,0.028521,0.004179,0.002717,-0.997467,0.068825,0.015939,0.006473,-0.450566,0.020933,0.019966,0.004307,0.999485,-0.031683,0.000105,0.002615,0.999301,-0.036965,0.000114,0.002731,0.995294,-0.026933,-0.084244,0.004053,0.975815,-0.044531,0.126830,0.171273,0.577269,-0.744497,0.333080,-0.024167,0.687038,0.001489,0.638737,-0.345582,-0.488492,0.005738,0.359790,0.794862,0.996693,0.061903,-0.000730,-0.045823,0.898014,-0.141824,0.102827,-0.403335,-0.372452,-0.496818,0.467407,0.629113,0.039096,0.295837,0.000323,0.954107
0.315451,0.873500,0.591337,1.059474,3.089188,0.947097,1.376091,0.740168,0.298473,26.941994,0.864817,1.363865,0.899032,1.105765,0.367855,0.379008,-244.558044,90.979980,-1094.686768,-254.441666,92.659378,-1095.593018,-260.716064,49.097900,-1089.734741,-245.760300,10.997666,-1107.041138,-234.545639,87.102615,-1091.114380,-228.452118,43.819851,-1086.305542,-230.388885,5.650692,-1104.132324,-241.970581,100.037231,-1094.208008,-234.527557,118.887520,-1092.931152,-227.667160,131.776947,-1093.632568,-217.215698,150.133026,-1093.403564,-214.389557,155.343735,-1094.188232,-211.755966,160.378128,-1096.099243,-222.359100,146.490585,-1094.236206,-239.446777,150.131195,-1089.759399,-256.927490,169.568558,-1079.059937,-262.291901,191.580032,-1094.018799,-217.653595,142.915619,-1093.096436,-203.242920,132.022888,-1089.778198,-202.134995,106.420601,-1078.768188,-225.873749,109.693176,-1093.461426,-244.561615,90.922501,-1094.653809,-9.849983,-1.737520,1.134085,0.113231,-44.397713,0.156574,0.795149,-44.420311,0.989057,11.189800,0.223557,1.611621,-0.120357,-43.976551,0.190579,-0.213923,-42.162334,0.170710,-0.683489,9.336585,-1.157310,-0.116895,20.276154,-1.053233,0.509573,14.531666,-1.451127,0.035825,21.115816,0.051185,-0.086972,5.977937,-0.010845,-0.169180,5.988751,-0.201101,-2.702138,15.387087,-0.440561,-18.037779,0.140975,0.148129,-28.098169,0.075515,-0.509702,-27.703709,0.323924,-0.560699,3.234298,14.629051,0.108300,18.372274,-0.015566,-0.123066,27.901266,0.106054,-0.105553,28.133890,-0.126281,0.112975,0.976981,0.077179,-0.102529,-0.169586,0.973039,-0.118585,-0.142225,0.136488,0.907223,0.369102,-0.200288,0.014479,0.984175,-0.143042,-0.104089,-0.005044,0.918663,-0.166862,0.287178,0.213228,0.951367,0.283897,-0.118086,-0.007629,-0.981080,0.186849,0.020420,0.046009,0.999080,-0.039096,0.005516,-0.016287,0.998876,-0.038285,0.005127,-0.026967,0.998691,-0.025282,0.024215,-0.036660,0.997672,-0.067513,0.000607,0.008673,0.996844,-0.078746,0.000725,0.008984,0.941723,-0.052754,-0.330361,0.024645,0.965206,-0.127698,0.146480,0.174352,0.694181,-0.647650,0.298279,-0.084644,0.837904,-0.172758,0.442437,-0.244287,0.411919,-0.363338,-0.358627,-0.742196,-0.995567,0.050649,0.043851,0.064200,-0.901307,0.086456,0.086875,0.413780,-0.360675,-0.444885,0.348723,0.740753,-0.020563,-0.131128,0.033111,-0.120013
0.243126,0.842869,0.478180,0.871564,3.438329,0.761323,2.087205,0.699866,0.187544,20.368702,0.484641,2.139774,1.369215,0.417094,0.405701,0.125220,-242.785873,89.106567,-1095.340698,-253.281357,91.558746,-1095.118286,-260.822266,49.174011,-1084.812256,-245.529663,13.682131,-1105.798950,-232.858597,85.695854,-1093.314087,-227.090561,42.695141,-1086.761475,-230.577194,5.518020,-1104.863647,-239.644516,97.823135,-1094.671997,-231.497330,116.138321,-1092.109741,-224.267349,128.772369,-1091.072632,-212.594589,146.281265,-1088.821045,-209.624207,151.466766,-1089.165405,-206.973129,156.586411,-1090.828735,-218.177109,142.988663,-1089.058105,-233.680634,150.737793,-1083.973389,-250.019379,166.727371,-1068.219604,-249.755646,187.588409,-1049.562378,-213.684952,139.189514,-1090.680542,-200.062927,127.058678,-1091.988281,-203.429138,102.626831,-1078.650024,-222.795593,113.335526,-1096.354858,-242.765198,89.126732,-1095.290527,-10.664400,-1.284675,0.826020,0.065932,-44.261917,0.106125,0.607787,-43.955723,0.944652,10.546883,0.668159,1.537000,-0.164709,-43.873650,0.201094,-0.414183,-41.512745,0.313070,-0.137739,9.208884,-1.160892,0.272859,20.187206,-0.719184,0.554674,14.555649,-0.754908,-0.002970,21.158987,0.082048,-0.145825,5.984298,0.005446,-0.187087,5.995229,-0.154525,-2.844894,15.345376,-0.131328,-18.011307,0.844786,0.091814,-27.849220,1.077384,1.462482,-27.675329,-0.274924,-0.105346,3.175834,14.500173,-0.473527,18.252977,-0.102015,-0.241794,28.027737,-0.313323,-0.008640,28.342604,-0.011978,-0.036508,0.978777,0.094640,-0.034836,-0.178046,0.957468,-0.189435,-0.172418,0.132437,0.865504,0.455630,-0.207377,0.008165,-0.975283,0.164228,0.138869,0.050114,0.916693,-0.219146,0.271032,0.195315,0.936641,0.314639,-0.153602,0.009969,-0.977479,0.207802,0.030230,0.019799,0.999416,-0.019006,0.015194,-0.023713,0.998939,-0.018382,0.014899,-0.039316,0.996055,-0.005237,0.069738,-0.052360,0.995554,-0.083595,-0.041666,0.008409,0.994632,-0.097559,-0.032317,0.008268,0.917768,-0.055373,-0.390288,0.047683,0.987312,-0.133271,0.041827,0.073506,0.907830,-0.309487,0.212929,-0.030342,0.936397,0.006088,0.311065,-0.091060,0.339788,-0.785477,0.466908,-0.127313,-0.990838,0.083871,0.070758,0.074414,-0.851815,0.086310,0.208078,0.472627,-0.321061,-0.346349,0.226763,0.851450,0.121189,0.733247,-0.091940,0.660319
0.261552,0.413121,0.201679,2.359357,2.746204,1.735617,1.235463,0.544340,0.175104,12.134832,0.507801,2.527020,1.520634,0.392137,0.328177,0.215301,-240.868484,88.468483,-1093.563354,-251.478729,91.893471,-1092.971313,-259.007660,50.397926,-1080.140625,-244.753250,16.636951,-1103.537354,-231.588379,85.506973,-1093.522217,-226.219421,42.631886,-1086.786011,-230.580261,5.570078,-1105.353394,-237.220291,96.597168,-1092.285767,-228.589890,114.382133,-1089.806763,-221.241684,126.529251,-1088.568970,-209.276611,143.949448,-1087.612427,-206.272858,149.124847,-1088.102539,-203.783554,154.407181,-1089.509888,-215.340485,140.290298,-1086.994263,-231.386154,148.141296,-1082.975708,-243.718597,160.975159,-1061.041260,-232.133392,172.122299,-1038.841919,-210.459915,136.952423,-1088.953125,-196.579102,125.200378,-1090.284668,-202.483612,100.808296,-1077.746704,-219.303360,115.484787,-1095.164673,-240.858444,88.473442,-1093.542847,-11.145719,-0.599994,0.150688,-0.001447,-44.079113,0.060412,0.283194,-43.469833,0.488012,9.704325,0.657752,0.413097,-0.307551,-43.728321,-0.082943,-0.864926,-41.677311,-0.175765,0.416646,8.982402,-0.340404,0.598779,19.910343,-0.131973,0.674726,14.225751,0.126790,0.105071,21.156397,0.037069,-0.022193,6.004188,0.009096,-0.137737,6.006259,-0.005172,-2.970155,14.736990,0.431315,-18.321135,-0.569562,0.344078,-28.293583,-1.844537,1.409451,-27.370087,-0.221276,0.091860,3.202168,14.662231,-0.485434,18.237463,-0.044537,-0.177937,28.054678,-0.265701,0.058396,28.285873,0.008709,-0.099348,0.978314,0.093603,0.008131,-0.184430,0.947140,-0.217197,-0.195586,0.132233,0.847977,0.495234,-0.188833,0.000290,-0.972723,0.177647,0.131479,0.070411,0.924100,-0.227841,0.238476,0.192921,0.933726,0.320271,-0.159275,0.014491,0.975632,-0.217230,-0.030589,-0.003806,0.999428,-0.022684,0.007535,-0.023455,0.998960,-0.022110,0.007197,-0.038943,0.997980,-0.011702,0.033843,-0.051804,0.996879,-0.067859,-0.031324,0.024765,0.996218,-0.079424,-0.023761,0.025350,0.922574,-0.040066,-0.381035,0.045244,0.994784,-0.086227,0.011969,0.053046,0.915566,0.160112,0.320508,-0.170518,0.902383,0.074715,0.240225,-0.347530,0.602577,-0.405463,0.243739,-0.625513,-0.996151,0.040650,0.053695,0.055426,-0.829801,0.008959,0.253831,0.495767,-0.344233,-0.278716,0.313691,0.839226,0.100392,0.846237,-0.019984,0.522655
0.171396,0.682921,0.111790,1.107209,2.593579,1.147059,2.798015,0.366831,0.250485,8.671685,1.469892,3.381434,1.242446,0.662191,0.079589,0.388601,-239.679413,88.366989,-1092.062134,-249.952530,92.403633,-1090.587769,-256.414459,51.373505,-1076.117065,-244.252838,17.843891,-1100.377075,-230.792404,85.373322,-1093.412231,-225.503052,42.455978,-1086.110596,-230.522781,5.499434,-1105.487305,-235.874023,96.283768,-1090.962158,-227.015152,113.778214,-1088.483765,-219.456070,125.481010,-1086.839844,-207.059784,142.544876,-1085.176270,-204.096069,147.754364,-1085.439941,-201.840042,153.187210,-1086.674072,-213.559937,138.884949,-1084.826416,-229.369888,146.520782,-1079.501343,-241.951584,145.803833,-1054.105835,-221.223999,144.848862,-1036.075195,-208.112076,135.657257,-1086.551025,-194.295380,123.803009,-1089.038452,-201.838745,99.067680,-1078.428589,-220.167664,111.819412,-1095.269653,-239.691742,88.365234,-1092.045288,-11.127404,0.015990,-0.065162,-0.035928,-43.985680,0.040301,0.167473,-43.142025,0.213030,9.480172,0.427461,-0.119049,-0.309817,-43.854008,0.000240,-1.004570,-42.019920,-0.131305,0.502564,8.834506,-0.240360,0.587044,19.755919,-0.061271,0.744265,14.002747,0.375930,0.201203,21.154736,0.168189,-0.001939,5.999062,0.045169,-0.163702,6.008081,0.005649,-3.084934,14.453837,0.040378,-18.330660,-0.716032,0.093506,-28.344189,-1.358762,0.504602,-27.628502,0.032846,0.534194,3.452480,14.838729,0.217426,18.384930,0.044845,-0.088957,27.966448,0.067937,0.035957,28.004128,-0.083761,0.050404,0.976070,0.092327,0.052663,-0.189354,0.943200,-0.237051,-0.192295,0.130928,0.841904,0.502239,-0.197248,0.002159,-0.971565,0.181040,0.134752,0.071570,0.930235,-0.237226,0.208333,0.186860,0.923649,0.335329,-0.184641,0.016635,0.973069,-0.229728,-0.016722,0.008823,0.999610,-0.009775,0.010379,-0.023982,0.999107,-0.009407,0.010221,-0.039889,0.997478,-0.001309,0.047828,-0.052283,0.995179,-0.072890,-0.056394,0.033477,0.994806,-0.085681,-0.043036,0.034112,0.920946,-0.032714,-0.383880,0.058504,0.994792,-0.088460,-0.005728,0.049360,0.895921,0.113985,0.418356,0.078743,0.745505,0.282233,0.385837,-0.459832,0.775479,-0.006664,0.410391,-0.466026,-0.993464,0.051175,0.084217,0.055996,-0.810314,-0.061661,0.272873,0.514392,-0.410512,-0.326093,0.326606,0.784836,0.024295,0.262932,0.007720,0.125306
0.314172,0.316409,0.110803,0.432344,0.445769,0.513094,2.407089,0.434554,0.210655,7.090790,1.590248,3.279426,1.274166,0.703083,0.090310,0.311861,-238.635193,87.776237,-1089.084229,-248.392288,92.305534,-1087.090210,-253.685272,51.710300,-1071.146606,-244.865112,17.282555,-1095.218018,-229.989883,84.951073,-1092.307983,-224.827515,42.097752,-1084.864136,-230.564514,5.396721,-1105.474121,-234.715912,95.349113,-1087.384033,-225.814087,112.566139,-1084.566772,-218.590836,124.231056,-1083.122070,-206.474487,141.513016,-1082.161987,-203.658539,146.791000,-1082.589600,-201.560867,152.265579,-1083.895264,-212.883850,137.430267,-1081.282349,-228.304459,144.603760,-1073.612915,-239.002777,131.296295,-1051.342285,-215.832657,119.371048,-1040.994873,-207.336395,134.682419,-1083.390991,-193.568344,123.310959,-1088.443359,-199.677460,96.677170,-1083.089844,-222.250107,101.849747,-1098.127930,-238.640579,87.772514,-1089.084717,-10.920562,0.570609,-0.427450,-0.020585,-43.935837,0.032659,0.144097,-42.928875,-0.027162,9.553968,0.332885,-1.294379,-0.186626,-43.798367,-0.166592,-1.117588,-42.453979,-0.859530,0.493091,8.672379,0.425717,0.427237,19.580769,0.361394,0.392766,13.792045,0.257723,-0.012926,21.125488,-0.281381,-0.043281,5.996960,-0.057221,-0.107746,6.005170,-0.012553,-3.146569,14.161085,-0.003997,-18.694313,-0.105938,0.097339,-28.085934,0.115959,-0.366680,-27.939802,0.196259,0.144381,3.342485,14.990355,-0.039797,18.557156,0.148586,-0.027066,27.855318,0.472896,-0.106762,27.672726,-0.099142,-0.003507,0.971977,0.100228,0.088668,-0.193220,0.941920,-0.268400,-0.159947,0.122603,0.839727,0.493129,-0.227229,0.003631,-0.971943,0.186828,0.129255,0.060889,0.930208,-0.254663,0.198150,0.174913,0.915258,0.344368,-0.207322,0.026877,0.971414,-0.236277,-0.016913,0.015416,0.999654,-0.010100,0.007474,-0.023117,0.999185,-0.009779,0.007320,-0.038467,0.998131,-0.003189,0.034280,-0.050395,0.995149,-0.074672,-0.050691,0.038982,0.994596,-0.087802,-0.038370,0.039841,0.922511,-0.032778,-0.379737,0.060793,0.994256,-0.066114,0.043375,0.070089,0.819364,0.214812,0.469533,0.247166,0.679234,0.375603,0.454290,-0.436701,0.735709,0.265504,0.505819,-0.351817,-0.997381,0.042032,0.030562,0.048894,-0.825531,0.008064,0.151926,0.542763,0.401302,0.539931,-0.179977,-0.715444,-0.020540,-0.545114,0.176853,-0.815271
0.313271,0.392142,0.499904,0.662657,4.295271,0.220022,0.546270,0.052386,0.145707,5.208792,1.612345,2.919202,1.390916,0.716636,0.121593,0.209505,-238.003220,87.147690,-1085.953369,-247.700302,91.720261,-1083.600830,-250.850525,51.429554,-1066.338501,-246.142120,15.631292,-1089.325684,-229.449722,84.590683,-1090.450195,-224.103287,41.695351,-1083.783813,-230.551636,5.305624,-1105.478760,-234.085602,94.632187,-1083.950073,-225.416641,111.917221,-1081.030884,-218.651352,123.850594,-1079.980347,-207.087372,141.476059,-1079.158447,-204.487961,146.851624,-1079.659180,-202.621521,152.394363,-1081.008911,-213.269501,137.283630,-1077.432251,-228.319687,142.222427,-1067.631714,-235.014557,119.208290,-1053.100830,-213.569077,101.808937,-1048.383911,-207.847229,134.598633,-1080.528076,-194.404236,124.001572,-1087.798218,-200.000412,96.332481,-1088.437866,-224.338257,88.723000,-1099.678345,-238.019455,87.158699,-1086.005371,-10.942732,0.691743,-0.496795,-0.036732,-43.945347,0.061450,0.140151,-42.803429,-0.074378,9.737117,0.325105,-2.208047,-0.066313,-43.738380,-0.305725,-1.103244,-42.797905,-1.752488,0.434548,8.641437,0.720298,0.293160,19.553371,0.241569,0.257981,13.748549,-0.424415,0.148168,21.079485,-0.874916,-0.023365,5.988469,-0.207154,-0.063523,6.001791,-0.062181,-3.330523,14.316861,0.084802,-18.619343,0.051330,0.218968,-27.960514,0.415967,-0.038052,-27.981565,0.087802,-0.026340,3.426232,14.849947,-0.408613,18.589012,0.140601,-0.118833,28.223763,0.356862,0.015568,27.847464,0.512699,-0.463333,0.969945,0.105217,0.107052,-0.191490,0.941530,-0.298565,-0.103084,0.116880,0.845107,0.474454,-0.246315,0.000601,-0.971884,0.193588,0.125573,0.046714,0.930082,-0.257546,0.199681,0.169518,0.912507,0.343383,-0.220792,0.025824,0.969577,-0.242808,-0.021780,0.022016,0.999726,-0.005765,0.010156,-0.020105,0.999368,-0.005509,0.010066,-0.033475,0.997889,-0.000065,0.047041,-0.043512,0.994822,-0.083890,-0.045091,0.035086,0.993916,-0.098316,-0.034031,0.035777,0.922306,-0.042470,-0.378926,0.062873,0.991628,-0.033731,0.076370,0.097988,0.764760,0.185375,0.463117,0.406558,0.703565,0.460052,0.464977,-0.275322,0.669997,0.389181,0.630615,-0.006138,-0.996910,0.053993,0.008325,0.055410,-0.842061,0.009968,0.050954,0.536697,0.421164,0.733732,-0.120883,-0.517344,0.055558,-0.108675,0.203612,-0.968096
0.369789,0.462689,0.587742,0.585996,3.721212,0.578052,0.688782,0.111171,0.118193,4.503789,1.299774,2.015053,1.552800,0.571098,0.160188,0.125807,-237.986542,86.794945,-1084.463135,-247.514648,90.934074,-1081.474243,-249.050140,51.063362,-1062.957520,-248.101135,13.533260,-1083.484741,-229.264099,84.423454,-1089.359863,-223.561462,41.500565,-1083.239868,-230.582672,5.290883,-1105.459961,-234.229156,94.363495,-1082.526978,-226.016479,111.755379,-1079.008789,-219.744080,123.799019,-1077.116821,-209.315323,141.922699,-1074.454590,-207.027100,147.450928,-1074.557007,-205.457397,153.124298,-1075.730591,-214.996384,137.389038,-1073.000488,-229.902710,140.431183,-1062.348145,-233.019119,113.374649,-1056.102173,-214.060501,93.041893,-1058.506226,-210.214493,135.282959,-1077.179321,-197.081680,125.928070,-1086.228882,-201.728714,98.468575,-1092.261353,-221.163391,78.099983,-1096.776367,-237.992447,86.794327,-1084.467285,-10.785979,0.630057,-0.158627,-0.011100,-43.985332,0.080181,0.269933,-42.784294,-0.036245,10.021484,0.319446,-2.270391,0.027199,-43.729427,-0.334801,-0.829735,-42.992310,-2.224388,0.374905,8.645555,0.528333,0.239694,19.551258,0.203976,0.276981,13.706925,-0.254228,0.281740,21.071075,-0.430279,0.015496,5.982466,-0.126163,-0.014080,6.001319,-0.083220,-3.266195,14.609418,0.243606,-18.567244,0.098888,0.206378,-27.888025,0.386666,0.011995,-27.879412,0.068966,-0.073591,3.360676,14.524662,-0.590393,18.487251,0.025326,-0.430822,28.516647,0.054727,0.514925,28.386816,1.096940,-0.588899,0.968501,0.115683,0.122863,-0.183104,0.936433,-0.331896,-0.057018,0.098403,0.856097,0.450856,-0.252600,-0.004222,0.974688,-0.190630,-0.115187,-0.019333,0.927501,-0.266022,0.211883,0.155172,0.909848,0.343066,-0.231762,0.027711,0.968192,-0.246299,-0.035363,0.026258,0.999746,0.001625,0.018554,-0.012658,0.999603,0.001755,0.018562,-0.021113,0.995868,0.006129,0.086540,-0.026811,0.994158,-0.093944,-0.050040,0.017898,0.993043,-0.109838,-0.038461,0.017909,0.918028,-0.056119,-0.387728,0.061172,0.995065,-0.007869,0.045762,0.087681,0.710881,0.138719,0.444708,0.526885,0.690240,0.575337,0.415063,-0.142288,0.636958,0.559315,0.482174,0.220649,-0.994384,0.058554,0.036117,0.080415,0.856986,0.063396,-0.017809,-0.511090,0.551269,0.780120,-0.171049,-0.240848,-0.039348,0.326054,0.047827,-0.741770
0.268678,0.450706,0.220029,0.419849,5.929899,4.530516,1.832464,0.878417,0.212057,3.572325,0.965206,0.222089,0.649468,0.266998,0.091098,0.234757,-238.572647,86.909645,-1083.641602,-248.023117,90.540550,-1080.324951,-248.810333,51.046261,-1060.880005,-250.166733,11.846916,-1078.137573,-229.425720,84.603012,-1088.535522,-223.744492,41.544678,-1083.120361,-230.618118,5.282308,-1105.380859,-235.162811,94.686951,-1081.687256,-227.490143,112.290749,-1077.667480,-221.761703,124.522797,-1074.825806,-211.875702,142.761612,-1070.981445,-209.767395,148.359695,-1070.804932,-208.472183,154.131668,-1071.807007,-217.142288,138.076660,-1069.960693,-231.723557,140.303741,-1058.822266,-232.609207,112.421417,-1058.583008,-216.685196,91.248161,-1067.260010,-212.818741,136.269730,-1074.385498,-199.731323,128.041611,-1084.032471,-203.002548,101.837860,-1094.175903,-213.712250,75.620743,-1093.226196,-238.585297,86.921150,-1083.646362,-10.644589,0.437342,0.017555,-0.009257,-44.026669,0.090914,0.328688,-42.845730,0.018314,10.448304,0.351542,-1.926368,0.078557,-43.767769,-0.292630,-0.480199,-43.047619,-2.076598,0.121982,8.706635,0.355459,-0.084487,19.618685,0.211131,-0.244550,13.800716,0.142115,-0.035038,21.097864,-0.047932,-0.017302,5.984221,-0.029355,-0.015455,5.999266,-0.067548,-3.243245,14.761079,0.480860,-18.482483,0.120346,0.215674,-27.868708,0.282563,-0.008149,-27.852627,-0.023079,-0.005773,3.090768,14.430324,-0.631162,18.216398,-0.111805,-0.332315,28.253885,-0.282520,0.831151,28.189430,0.886720,-0.269091,0.967863,0.122535,0.133975,-0.173999,0.931880,-0.351662,-0.037817,0.080608,0.870596,0.422137,-0.252463,-0.010774,0.978979,-0.175527,-0.103827,0.001992,0.929235,-0.263868,0.215486,0.143042,0.910264,0.337000,-0.238740,0.029211,0.967894,-0.246939,-0.039058,0.026002,0.999747,0.005485,0.018779,-0.011143,0.999634,0.005523,0.018813,-0.018639,0.995846,0.008263,0.087683,-0.023122,0.994060,-0.099102,-0.040804,0.018912,0.992600,-0.115810,-0.031161,0.019031,0.919188,-0.061960,-0.384078,0.061134,0.995082,0.002686,0.055270,0.082139,0.639562,0.209614,0.498992,0.545844,0.721575,0.590749,0.341500,-0.116993,0.648758,0.634187,0.262771,0.327970,-0.995354,0.058972,0.025613,0.071651,0.871774,0.058361,0.041441,-0.484608,0.600366,0.762631,-0.237694,-0.035133,0.257744,-0.721499,0.074094,0.636968
0.155844,0.288491,0.223224,1.451888,3.286262,1.945660,1.355325,0.418764,0.113767,6.201622,1.137622,0.977314,0.597787,0.178070,0.121280,0.201704,-239.616333,87.617409,-1082.723389,-249.120529,90.730415,-1079.344971,-249.353745,51.261948,-1059.764282,-252.193054,10.412502,-1072.563843,-229.917755,85.304893,-1087.596436,-224.398529,42.025406,-1083.328735,-230.724106,5.399084,-1105.249512,-236.563141,95.620110,-1080.659912,-229.360703,113.411987,-1076.154907,-223.900650,125.787437,-1072.743896,-214.441864,144.055756,-1068.015381,-212.550507,149.717667,-1067.581055,-211.675400,155.608841,-1068.272949,-219.574158,139.311356,-1067.238159,-233.764847,140.789322,-1055.704956,-234.014130,113.283379,-1060.569336,-220.409149,92.942535,-1074.041382,-215.288559,137.722397,-1071.525024,-202.252350,130.432861,-1081.821167,-203.791809,106.109818,-1095.624878,-204.516769,78.337311,-1091.181152,-239.631241,87.632530,-1082.708984,-10.554778,0.201698,0.013935,0.006814,-44.057716,0.086983,0.362757,-42.898998,0.032589,10.983489,0.288870,-1.594873,0.134961,-43.838306,-0.233329,-0.041601,-43.118439,-1.698945,-0.101293,8.807553,0.258319,-0.213104,19.715538,0.145253,-0.309718,13.947006,0.156230,0.046445,21.107281,-0.063941,-0.061559,5.984830,-0.030891,-0.260379,5.989972,-0.040550,-3.206258,14.881874,0.299519,-18.341648,0.086746,0.082720,-27.922646,-0.031587,0.017767,-27.924753,-0.100730,0.133830,3.007527,14.457439,-0.395061,18.138842,-0.111589,-0.249074,28.001196,-0.309171,0.515705,28.107023,0.479049,-0.168231,0.968116,0.129017,0.140853,-0.162062,0.930078,-0.360221,-0.027430,0.066636,0.895890,0.372994,-0.240686,-0.016513,0.984824,-0.142853,-0.093366,0.031080,0.933447,-0.253598,0.216456,0.132319,0.915250,0.321990,-0.240616,0.027193,0.969564,-0.240824,-0.038877,0.020912,0.999650,0.011150,0.022017,-0.009567,0.999565,0.011082,0.022083,-0.016109,0.994441,0.012247,0.102872,-0.018827,0.993429,-0.104853,-0.043245,0.015336,0.991800,-0.122463,-0.033199,0.015274,0.917623,-0.066844,-0.386666,0.063167,0.996311,-0.003301,0.049975,0.069682,0.586217,0.259883,0.517367,0.566647,0.699633,0.638666,0.297841,-0.117793,0.619285,0.669739,0.115536,0.392795,-0.994134,0.070636,0.030499,0.076006,0.890943,0.007873,0.107931,-0.440897,0.590596,0.733340,-0.317658,0.110049,0.315780,-0.872965,0.225877,0.291479
0.190781,0.284015,0.195985,1.716653,4.197390,1.312265,1.257169,0.511239,0.088021,4.454814,2.269274,1.750537,0.934857,0.573605,0.169473,0.168573,-240.882111,88.769493,-1081.436157,-250.493454,91.399063,-1078.073120,-250.509232,51.366646,-1059.625977,-254.396912,9.117480,-1066.179688,-230.700943,86.482513,-1086.369995,-225.269379,42.973625,-1083.859985,-230.808395,5.703460,-1105.096924,-238.139633,96.980377,-1079.272949,-231.386383,115.001785,-1074.522095,-226.170624,127.544556,-1070.802856,-217.133087,145.924667,-1065.678345,-215.442749,151.640213,-1065.053345,-214.799622,157.589905,-1065.533691,-222.109299,140.966202,-1065.074585,-235.956528,141.887558,-1053.225098,-236.157074,114.694199,-1059.839966,-223.750656,96.221375,-1076.855957,-217.676270,139.686752,-1069.130859,-204.656097,133.377045,-1080.063721,-205.239792,111.570198,-1097.881958,-195.033005,86.664742,-1089.910156,-240.885147,88.776505,-1081.427368,-10.517087,-0.018276,-0.076007,0.014924,-44.079597,0.077616,0.312833,-42.928581,0.038330,11.463098,0.194920,-1.331701,0.193339,-43.918110,-0.171708,0.408897,-43.232674,-1.275533,-0.254718,8.915599,0.250909,-0.278348,19.819859,0.168981,-0.346208,14.077036,0.231373,0.044148,21.112751,-0.024453,0.010188,5.992869,-0.011313,-0.035005,6.003253,-0.029966,-3.124627,14.816886,0.232244,-18.249649,0.004229,0.159757,-27.979532,-0.257204,0.007614,-28.003540,-0.067879,0.184072,3.009435,14.606355,-0.058131,18.134850,-0.084689,-0.125362,28.165796,-0.233904,0.052486,28.049534,-0.104739,0.032904,0.968988,0.129687,0.148799,-0.148638,0.935680,-0.346902,-0.027862,0.058062,0.930027,0.290510,-0.223075,-0.025438,0.989148,-0.099734,-0.079831,0.071854,0.938545,-0.232822,0.221695,0.125550,0.922755,0.296661,-0.244812,0.023675,0.973353,-0.225120,-0.043001,0.005870,0.999564,0.014213,0.024200,-0.009194,0.999485,0.014096,0.024282,-0.015554,0.993325,0.014604,0.113079,-0.017370,0.993216,-0.105443,-0.041801,0.025605,0.991526,-0.123311,-0.031596,0.025890,0.920223,-0.062809,-0.380176,0.068627,0.997267,-0.007398,0.040583,0.061120,0.565320,0.288007,0.529893,0.562716,0.665482,0.667696,0.313165,-0.114753,0.557223,0.672685,0.061357,0.482650,-0.994210,0.075716,0.026539,0.071479,0.904237,-0.016197,0.166002,-0.392979,0.537636,0.675431,-0.412383,0.288980,0.305097,-0.832357,0.444583,-0.108390
0.375863,0.408949,0.259781,1.533235,3.785285,0.315523,1.408933,0.728200,0.121601,3.495575,1.651326,1.565939,1.027933,0.391542,0.223778,0.079189,-241.755676,89.721329,-1079.979858,-251.513458,91.946930,-1076.418335,-251.664078,51.096394,-1059.861938,-256.046997,8.376595,-1061.002686,-231.336700,87.551338,-1085.013062,-225.871948,43.914280,-1084.348267,-230.732269,6.036651,-1104.931030,-239.215897,98.078606,-1077.831055,-232.858490,116.313843,-1073.077637,-227.863342,129.022385,-1069.328125,-219.354584,147.631409,-1064.137207,-217.871658,153.396347,-1063.392822,-217.497345,159.383179,-1063.623047,-224.306824,142.620804,-1063.708618,-237.779343,143.019867,-1051.366699,-237.776108,115.654427,-1057.246216,-225.111938,98.612617,-1075.556519,-219.495682,141.397202,-1067.513916,-206.489914,135.922287,-1078.935547,-206.611725,116.935425,-1099.929565,-189.429810,97.120667,-1090.206055,-241.756042,89.723633,-1079.965332,-10.624990,-0.155030,-0.143815,-0.005882,-44.079319,0.053963,0.112158,-42.957458,-0.028554,11.725343,0.104760,-1.029435,0.217928,-43.982960,-0.113849,0.721130,-43.366787,-0.923435,-0.270425,8.988083,0.235679,-0.239822,19.885975,0.180875,-0.275142,14.155394,0.252088,0.026344,21.110275,-0.032080,0.007938,5.999019,-0.006035,-0.048992,6.002662,0.004888,-3.148736,14.810020,-0.102548,-18.277824,0.022002,0.011815,-27.989475,-0.215992,-0.021522,-28.033155,-0.020153,0.151877,3.102281,14.724375,0.206492,18.155090,-0.069402,-0.038709,28.306993,-0.189999,0.020099,27.958105,-0.249193,0.239572,0.968921,0.128118,0.163302,-0.134509,0.945005,-0.322156,-0.031092,0.046719,0.954929,0.206976,-0.210344,-0.028355,0.989291,-0.058425,-0.080468,0.106483,0.943440,-0.210523,0.226193,0.120069,0.929044,0.270596,-0.251416,0.020500,-0.442761,0.087768,0.025178,0.012643,0.999540,0.015577,0.024557,-0.008616,0.999470,0.015427,0.024643,-0.014616,0.993148,0.015324,0.114753,-0.015910,0.993433,-0.102394,-0.040938,0.030476,0.991835,-0.119834,-0.030727,0.030950,0.921609,-0.058586,-0.377366,0.069267,0.997191,-0.011338,0.047412,0.056597,0.581860,0.286044,0.521654,0.554446,0.644884,0.670232,0.347692,-0.118245,0.511976,0.664265,0.076340,0.539155,-0.995328,0.066682,0.022100,0.066176,0.911899,0.040710,0.186281,-0.363061,0.247464,0.228631,-0.200082,0.228970,0.272240,-0.673246,0.579247,-0.366269
0.087277,0.423564,0.239015,0.769323,2.082767,0.525479,1.924071,0.233035,0.089512,4.766113,1.021749,1.330243,0.771873,0.400502,0.172675,0.090821,-242.300232,90.257347,-1078.325317,-252.380539,92.078407,-1074.470337,-252.298889,50.593567,-1059.567505,-256.627747,7.831170,-1057.664307,-231.820068,88.328194,-1083.371460,-226.233749,44.682201,-1084.546631,-230.725494,6.509952,-1104.695923,-239.948578,98.749603,-1076.290161,-234.106949,117.242104,-1071.692871,-229.428574,130.156815,-1068.065430,-221.623947,149.091003,-1062.961792,-220.332840,154.899857,-1062.157715,-220.113052,160.898254,-1062.206421,-226.396576,143.925705,-1062.505127,-239.563690,143.748444,-1049.784302,-238.705536,116.105476,-1053.937134,-225.086731,99.394485,-1071.848267,-221.390778,142.873642,-1066.370605,-208.378342,138.411423,-1078.307983,-208.414719,122.428955,-1101.718384,-187.389023,107.348373,-1091.246948,-242.294769,90.249496,-1078.325684,-10.944448,-0.267777,-0.172243,-0.038423,-44.080040,0.027171,-0.151478,-43.017197,-0.108130,11.764033,0.041971,-0.752247,0.212205,-44.015915,-0.079227,0.810928,-43.381821,-0.683270,-0.188205,9.039020,0.200008,-0.162508,19.928825,0.165148,-0.167656,14.203442,0.236326,-0.001742,21.105803,-0.055643,0.006378,6.004588,-0.010637,-0.033352,6.002297,0.028546,-3.178372,14.816087,-0.206619,-18.308411,0.047093,-0.010557,-27.966124,-0.083898,0.002078,-28.026621,0.019196,0.104483,3.211513,14.790725,0.300466,18.212496,0.058147,-0.133067,28.338293,-0.039157,-0.059494,27.888239,-0.229882,0.249570,0.969381,0.123197,0.176625,-0.117979,0.953422,-0.298528,-0.025223,0.034901,0.967777,0.154031,-0.197297,-0.026985,0.990270,-0.041870,-0.075183,0.109322,0.948376,-0.185078,0.229793,0.116234,0.934582,0.248978,-0.253573,0.016145,-0.980823,0.179621,0.060753,0.044850,0.999520,0.016239,0.025133,-0.008021,0.999460,0.016070,0.025217,-0.013643,0.992855,0.015569,0.117417,-0.014484,0.994102,-0.096541,-0.038854,0.030487,0.992682,-0.112997,-0.029156,0.031025,0.922112,-0.055299,-0.377336,0.065337,0.997312,-0.013749,0.046041,0.055306,0.607184,0.274429,0.513325,0.540830,0.651357,0.652569,0.369418,-0.115756,0.511994,0.647623,0.104789,0.554475,-0.996760,0.049793,0.021258,0.059435,0.909187,0.111972,0.197270,-0.349060,0.552281,0.435199,-0.433162,0.563571,0.269891,-0.519122,0.640800,-0.496632
0.221264,0.193385,0.195716,0.497437,2.263837,1.638713,1.254226,0.255285,0.070602,4.349475,0.609844,1.141214,0.455482,0.410162,0.094410,0.246343,-242.630035,90.194481,-1076.537476,-253.192963,91.480370,-1072.433105,-252.176437,49.548653,-1058.799683,-256.000641,6.448916,-1057.128296,-232.104492,88.665108,-1081.435913,-226.399872,45.106441,-1084.077148,-230.786850,7.107081,-1104.329712,-240.498123,98.836517,-1074.699097,-235.317276,117.625061,-1070.353271,-231.073715,130.782272,-1066.907349,-224.133987,150.073929,-1061.908081,-223.023499,155.921005,-1061.084229,-222.886185,161.920532,-1061.016479,-228.589554,144.634018,-1061.305542,-241.714645,143.998978,-1048.554077,-239.762512,116.186668,-1050.688721,-224.879745,99.166740,-1067.226440,-223.574112,143.929108,-1065.416504,-210.472900,140.304764,-1077.538818,-211.031998,126.987999,-1102.484009,-188.087723,115.047333,-1092.007446,-242.628891,90.175331,-1076.535645,-11.391786,-0.492543,-0.058175,-0.080823,-44.105438,-0.021271,-0.458552,-43.313297,-0.167068,11.693476,0.099100,-0.614812,0.201712,-44.007618,-0.059365,0.811571,-43.264725,-0.607283,-0.045403,9.088925,0.144624,-0.051691,19.968878,0.132115,-0.042511,14.246965,0.197698,-0.026200,21.102789,-0.078631,0.014536,6.008241,-0.019820,0.003871,6.001271,0.039462,-3.207549,14.802876,-0.114309,-18.309723,0.039179,0.020366,-27.963165,0.019769,0.034049,-28.013557,0.027380,0.062271,3.305836,14.843329,0.231142,18.214262,-0.026259,-0.027923,28.276600,-0.023216,0.053038,27.898304,-0.160944,0.115339,0.972001,0.113966,0.179938,-0.099157,0.959605,-0.277006,-0.032524,0.036410,0.975136,0.142264,-0.167113,-0.028969,0.994648,-0.039615,-0.045459,0.083526,0.952164,-0.157043,0.236945,0.112031,0.938487,0.237190,-0.250606,0.013356,-0.982812,0.157149,0.065114,0.071449,0.999485,0.017150,0.026090,-0.007466,0.999432,0.016960,0.026174,-0.012744,0.992332,0.016046,0.121855,-0.013047,0.995122,-0.089120,-0.032306,0.027212,0.993866,-0.104245,-0.024239,0.027761,0.922517,-0.053727,-0.377852,0.057444,0.997728,-0.012634,0.039124,0.053344,0.627978,0.269207,0.515929,0.516670,0.676679,0.621178,0.378118,-0.114849,0.545752,0.627965,0.142544,0.535964,-0.998025,0.033059,0.016739,0.050620,0.901367,0.140643,0.227874,-0.340284,-0.548400,-0.351170,0.454167,-0.607888,0.289457,-0.418174,0.681361,-0.526137
0.291497,0.318794,0.243815,0.922834,5.223254,1.467978,0.413274,0.639713,0.071952,2.170538,1.546273,0.987642,0.289300,0.520979,0.278509,0.361021,-242.922653,89.661339,-1074.705078,-253.826981,90.340111,-1070.490112,-252.227524,48.230553,-1057.444458,-255.824463,4.854856,-1056.830078,-232.250748,88.684799,-1079.385742,-226.293213,45.255486,-1082.767090,-230.930405,7.976548,-1103.658813,-241.095917,98.426529,-1073.069702,-236.687012,117.472580,-1068.968872,-233.006378,130.841263,-1065.663452,-227.040527,150.464920,-1060.693359,-226.115936,156.345001,-1059.864746,-226.042206,162.343903,-1059.743652,-231.169250,144.768005,-1060.012695,-244.420868,143.664062,-1047.453735,-241.322571,115.864655,-1047.624023,-225.139984,98.246758,-1062.212891,-226.194855,144.366776,-1064.287964,-212.914688,141.784439,-1076.515991,-214.247009,129.819366,-1102.055176,-190.229874,119.576950,-1092.151489,-242.920959,89.668129,-1074.691284,-11.690049,-0.706949,0.013132,-0.098463,-44.110195,-0.052192,-0.568256,-43.507740,-0.060014,11.681841,0.303741,-0.443961,0.195291,-43.965797,-0.030658,0.857862,-42.974380,-0.598181,0.043950,9.098871,0.074737,0.014460,19.973488,0.084429,0.019232,14.252088,0.150698,-0.051363,21.104706,-0.091045,0.018407,6.009708,-0.026263,0.037161,6.000310,0.042154,-3.233453,14.792506,-0.026829,-18.291071,0.023641,0.022259,-27.973392,0.084132,0.068136,-28.026653,0.019102,0.083630,3.335241,14.834465,0.133996,18.236702,-0.004095,-0.041738,28.232086,-0.060993,0.052845,27.922277,-0.141520,0.124160,0.974595,0.104030,0.181532,-0.079749,0.963234,-0.259649,-0.058778,0.035628,0.982143,0.149051,-0.110280,-0.031169,0.996362,-0.032518,-0.047494,0.062203,0.956456,-0.134572,0.236336,0.105845,0.940944,0.241642,-0.236737,0.012329,-0.983649,0.135964,0.066335,0.097412,0.999461,0.018417,0.026391,-0.006471,0.999422,0.018187,0.026472,-0.011114,0.992183,0.016420,0.123235,-0.010721,0.996100,-0.082295,-0.023504,0.021231,0.994969,-0.096154,-0.017633,0.021705,0.922665,-0.053725,-0.378813,0.047946,0.998096,-0.011336,0.031398,0.051809,0.645575,0.268379,0.521066,0.489538,0.704271,0.592095,0.373714,-0.117075,0.585745,0.611325,0.217901,0.484432,-0.998930,0.018136,0.011753,0.040697,0.894544,0.123762,0.258134,-0.343160,-0.546405,-0.310289,0.501533,-0.594498,0.307245,-0.356593,0.730654,-0.494162
0.374029,0.357360,0.296985,1.064789,6.237396,1.102462,0.641901,1.167454,0.079793,2.429378,1.312634,1.268512,0.337326,0.664675,0.345069,0.271824,-243.272263,89.635765,-1072.684937,-254.573532,90.137909,-1068.421875,-253.221451,48.148937,-1055.143555,-255.905945,5.012560,-1056.482178,-232.453140,89.092400,-1077.165283,-225.677383,45.795372,-1080.367188,-231.372940,9.645700,-1102.491577,-241.790390,98.426910,-1071.255371,-238.265503,117.634636,-1067.360229,-235.275787,131.110352,-1064.112915,-230.460358,151.021042,-1059.011353,-229.749664,156.927109,-1058.158936,-229.753448,162.924927,-1058.010132,-234.255890,145.040649,-1058.359497,-247.755234,143.292877,-1046.158447,-243.399887,115.682343,-1044.539795,-225.706268,97.222427,-1056.060669,-229.286179,144.978256,-1062.692383,-215.805756,143.305847,-1074.921997,-217.836349,131.421875,-1100.369019,-193.150589,121.686325,-1091.594971,-243.277206,89.641472,-1072.686157,-12.076739,-0.504046,-0.177296,-0.126576,-44.058395,-0.092656,-0.744315,-43.233078,-0.062253,11.717143,0.358270,-0.185849,0.175055,-43.941002,0.007619,0.817733,-42.751644,-0.561100,0.137872,9.027119,0.029316,0.069616,19.911850,0.052749,0.046548,14.178515,0.125775,-0.071584,21.109482,-0.080482,0.018420,6.009256,-0.025192,0.063835,5.999194,0.038897,-3.255983,14.750189,0.043810,-18.279596,-0.003237,0.012336,-27.996157,0.118490,0.086284,-28.043091,0.096677,-0.086576,3.336769,14.800113,0.057060,18.277618,0.009714,-0.028254,28.157721,-0.017477,0.028609,27.948149,-0.086544,0.078153,0.976449,0.093692,0.185316,-0.058504,0.966849,-0.249476,-0.053263,0.010673,0.978890,0.172713,-0.108775,-0.009622,0.997487,-0.026494,-0.060324,0.025817,0.960340,-0.123093,0.230260,0.097849,0.939450,0.269576,-0.211175,0.012376,-0.983271,0.111752,0.066284,0.127616,0.999448,0.020680,0.025576,-0.004660,0.999430,0.020373,0.025644,-0.008126,0.992676,0.016954,0.119413,-0.006676,0.996940,-0.076027,-0.012813,0.012869,0.995922,-0.088728,-0.009601,0.013185,0.922631,-0.054526,-0.380010,0.037015,0.998404,-0.006831,0.024489,0.050426,0.667009,0.253977,0.519037,0.470305,0.730755,0.572524,0.354539,-0.111816,0.629411,0.583210,0.317959,0.403124,-0.999208,0.007445,0.005882,0.038627,0.885843,0.099918,0.276402,-0.359017,-0.554920,-0.301541,0.537885,-0.558396,0.311123,-0.328659,0.782788,-0.427067
0.202386,0.285401,0.110108,0.360069,4.227334,1.156209,2.306709,0.936317,0.219662,1.752445,1.268511,1.692059,0.534504,0.688922,0.323435,0.184141,-243.886993,89.691475,-1070.724854,-255.109299,89.963692,-1066.295288,-254.513428,48.026230,-1052.932495,-255.839127,5.034518,-1056.375488,-233.028870,89.487167,-1075.162354,-224.611191,46.408810,-1077.040161,-232.054611,11.673251,-1100.714111,-242.697510,98.482849,-1069.373657,-239.910950,117.773949,-1065.556152,-237.621780,131.324646,-1062.324829,-233.940308,151.445755,-1057.089355,-233.426941,157.368164,-1056.210938,-233.485550,163.365051,-1056.035156,-237.435684,145.209763,-1056.519531,-251.179672,142.816040,-1044.710327,-245.759125,115.527733,-1041.291870,-227.072784,96.112640,-1049.265137,-232.416748,145.488983,-1060.802002,-218.711624,144.458542,-1072.941162,-221.210678,130.823227,-1097.331787,-196.369476,120.008568,-1090.371460,-243.892197,89.691818,-1070.717651,-12.049352,-0.357648,-0.404222,-0.109518,-44.018524,-0.069550,-0.784340,-43.137814,-0.061533,11.719191,0.379280,0.247016,0.129660,-43.933826,0.079840,0.748728,-42.684200,-0.288311,0.144387,8.972633,0.002345,0.046318,19.861343,0.016955,-0.020966,14.117223,0.055339,-0.088126,21.113438,-0.083270,0.012657,6.009048,-0.022007,0.073059,5.999145,0.044467,-3.273338,14.690476,0.071711,-18.277834,-0.026005,0.013616,-28.028194,0.154510,0.100739,-28.096556,0.144454,-0.133689,3.328997,14.796949,-0.005558,18.337337,0.044420,-0.006569,28.054440,0.087901,0.010385,27.974131,0.000616,0.019520,0.974204,0.089282,0.202974,-0.041862,0.963145,-0.240498,-0.120183,-0.003415,0.978722,0.193253,-0.068375,0.006557,0.997770,-0.046468,-0.047740,0.002648,0.958898,-0.137881,0.231650,0.088505,0.927291,0.322361,-0.188548,0.024743,-0.978972,0.084198,0.070358,0.171849,0.999540,0.020836,0.021956,-0.001755,0.999543,0.020469,0.021986,-0.003238,0.994616,0.015447,0.102455,-0.001006,0.997561,-0.069600,-0.002759,0.004191,0.996687,-0.081181,-0.002032,0.004311,0.922581,-0.053895,-0.381110,0.026329,0.998568,-0.002449,0.020581,0.049314,0.695004,0.217148,0.502098,0.466555,0.758330,0.555152,0.330948,-0.084825,0.646170,0.558569,0.406395,0.324343,0.999027,-0.010319,-0.000187,-0.042867,0.871471,0.088837,0.274541,-0.396542,-0.581988,-0.328497,0.533651,-0.518201,0.306846,-0.344221,0.815361,-0.349915
0.272652,0.122871,0.034780,0.603572,4.837876,1.237089,1.423600,1.240178,0.285023,1.777655,1.984846,1.134661,0.563257,0.357590,0.176833,0.291118,-245.123398,89.825821,-1068.452881,-256.322174,90.059624,-1063.554443,-255.059143,47.741577,-1051.611450,-255.803299,5.080572,-1056.409058,-234.534332,89.741653,-1072.998413,-223.916336,47.123951,-1072.526367,-233.219650,13.970835,-1097.860962,-244.042572,98.608047,-1067.208740,-241.719864,117.945747,-1063.511353,-239.931686,131.542664,-1060.339355,-237.161850,151.801605,-1055.062256,-236.819275,157.729431,-1054.140381,-236.957199,163.722061,-1053.870483,-240.432968,145.372604,-1054.528564,-254.429886,142.475006,-1043.110474,-248.546036,115.542290,-1037.838501,-229.626572,95.250015,-1042.512207,-235.334183,145.916138,-1058.750610,-221.387054,145.321930,-1070.739746,-224.299866,128.737839,-1093.034668,-200.328857,115.022537,-1088.355347,-245.129272,89.826683,-1068.458252,-12.223977,-0.150355,-0.246408,-0.182489,-43.988876,-0.035721,-1.195396,-42.920715,0.195288,11.514841,0.288398,0.281645,0.073699,-43.920429,0.078346,0.563264,-42.743500,-0.150522,0.216510,8.933361,-0.014729,0.053156,19.824621,0.000078,-0.045392,14.076057,0.006823,-0.077507,21.116400,-0.087542,0.008460,6.008781,-0.017536,0.052146,5.999823,0.051901,-3.296113,14.641830,0.104990,-18.294075,-0.035276,0.026919,-28.065580,0.190256,0.095753,-28.127789,0.160915,-0.152991,3.342471,14.801575,-0.040437,18.400639,0.062985,0.023663,27.937710,0.204127,0.039261,28.008625,0.108085,-0.080267,0.972768,0.084779,0.213205,-0.032819,0.962738,-0.221771,-0.154644,0.005867,0.979736,0.195297,-0.044244,0.004012,-0.996564,0.068216,0.045757,0.010450,0.952859,-0.168625,0.238033,0.083381,0.906215,0.386591,-0.164300,0.047654,-0.971342,0.050443,0.053942,0.225810,0.999611,0.020227,0.019177,0.001195,0.999618,0.019828,0.019167,0.001725,0.995891,0.013759,0.089368,0.004857,0.998016,-0.062949,0.000039,0.000590,0.997300,-0.073423,0.000047,0.000611,0.928872,-0.050294,-0.366405,0.020254,0.998648,-0.000477,0.017450,0.048944,0.722999,0.173506,0.477099,0.468536,0.774051,0.549225,0.310412,-0.053158,0.662066,0.515147,0.473455,0.268371,0.998798,-0.012515,0.004964,-0.047124,0.851507,0.057356,0.264091,-0.449246,-0.616249,-0.393287,0.506805,-0.456670,0.284605,-0.432346,0.813229,-0.265444
0.244851,0.160523,0.192363,0.505678,3.237155,1.338757,0.779865,0.662806,0.176503,11.220033,1.025815,1.421772,0.499044,0.399017,0.102593,0.161756,-246.335541,89.952194,-1066.595947,-257.471344,90.057533,-1061.735718,-255.600082,47.590103,-1050.402100,-255.791412,5.099281,-1056.428345,-235.993439,90.055847,-1071.081421,-223.887161,47.965023,-1067.866821,-234.463226,15.766217,-1093.781738,-245.311829,98.725090,-1065.378418,-243.308029,118.087250,-1061.745605,-241.825684,131.699448,-1058.615356,-239.759613,152.039444,-1053.315918,-239.581116,157.967056,-1052.356567,-239.849487,163.950928,-1052.009888,-242.873886,145.494034,-1052.834839,-257.162811,142.501312,-1041.768433,-251.492447,115.890945,-1034.819702,-232.859253,94.898514,-1036.875244,-237.701187,146.190063,-1056.986572,-223.619034,145.899857,-1068.911743,-226.979446,126.219948,-1088.334351,-204.860443,109.183998,-1085.724243,-246.335983,89.952736,-1066.594360,-12.142790,-0.124571,-0.238310,-0.155207,-43.992790,-0.039647,-1.239588,-42.899277,0.229034,11.266803,0.319144,0.212610,0.026497,-43.912430,0.078378,0.350230,-42.657295,0.011964,0.283967,8.911311,0.019692,0.113858,19.801144,0.023058,0.020431,14.045593,0.019985,-0.053556,21.119820,-0.073666,0.010407,6.007308,-0.013384,0.039700,5.999503,0.048814,-3.302449,14.625246,0.102204,-18.320467,-0.028155,0.029981,-28.078724,0.209726,0.057063,-28.139624,0.156960,-0.159267,3.363194,14.774904,-0.051588,18.453739,0.063689,0.034317,27.850182,0.273883,0.101159,28.035645,0.211326,-0.237989,0.973285,0.081749,0.212999,-0.025742,0.967013,-0.213620,-0.138687,0.003963,0.977604,0.203032,-0.054554,0.009519,-0.994970,0.084852,0.049991,0.018218,0.950963,-0.197079,0.226043,0.075592,0.886586,0.437240,-0.140677,0.054322,0.977778,-0.011811,0.006504,-0.208978,0.999643,0.019271,0.018217,0.003214,0.999644,0.018864,0.018182,0.005114,0.996281,0.012328,0.084801,0.008955,0.998272,-0.058755,0.000014,0.000236,0.997649,-0.068533,0.000017,0.000245,0.935495,-0.047347,-0.349694,0.017861,0.999089,-0.000082,0.010236,0.041422,0.738673,0.160075,0.469209,0.456705,0.794650,0.529027,0.294982,-0.040176,0.676413,0.458629,0.531169,0.223298,0.998581,-0.006656,0.009898,-0.051891,0.825586,0.003984,0.250403,-0.505565,-0.633882,-0.483416,0.454834,-0.396714,0.246521,-0.579515,0.740936,-0.231662
0.335587,0.154657,0.158355,0.530147,3.711408,1.026273,0.793896,0.614484,0.484625,3.746295,3.525254,2.021479,0.246485,0.499541,0.190929,0.277464,-247.549866,90.119949,-1064.617432,-258.655060,90.074936,-1059.910278,-256.205017,47.426125,-1049.419556,-255.784119,5.100684,-1056.437256,-237.300262,90.301445,-1068.925903,-224.226990,48.706902,-1063.182251,-235.558823,16.412788,-1088.878540,-246.693878,98.910210,-1063.387329,-245.066269,118.309959,-1059.806519,-243.855988,131.947067,-1056.760010,-242.280701,152.357727,-1051.556641,-242.245056,158.283920,-1050.584717,-242.675888,164.254105,-1050.178833,-245.339630,145.767349,-1051.061279,-259.790009,142.675140,-1040.248047,-254.869385,116.306030,-1031.943481,-236.727127,94.801407,-1031.387939,-240.047958,146.479095,-1055.195679,-225.900558,146.197983,-1067.123657,-229.630905,123.422676,-1082.628784,-210.480026,102.922218,-1081.840698,-247.562241,90.121857,-1064.597046,-12.059199,-0.084151,-0.249093,-0.148436,-43.987659,-0.024796,-1.184473,-42.886684,0.255057,11.112881,0.217108,0.242962,-0.029880,-43.976833,0.091353,0.202041,-42.805424,0.508927,0.275212,8.913488,0.032727,0.143282,19.794338,0.029237,0.078308,14.025548,0.014191,-0.021550,21.121931,-0.057804,0.010375,6.005391,-0.010631,0.012267,5.999321,0.037251,-3.348478,14.644975,0.063370,-18.298176,-0.032272,0.024000,-28.079636,0.176501,0.043863,-28.136509,0.135650,-0.151306,3.405214,14.714226,-0.034190,18.506523,0.043683,0.038714,27.794161,0.304651,0.155050,28.053984,0.221125,-0.451958,0.974578,0.079240,0.208888,-0.016874,0.970137,-0.202798,-0.132965,0.005268,0.977222,0.204667,-0.055287,0.009622,-0.993726,0.097165,0.049383,0.025087,0.954474,-0.217722,0.191480,0.070066,0.873495,0.473632,-0.106057,0.037760,-0.966815,0.023274,0.038096,0.148850,0.999661,0.018200,0.018290,0.003533,0.999659,0.017810,0.018252,0.005658,0.996259,0.011441,0.085128,0.009527,0.998437,-0.055853,0.000122,0.002171,0.997873,-0.065150,0.000147,0.002248,0.938932,-0.044739,-0.340722,0.017712,0.999257,0.001378,0.004401,0.038271,0.755446,0.159481,0.459443,0.439062,0.816201,0.501860,0.283079,-0.042623,0.675898,0.409970,0.590386,0.162831,0.998181,0.000058,0.011722,-0.059143,0.793319,-0.019277,0.203512,-0.573444,-0.645399,-0.574777,0.342727,-0.368220,0.207113,-0.759071,0.544320,-0.290618
0.319753,0.400211,0.141808,0.442670,3.703482,1.448663,1.413680,0.666036,0.467243,1.622888,3.714141,1.216062,0.394216,0.768059,0.411302,0.176199,-248.517517,90.318871,-1062.975220,-259.523926,90.136040,-1058.449585,-256.806763,47.303963,-1048.809570,-255.782257,5.102272,-1056.437622,-238.270966,90.574516,-1067.281006,-225.464935,49.195904,-1059.488525,-236.773560,16.023600,-1084.255615,-247.884766,99.125694,-1061.656494,-246.581436,118.555099,-1058.068848,-245.514832,132.221588,-1055.100952,-244.078079,152.694901,-1050.108154,-244.095795,158.621780,-1049.144775,-244.605667,164.582809,-1048.686401,-247.150238,146.102036,-1049.515625,-261.647797,142.908981,-1038.742188,-257.704407,116.642326,-1029.619873,-240.280380,94.704346,-1027.150879,-241.754272,146.761276,-1053.665039,-227.526596,146.268265,-1065.526123,-231.821548,121.550095,-1077.405396,-216.184998,98.180733,-1077.385376,-248.502777,90.317253,-1062.997925,-11.900640,-0.037241,-0.241673,-0.115475,-43.987034,-0.017999,-1.009151,-42.885128,0.265146,11.120101,0.106714,0.125140,-0.045272,-44.007618,0.088016,0.131892,-42.907990,0.573588,0.190654,8.924954,0.063534,0.129875,19.800274,0.048911,0.111998,14.025388,0.028683,0.001963,21.122026,-0.054065,0.011340,6.004658,-0.008865,-0.005346,6.000190,0.033764,-3.392701,14.663352,0.048381,-18.343695,-0.022936,0.015805,-28.081877,0.191487,0.002133,-28.120340,0.115449,-0.158183,3.444348,14.688745,0.025180,18.528889,0.032921,0.061249,27.744650,0.302071,0.238254,28.099375,0.203977,-0.555591,0.975801,0.078568,0.203878,-0.008548,0.971587,-0.193167,-0.136686,0.004717,0.978148,0.202073,-0.048010,0.009313,-0.993024,0.104003,0.046588,0.030262,0.958516,-0.228772,0.160298,0.056652,0.870552,0.480118,-0.107568,0.007150,-0.988195,0.073401,0.053411,0.123335,0.999674,0.016970,0.018969,0.002021,0.999677,0.016622,0.018950,0.003147,0.996007,0.011134,0.088359,0.006227,0.998574,-0.053129,0.000272,0.005113,0.998064,-0.061973,0.000329,0.005293,0.939925,-0.041922,-0.338290,0.018545,0.999148,-0.000924,0.002505,0.041169,0.772750,0.145806,0.433178,0.440391,0.826263,0.489891,0.275462,-0.037610,0.669142,0.379885,0.623758,0.137320,0.997954,-0.000471,0.008323,-0.063397,0.764852,-0.001052,0.145001,-0.627648,0.644818,0.640412,-0.226587,0.350203,0.235117,-0.862833,0.296928,-0.334150
0.271690,0.286327,0.150137,0.367477,2.642833,0.680065,1.597245,0.570216,0.216322,2.406401,1.938144,0.650537,0.736471,0.905581,0.364588,0.337366,-249.408630,90.666557,-1061.005127,-260.292694,90.293587,-1056.819824,-257.479218,47.221756,-1048.339600,-255.787018,5.090097,-1056.428101,-239.049301,91.194855,-1065.542358,-227.833374,49.866825,-1055.369019,-238.839279,14.388708,-1076.856201,-249.056213,99.461609,-1059.505249,-248.143188,118.913719,-1055.867920,-247.255020,132.616623,-1052.903076,-245.922531,153.168549,-1048.229370,-245.970276,159.099747,-1047.297974,-246.511139,165.055038,-1046.803345,-248.996048,146.588348,-1047.553101,-263.514465,143.351883,-1036.764893,-261.068909,117.079948,-1027.168457,-244.964966,94.511597,-1022.675720,-243.609848,147.202148,-1051.494385,-229.267990,146.571274,-1063.067383,-234.120331,121.043388,-1072.619507,-224.246155,94.766258,-1072.626953,-249.402176,90.666527,-1061.013184,-11.663630,-0.037255,-0.280441,-0.093409,-43.988529,-0.035345,-0.773049,-42.927414,0.159706,11.318119,0.124395,-0.262359,-0.008400,-44.012436,0.070700,0.206757,-42.911003,0.240417,0.039474,8.926654,0.192438,0.061377,19.809534,0.155702,0.067449,14.047277,0.144883,0.025955,21.118607,-0.050177,0.014606,6.004070,-0.006992,-0.009907,6.000082,0.033980,-3.390227,14.674418,0.033464,-18.374544,-0.009535,0.006907,-28.075085,0.204293,-0.003240,-28.083946,0.111940,-0.146593,3.308494,14.733123,0.129498,18.438343,0.028700,0.080618,27.677029,0.126357,0.374019,28.051298,0.244155,-0.527520,0.977800,0.076470,0.195079,0.001279,0.974745,-0.177987,-0.134858,0.001884,-0.980161,-0.192694,0.045232,-0.010285,-0.992804,0.107169,0.040385,0.034968,0.961170,-0.235980,0.140580,0.026226,0.886263,0.451275,-0.102778,-0.016898,-0.989395,0.115533,0.030373,0.082392,0.999686,0.015536,0.019633,-0.000197,0.999691,0.015244,0.019638,-0.000537,0.995739,0.011018,0.091540,0.001395,0.998759,-0.049108,0.000406,0.008255,0.998321,-0.057284,0.000490,0.008546,0.942578,-0.038102,-0.331265,0.018921,0.998953,-0.007608,0.004912,0.044834,0.795743,0.110559,0.376999,0.460835,0.833830,0.482929,0.266700,-0.019352,0.654487,0.368234,0.638196,0.169507,0.998003,-0.001206,0.004245,-0.063007,0.744461,0.012289,0.114666,-0.657627,0.577928,0.752751,-0.140546,0.281499,0.351300,-0.913259,0.017605,-0.202073
0.320382,0.533023,0.363106,0.715720,2.663555,2.269551,1.481735,1.374577,0.380536,2.687349,3.649446,3.275630,1.558711,0.741280,0.244896,0.205849,-250.241913,91.071281,-1059.056396,-260.827789,90.527290,-1055.148804,-258.085205,47.199955,-1048.015015,-255.789642,5.084930,-1056.416504,-239.840866,91.808861,-1063.726929,-230.718521,50.371189,-1051.987671,-240.562515,11.929723,-1068.180664,-250.109695,99.857285,-1057.404297,-249.519196,119.334541,-1053.752686,-248.873901,133.089691,-1050.861816,-247.646606,153.721329,-1046.534424,-247.708282,159.660614,-1045.661499,-248.237534,165.616791,-1045.178101,-250.680740,147.137680,-1045.807861,-265.340881,143.964676,-1035.188843,-264.736847,117.686058,-1025.332275,-249.765854,94.757393,-1019.310547,-245.453827,147.767227,-1049.623047,-230.874771,147.035645,-1060.758179,-235.409622,121.216606,-1069.813110,-231.194641,93.577057,-1069.263916,-250.235107,91.067711,-1059.073975,-11.294185,-0.096814,-0.305823,-0.070480,-43.995605,-0.062449,-0.494594,-43.003056,-0.018194,11.410649,0.169420,-0.485666,-0.014195,-44.021309,0.053179,0.267316,-42.850742,0.070212,-0.107080,8.935881,0.279632,-0.048511,19.824062,0.211736,-0.053869,14.068982,0.165497,0.028240,21.116175,-0.041863,0.016049,6.003386,-0.006854,-0.003458,5.999072,0.034513,-3.348004,14.661160,0.048362,-18.377522,-0.011397,-0.003351,-28.070768,0.185523,-0.022169,-28.034744,0.077033,-0.147950,3.154213,14.788045,0.044994,18.360323,0.029090,0.041232,27.732306,-0.015818,0.321490,27.947704,0.259386,-0.040763,0.978651,0.075979,0.190827,0.007401,0.976866,-0.162415,-0.139112,0.000425,-0.983034,-0.179012,0.038058,-0.012215,-0.992735,0.107780,0.037120,0.038500,0.963244,-0.237046,0.126295,-0.003867,0.914967,0.389648,-0.100358,-0.029948,-0.990148,0.132172,0.025985,0.038063,0.999734,0.012913,0.019010,-0.001743,0.999734,0.012690,0.019027,-0.003073,0.996009,0.009797,0.088686,-0.002256,0.998926,-0.045228,0.000454,0.010032,0.998553,-0.052759,0.000549,0.010386,0.946492,-0.034781,-0.320314,0.018424,0.998776,-0.012718,0.005711,0.047461,0.813333,0.095969,0.330609,0.469006,0.833540,0.481199,0.270959,-0.015408,0.638812,0.380137,0.645223,0.176343,-0.998180,0.004234,0.001446,0.060133,0.743597,0.025303,0.101780,-0.660349,-0.140273,-0.226058,0.035784,-0.049095,0.413888,-0.906854,-0.019997,0.074157
0.271221,0.447998,0.290532,0.776625,2.509299,1.871601,1.288198,1.415386,0.294514,1.778967,1.312475,4.612128,2.227598,0.977343,0.100437,0.119683,-251.060089,91.337814,-1057.357300,-261.357635,90.714027,-1053.658081,-258.520325,47.206661,-1047.731079,-255.789230,5.082355,-1056.410034,-240.688980,92.126114,-1061.935059,-233.640320,50.420387,-1049.624023,-242.078430,9.768600,-1059.951416,-251.076950,100.132614,-1055.677124,-250.717316,119.638023,-1052.097900,-250.275085,133.427597,-1049.321899,-249.130707,154.120636,-1045.266479,-249.188599,160.068817,-1044.459595,-249.676773,166.032944,-1044.033325,-252.171829,147.551010,-1044.520996,-267.026123,144.310394,-1034.191406,-268.260071,118.085281,-1024.245972,-254.056015,94.993576,-1017.134277,-246.967621,148.111588,-1048.251099,-232.012131,147.213776,-1058.817017,-235.515656,121.162743,-1068.012329,-234.605057,93.190651,-1066.744751,-251.061188,91.335716,-1057.356079,-10.954941,-0.133970,-0.293519,-0.020070,-44.000793,-0.093720,-0.198135,-43.094898,-0.204508,11.349714,0.165337,-0.504784,-0.034222,-44.053696,0.066819,0.194190,-42.789036,0.038211,-0.200045,8.947079,0.279932,-0.141416,19.832693,0.199796,-0.163201,14.071284,0.133302,0.020402,21.117701,-0.034914,0.016335,6.002922,-0.007193,0.008400,5.999196,0.029944,-3.338314,14.661964,0.071433,-18.380976,-0.015328,-0.014016,-28.075302,0.160206,-0.050802,-28.027767,0.060394,-0.130207,3.089601,14.769883,-0.043697,18.335121,0.015845,0.019563,27.848284,-0.052070,0.191642,28.010668,0.164883,0.129467,0.979506,0.074898,0.186671,0.010497,0.979639,-0.148190,-0.135385,0.001528,-0.985228,-0.166418,0.038329,-0.012360,-0.992650,0.108306,0.035390,0.040785,0.964854,-0.228882,0.125641,-0.029107,0.940693,0.313389,-0.122961,-0.037370,0.060797,-0.008096,-0.000528,0.006527,0.999784,0.010893,0.017509,-0.002656,0.999778,0.010718,0.017528,-0.004557,0.996607,0.008669,0.081712,-0.004542,0.999041,-0.042564,0.000435,0.010219,0.998710,-0.049653,0.000526,0.010581,0.951545,-0.032857,-0.305244,0.017258,0.998421,-0.013019,0.010125,0.053669,0.827254,0.112232,0.306785,0.457038,0.834221,0.472234,0.283278,-0.028362,0.626551,0.399871,0.652383,0.147741,-0.998237,0.008459,0.006466,0.058320,0.752567,0.041588,0.085207,-0.651617,-0.535251,-0.818628,0.152187,-0.141418,0.451292,-0.861678,0.040889,0.225989
0.272077,0.090122,0.470522,0.999268,7.097123,0.738050,1.840345,0.538728,0.421640,2.153729,0.725848,1.121698,0.475342,0.211856,0.180089,0.202686,-251.827774,91.398247,-1055.660645,-261.890259,90.806755,-1052.210083,-258.953918,47.163208,-1047.430054,-255.793625,5.081950,-1056.400757,-241.386246,92.153114,-1059.870728,-237.038620,50.155144,-1047.317017,-243.532715,8.267067,-1052.791992,-252.010590,100.208565,-1054.103882,-251.861160,119.748253,-1050.733887,-251.572937,133.561371,-1048.114014,-250.428131,154.300522,-1044.289917,-250.460419,160.256760,-1043.546387,-250.893036,166.229980,-1043.183594,-253.532364,147.753433,-1043.536743,-268.638000,144.436691,-1033.594116,-271.617218,118.256905,-1023.880615,-258.286835,94.895370,-1015.973572,-248.280258,148.220459,-1047.188599,-232.845840,146.997330,-1056.983887,-234.763748,120.710480,-1066.291504,-235.047089,92.824089,-1063.635010,-251.833679,91.394539,-1055.644043,-10.648828,-0.102497,-0.238495,0.041937,-44.002712,-0.105737,0.132084,-43.140579,-0.310734,11.277548,0.157573,-0.351983,-0.056448,-44.050373,0.066682,0.013345,-42.739613,-0.042413,-0.280278,8.941787,0.198558,-0.222619,19.826756,0.133608,-0.253906,14.059629,0.081643,0.016694,21.119919,-0.028029,0.017770,6.002548,-0.007503,0.016282,5.999796,0.024070,-3.351779,14.661741,0.105846,-18.386110,-0.015923,-0.012364,-28.082657,0.157622,-0.051284,-28.035509,0.065241,-0.120789,3.058009,14.738025,-0.135311,18.322250,0.003387,-0.001390,27.953669,-0.057270,0.018729,28.011896,0.002949,0.127432,0.981613,0.070296,0.177017,0.012174,0.983724,-0.130911,-0.122916,0.003725,-0.986925,-0.155520,0.040182,-0.013145,-0.992417,0.109701,0.035347,0.042712,0.968661,-0.212785,0.116636,-0.052691,0.957849,0.238533,-0.156544,-0.030020,0.993478,-0.106990,-0.019997,0.030297,0.999806,0.010640,0.016198,-0.003522,0.999795,0.010476,0.016222,-0.005987,0.997075,0.008722,0.075633,-0.006518,0.999122,-0.040603,0.000420,0.010332,0.998820,-0.047365,0.000507,0.010698,0.957231,-0.031548,-0.287098,0.016197,0.997910,-0.011548,0.015954,0.061446,0.837443,0.131597,0.287081,0.446001,0.832144,0.469006,0.292794,-0.042789,0.616443,0.414238,0.659527,0.115721,-0.998005,0.016922,0.013683,0.059215,0.767457,0.063184,0.062346,-0.634875,0.563875,0.796351,-0.185360,0.115673,0.457489,-0.850376,0.100283,0.238703
0.394691,0.187098,0.135937,0.752197,6.200824,1.940221,1.962113,1.562466,0.361649,2.226458,0.919343,0.934718,0.414688,0.226828,0.161510,0.219043,-252.557602,91.226814,-1053.852173,-262.445801,90.772224,-1050.747681,-259.397186,47.036488,-1047.075806,-255.802795,5.079053,-1056.396606,-242.067154,91.810493,-1057.479858,-239.665314,49.707130,-1044.682373,-245.612534,7.350910,-1048.371948,-252.842941,100.065323,-1052.510986,-252.802139,119.655952,-1049.486572,-252.578827,133.506317,-1047.108765,-251.382965,154.301971,-1043.612183,-251.380264,160.266678,-1042.934448,-251.759796,166.246185,-1042.598145,-254.650787,147.797363,-1042.885864,-270.066772,144.380707,-1033.441162,-274.623016,118.202545,-1024.328369,-262.245758,94.545555,-1015.769348,-249.119232,148.126770,-1046.281128,-233.113480,146.287659,-1055.010742,-233.248749,119.940872,-1064.465088,-234.121872,92.245720,-1060.449097,-252.557373,91.223473,-1053.850098,-10.371831,-0.028221,-0.232009,0.109900,-43.994503,-0.114850,0.455755,-43.125759,-0.378087,11.110417,0.086202,-0.077947,-0.068083,-44.069477,0.063396,-0.287927,-42.927662,-0.162857,-0.311618,8.938492,0.097168,-0.249167,19.821278,0.058574,-0.284842,14.051837,0.032912,0.026069,21.121332,-0.036248,0.023862,6.003000,-0.008752,0.017027,6.000873,0.026717,-3.396146,14.656461,0.089325,-18.399315,-0.014471,-0.026383,-28.089193,0.161679,-0.061975,-28.036787,0.070165,-0.119697,3.100208,14.723915,-0.112656,18.323542,-0.001574,0.016000,27.989748,-0.046022,-0.029836,27.996958,-0.083362,0.099551,0.984434,0.063314,0.163532,0.011674,0.987494,-0.111860,-0.110742,0.008676,-0.988336,-0.146573,0.039164,-0.013222,-0.992050,0.112653,0.034564,0.044178,0.972029,-0.201204,0.103257,-0.063321,0.961616,0.208034,-0.177233,-0.024544,0.996862,-0.066434,-0.013580,0.040818,0.999833,0.010599,0.014271,-0.004263,0.999817,0.010438,0.014300,-0.007208,0.997702,0.008786,0.066679,-0.008255,0.999228,-0.037249,0.000465,0.012467,0.998972,-0.043454,0.000561,0.012909,0.964506,-0.028804,-0.262003,0.015854,0.996989,-0.009491,0.027033,0.072060,0.845533,0.141601,0.262418,0.442894,0.828677,0.469962,0.299710,-0.051021,0.600952,0.430275,0.666786,0.095454,-0.997234,0.028560,0.020198,0.065549,0.788115,0.073689,0.062923,-0.607846,0.596233,0.765110,-0.223555,0.095440,0.359261,-0.891150,0.145856,0.235463
0.219392,0.346992,0.065194,1.077754,2.664333,1.524192,0.598409,0.555553,0.346602,1.717565,3.534545,3.009175,1.623565,1.422172,0.247261,0.133702,-253.218903,90.852150,-1052.074097,-263.030151,90.591240,-1049.399292,-259.880310,46.817947,-1046.446289,-255.820877,5.074349,-1056.378784,-242.814926,91.169075,-1055.103638,-241.021866,48.999794,-1042.467651,-247.276260,6.650422,-1047.461548,-253.509460,99.735931,-1051.029907,-253.470688,119.381760,-1048.395386,-253.201248,133.261429,-1046.264038,-251.964432,154.077271,-1042.896118,-251.932251,160.042816,-1042.228394,-252.266464,166.023743,-1041.855591,-255.374176,147.617722,-1042.249512,-271.246002,144.283569,-1033.554810,-277.067566,118.069870,-1025.319580,-265.738770,94.067909,-1016.299011,-249.600372,147.803238,-1045.318604,-233.177170,145.470856,-1053.098999,-231.587662,119.102119,-1062.421265,-232.653824,91.620308,-1057.179443,-253.219788,90.846146,-1052.068726,-10.170845,0.067165,-0.246852,0.149506,-43.984894,-0.115817,0.729944,-43.090839,-0.450179,10.841218,-0.052706,0.068832,-0.076767,-44.056965,0.009230,-0.495961,-43.097534,-0.214272,-0.267834,8.945727,-0.006848,-0.199357,19.820635,-0.056857,-0.192256,14.043388,-0.090750,0.109189,21.122150,-0.113369,0.040680,6.002686,-0.025533,0.015510,6.001745,0.026320,-3.388994,14.678161,-0.120076,-18.401674,-0.012520,-0.044170,-28.085127,0.164288,-0.061530,-28.030802,0.072791,-0.116710,3.148346,14.676214,0.062536,18.321283,-0.014103,0.036045,28.013788,-0.053630,-0.051953,27.996557,-0.118214,0.095143,0.987957,0.053625,0.144796,0.009618,0.990914,-0.094063,-0.094969,0.014684,-0.988538,-0.145047,0.039471,-0.013960,-0.991427,0.118015,0.031320,0.046504,0.976304,-0.191332,0.085096,-0.054545,0.962928,0.216643,-0.158521,-0.026552,0.996920,-0.061734,-0.003794,0.048177,0.999757,0.013730,0.016789,-0.003991,0.999744,0.013514,0.016826,-0.006810,0.996829,0.011107,0.078441,-0.007173,0.999318,-0.034941,0.000416,0.011895,0.999093,-0.040761,0.000503,0.012317,0.964992,-0.027027,-0.260455,0.014929,0.997126,-0.014481,0.005456,0.074109,0.849007,0.140252,0.238896,0.449933,0.819882,0.483171,0.302575,-0.052787,0.586973,0.440930,0.673934,0.082795,-0.995641,0.032192,0.046631,0.074035,0.808466,0.055420,0.069141,-0.581817,0.619252,0.738785,-0.256386,0.070586,0.296681,-0.904098,0.197670,0.235537
0.252858,0.154675,0.231197,0.452437,3.977396,1.413322,1.335793,0.398619,0.298495,2.586530,4.281570,2.394895,1.380347,1.179973,0.592367,0.078062,-253.751938,90.011864,-1050.486816,-263.515503,90.087372,-1048.372925,-260.278076,46.350025,-1045.504639,-255.845139,5.061940,-1056.353638,-243.299728,89.884903,-1053.136597,-241.689087,47.394245,-1041.503784,-247.892029,4.779502,-1047.526489,-254.051468,98.936897,-1049.625244,-254.010727,118.643211,-1047.384277,-253.748352,132.551239,-1045.375488,-252.426147,153.425995,-1042.417847,-252.371887,159.398285,-1041.809814,-252.685654,165.380371,-1041.441284,-255.940277,147.028625,-1041.852783,-272.296661,143.934189,-1034.001465,-278.909332,117.633392,-1026.708984,-268.518951,93.249397,-1017.553345,-250.054565,147.087555,-1044.683228,-233.288788,144.635880,-1051.647705,-230.100479,118.101875,-1060.089722,-230.393677,90.871239,-1053.612793,-253.756851,90.011673,-1050.468872,-9.978461,0.279947,-0.256160,0.185094,-43.950424,-0.108538,0.947987,-42.907681,-0.560897,10.779109,-0.375166,-0.109620,-0.009806,-44.081203,-0.137086,-0.247332,-43.468182,-0.101425,-0.290680,8.965273,0.048812,-0.243306,19.830574,0.083529,-0.302693,14.049620,0.168514,0.009417,21.124540,0.043496,0.022364,6.003365,0.009619,0.009385,6.001461,0.041314,-3.430886,14.663369,0.158031,-18.404779,-0.003899,-0.046522,-28.081553,0.181072,-0.045826,-28.042143,0.084680,-0.120905,3.093598,14.691656,-0.134051,18.319490,-0.011320,0.033960,28.024952,-0.040252,-0.086642,27.990408,-0.134449,0.091275,0.992149,0.041106,0.117929,0.006516,0.993278,-0.079860,-0.081055,0.021242,-0.987351,-0.154533,0.032900,-0.013234,-0.990364,0.127329,0.025488,0.048142,0.978025,-0.170842,0.111348,-0.043379,0.962533,0.218351,-0.158683,-0.025940,0.995865,-0.075017,-0.001958,0.051207,0.999830,0.012874,0.012249,-0.005010,0.999808,0.012670,0.012291,-0.008458,0.998253,0.010416,0.057318,-0.009852,0.999426,-0.028225,0.000528,0.018712,0.999270,-0.032927,0.000638,0.019377,0.977565,-0.021154,-0.208933,0.016297,0.996063,-0.005976,0.034695,0.081352,0.846822,0.137505,0.220630,0.464012,0.815944,0.490931,0.301911,-0.045508,0.581801,0.444021,0.674468,0.097180,-0.997600,0.022255,0.012842,0.064291,0.820515,0.009867,0.073913,-0.566738,0.608346,0.744801,-0.267916,0.058358,0.280847,-0.901230,0.255394,0.208992
0.483024,0.352390,0.326612,0.959755,2.358890,0.487011,1.912312,0.961780,0.024916,3.698776,1.319394,1.888469,0.979406,0.551514,0.389442,0.175448,-254.035858,89.687050,-1048.925293,-263.756439,89.799713,-1047.268799,-260.387299,46.085979,-1044.065186,-255.852707,5.088778,-1056.282227,-243.204453,89.717834,-1051.331909,-241.893631,47.031960,-1040.699341,-247.955139,5.049934,-1047.528809,-254.386246,98.583488,-1048.290283,-254.342300,118.302704,-1046.522949,-254.064560,132.217529,-1044.816406,-252.630798,153.132614,-1042.242920,-252.546783,159.110977,-1041.713379,-252.827744,165.095840,-1041.386841,-256.297455,146.795242,-1041.766968,-273.214783,144.020386,-1035.041138,-280.405487,117.494797,-1029.304443,-271.061981,92.642548,-1020.256653,-250.171936,146.724350,-1044.169189,-232.992783,144.097198,-1050.007080,-228.143799,117.274368,-1056.563354,-226.994385,90.458900,-1048.647095,-254.027939,89.694489,-1048.943970,-9.861061,0.221238,-0.208076,0.190203,-43.960289,-0.104783,1.034146,-43.004089,-0.540816,11.094800,-0.117694,-0.303673,0.141485,-44.010029,-0.068097,0.155648,-42.967857,-0.268203,-0.352605,8.919081,0.075292,-0.271256,19.796474,0.089825,-0.315726,14.017678,0.153315,0.021259,21.121361,0.006900,0.022611,6.002293,-0.001323,0.009107,6.000261,0.032035,-3.449867,14.658447,0.127015,-18.414227,0.000037,-0.040609,-28.072866,0.200998,-0.022569,-28.048035,0.102033,-0.119493,3.125949,14.705065,-0.114438,18.331884,0.000063,0.037934,28.031511,-0.000224,-0.098170,27.980680,-0.133720,0.071551,0.995117,0.027643,0.094678,0.003631,0.994319,-0.069140,-0.076041,0.027702,-0.984480,-0.174347,0.017690,-0.009380,-0.988889,0.137650,0.025622,0.049946,0.978029,-0.146509,0.143474,-0.037402,0.962029,0.214701,-0.166936,-0.023116,0.995079,-0.084281,-0.001583,0.052081,0.999818,0.014690,0.010816,-0.005525,0.999793,0.014449,0.010868,-0.009317,0.998586,0.011671,0.050685,-0.010975,0.999469,-0.024722,0.000525,0.021228,0.999342,-0.028841,0.000634,0.021983,0.982560,-0.018287,-0.184288,0.016678,0.995959,-0.006096,0.032412,0.083529,0.840159,0.132571,0.196196,0.487915,0.816859,0.492234,0.298890,-0.033356,0.570499,0.442950,0.678031,0.136353,-0.998001,0.017964,0.011363,0.059509,0.827269,-0.051084,0.076090,-0.554273,0.578939,0.770466,-0.260739,0.056775,0.286626,-0.892920,0.319899,0.134808
0.272217,0.114512,0.172742,0.662708,2.612922,0.773807,0.817621,0.670684,0.015440,2.593391,1.070025,2.685339,1.149639,0.753003,0.266737,0.157005,-254.052841,89.574394,-1047.780884,-263.926636,89.652008,-1046.380005,-260.127869,46.008667,-1042.425293,-255.791916,5.361594,-1056.138184,-242.975479,89.681488,-1049.939209,-242.164551,46.817986,-1040.205444,-247.952057,5.042064,-1047.525513,-254.362671,98.472794,-1047.387939,-254.221619,118.210304,-1045.987305,-253.890335,132.133438,-1044.431274,-252.389328,153.052902,-1041.951660,-252.272949,159.032990,-1041.459717,-252.498505,165.022720,-1041.196899,-256.188354,146.775681,-1041.705566,-273.506866,144.119949,-1036.024048,-281.060913,117.371506,-1032.143799,-272.344147,92.245270,-1023.305237,-249.762680,146.597427,-1043.557129,-232.222733,143.808075,-1048.200317,-226.486160,116.808807,-1053.049683,-224.514221,90.339973,-1044.188232,-254.051117,89.576218,-1047.776855,-9.975269,0.066918,-0.059252,0.172060,-43.986805,-0.069272,0.966726,-43.103237,-0.362926,11.272383,0.099863,-0.519192,0.137618,-43.961761,-0.079600,0.391658,-42.801311,-0.422899,-0.368924,8.904552,0.066687,-0.292066,19.785261,0.079296,-0.325511,14.009162,0.155362,0.012729,21.119322,-0.005790,0.017568,6.001368,-0.005995,0.014632,5.999742,0.014700,-3.480225,14.662333,0.046963,-18.418730,0.004007,-0.063862,-28.063238,0.192791,-0.030886,-28.024841,0.077446,-0.138743,3.209528,14.721277,0.019470,18.356970,0.011691,0.080129,28.022833,0.037546,-0.008800,27.981560,-0.071813,0.027162,0.997194,0.015422,0.073138,-0.001562,0.995953,-0.065340,-0.048389,0.037898,-0.979009,-0.202405,0.022700,-0.005675,-0.987697,0.143863,0.031322,0.052687,0.978836,-0.125254,0.159281,-0.028405,0.963347,0.206967,-0.169251,-0.021896,0.994790,-0.087633,0.006284,0.051668,0.999780,0.017970,0.009469,-0.005187,0.999760,0.017658,0.009530,-0.008760,0.998865,0.013778,0.044443,-0.010198,0.999489,-0.023885,0.000507,0.021223,0.999370,-0.027865,0.000613,0.021979,0.986480,-0.017957,-0.162066,0.016134,0.995633,-0.008290,0.032412,0.087155,0.835980,0.122461,0.162323,0.509660,0.816393,0.491032,0.303175,-0.021695,0.576423,0.432183,0.666729,0.190664,-0.998115,0.017510,0.013840,0.057156,0.829271,-0.069622,0.060904,-0.551130,0.578316,0.775136,-0.245340,0.067162,0.286557,-0.886856,0.358024,0.055350
2.083580,0.308003,0.338229,0.678749,3.963256,2.249157,0.574175,0.172879,0.160836,5.205453,2.380395,1.978365,0.338570,0.396299,0.384630,0.063031,-253.867538,89.518410,-1046.945557,-263.881439,89.514786,-1045.951416,-260.140900,46.038887,-1040.127686,-255.683533,5.978302,-1055.875366,-242.655060,89.705902,-1048.664185,-242.449158,46.627953,-1040.155029,-247.958237,5.039053,-1047.532349,-254.024124,98.416924,-1046.661377,-253.644119,118.159729,-1045.440552,-253.198441,132.090576,-1043.972412,-251.618332,153.007751,-1041.525024,-251.465759,158.988602,-1041.059570,-251.638580,164.982468,-1040.851685,-255.481003,146.769440,-1041.560181,-273.140381,144.237991,-1037.063965,-280.976196,117.364815,-1035.263794,-272.645477,92.087929,-1026.545166,-248.885712,146.519318,-1042.823608,-231.045364,143.633423,-1046.101440,-224.868118,116.518097,-1049.677246,-223.221649,90.250496,-1040.145264,-253.860092,89.517784,-1046.949585,-10.058775,-0.193023,0.101604,0.173122,-44.024956,-0.022439,1.005490,-43.267452,-0.108630,11.312483,0.387489,-0.720444,0.130108,-43.910496,-0.097633,0.414740,-42.586666,-0.634779,-0.347221,8.897366,0.094289,-0.287342,19.782135,0.097354,-0.312844,14.011083,0.156770,0.005558,21.119091,-0.007898,0.015221,6.000817,-0.008342,0.015521,5.999938,0.001538,-3.452845,14.648532,-0.004765,-18.397093,-0.006450,-0.083602,-28.049400,0.145675,-0.036400,-28.005188,0.049382,-0.128871,3.264359,14.745927,0.110440,18.366911,0.022437,0.103682,28.038227,0.106474,0.025367,27.992691,-0.052885,-0.055595,0.998912,0.009506,0.044265,-0.009869,0.995701,-0.079754,-0.013120,0.044860,0.967433,0.249667,-0.039405,0.009030,-0.986685,0.149456,0.027259,0.058047,0.977744,-0.107073,0.179468,-0.017670,0.966991,0.189504,-0.169133,-0.019861,0.994925,-0.086379,0.012889,0.049929,0.999768,0.019192,0.008644,-0.004525,0.999755,0.018850,0.008701,-0.007655,0.999033,0.014442,0.040580,-0.008801,0.999494,-0.023459,0.000504,0.021476,0.999378,-0.027367,0.000609,0.022241,0.990510,-0.018004,-0.135263,0.015741,0.995311,-0.007309,0.034076,0.090232,0.832471,0.111789,0.127168,0.527529,0.810853,0.493382,0.314486,-0.013473,0.582811,0.411378,0.656081,0.246100,-0.998241,0.020964,0.016042,0.053073,0.831445,-0.041504,0.031408,-0.553096,0.591878,0.766697,-0.234248,0.083453,0.265777,-0.890482,0.369284,0.000848
2.175714,0.408290,0.202190,0.871583,5.218069,2.330427,1.296444,0.620047,0.159062,7.123607,1.644058,0.500850,0.078211,0.232578,0.282536,0.371967,-253.392044,89.440361,-1046.581665,-263.434692,89.385216,-1046.019897,-260.404968,46.205872,-1037.821655,-255.561676,6.790553,-1055.503662,-242.211548,89.690071,-1047.787109,-242.613861,46.465054,-1040.287476,-247.983047,5.049024,-1047.548706,-253.378265,98.335220,-1046.282227,-252.775055,118.075539,-1045.058838,-252.240417,132.018356,-1043.611084,-250.700195,152.934540,-1041.138184,-250.541428,158.915649,-1040.682007,-250.681488,164.911514,-1040.507690,-254.546204,146.741226,-1041.416748,-272.404205,144.218048,-1037.913818,-280.320770,117.328255,-1037.550903,-272.233337,92.048599,-1028.670410,-247.898697,146.424484,-1042.224854,-229.896240,143.507645,-1044.392700,-223.531006,116.360817,-1047.112183,-223.364334,89.985504,-1037.709595,-253.388580,89.440636,-1046.586182,-10.050591,-0.386766,0.129743,0.183990,-44.053825,-0.004774,1.125032,-43.454498,0.052121,11.206234,0.609046,-0.726472,0.100088,-43.872295,-0.098945,0.283716,-42.382912,-0.726397,-0.295696,8.893962,0.127840,-0.253857,19.785353,0.116793,-0.276545,14.024455,0.147595,-0.001479,21.118101,-0.006641,0.014406,6.000569,-0.009570,0.024766,5.999977,-0.007144,-3.415181,14.670880,-0.049346,-18.371765,-0.003497,-0.090038,-28.032051,0.100804,-0.045309,-27.987795,0.013044,-0.130352,3.284350,14.747418,0.158202,18.364470,0.020261,0.108620,28.014433,0.078051,0.072081,28.002390,0.018436,-0.052325,0.999573,0.009393,0.021717,-0.016886,0.993472,-0.104571,-0.004383,0.045219,-0.953187,-0.299627,0.037257,-0.014877,-0.986905,0.145800,0.024432,0.064511,0.974776,-0.096289,0.200959,-0.012141,0.967932,0.174210,-0.180231,-0.016468,0.994792,-0.085662,0.023418,0.050018,0.999784,0.018841,0.008015,-0.003439,0.999779,0.018497,0.008058,-0.005834,0.999174,0.013959,0.037586,-0.006542,0.999504,-0.023289,0.000494,0.021188,0.999390,-0.027169,0.000597,0.021943,0.993234,-0.018226,-0.113642,0.015152,0.995069,-0.007834,0.033894,0.092884,0.830853,0.110929,0.106244,0.534868,0.807008,0.493013,0.324847,-0.012191,0.587359,0.387905,0.652000,0.281788,-0.998258,0.022788,0.018918,0.051030,0.832454,-0.014688,0.008392,-0.553823,0.603510,0.759180,-0.231705,0.075671,0.263038,-0.896658,0.355791,0.013763
0.419879,0.372454,0.171947,1.345842,4.588877,0.756986,1.330799,0.690629,0.137676,4.674699,1.270734,0.664357,0.442470,0.376514,0.120272,0.584299,-252.810455,89.447609,-1046.463867,-262.983826,89.429108,-1046.359863,-260.840149,46.755383,-1035.616333,-255.351318,8.044659,-1054.781250,-241.717758,89.677750,-1047.151978,-242.572281,46.377037,-1040.237427,-247.994553,5.052155,-1047.555664,-252.642944,98.335709,-1046.071655,-251.872818,118.068428,-1044.737671,-251.269211,132.014755,-1043.264282,-249.813156,152.929367,-1040.739136,-249.647339,158.910065,-1040.284668,-249.743301,164.906937,-1040.132324,-253.601822,146.764954,-1041.230103,-271.601654,144.225433,-1038.700317,-279.320038,117.301193,-1039.486572,-271.314453,92.150452,-1030.168579,-246.950180,146.407242,-1041.656860,-228.880173,143.385498,-1042.835449,-222.352249,116.228951,-1044.730713,-224.451416,89.588081,-1036.343384,-252.811356,89.449799,-1046.469482,-10.165291,-0.451556,0.062540,0.164525,-44.058250,-0.000480,1.061140,-43.527706,0.131051,11.076114,0.687484,-0.646172,0.071878,-43.857765,-0.101936,0.132591,-42.312340,-0.766674,-0.215981,8.894242,0.174109,-0.194548,19.791397,0.145801,-0.218460,14.034474,0.141269,-0.014181,21.116798,-0.001358,0.005946,6.000246,-0.007571,0.015171,5.999571,-0.007056,-3.372255,14.688750,-0.064598,-18.353254,-0.001584,-0.085657,-28.019779,0.062675,-0.050449,-27.990580,-0.000917,-0.093945,3.297649,14.747160,0.180396,18.358564,0.017677,0.105956,27.994383,0.050382,0.107545,28.013422,0.086282,-0.038920,0.999686,0.012277,0.002429,-0.021430,0.989835,-0.135130,-0.003892,0.043545,-0.936902,-0.346864,0.036366,-0.021436,-0.989510,0.127062,0.029147,0.061988,0.971879,-0.092952,0.216134,-0.009598,0.968211,0.166614,-0.185984,-0.014671,0.994434,-0.086434,0.032348,0.050798,0.999813,0.017797,0.007087,-0.002625,0.999812,0.017468,0.007118,-0.004460,0.999351,0.013038,0.033204,-0.004931,0.999539,-0.023412,0.000452,0.019292,0.999427,-0.027313,0.000546,0.019979,0.995408,-0.018788,-0.092769,0.013623,0.994900,-0.008294,0.032626,0.095080,0.828825,0.107025,0.089805,0.541767,0.802451,0.493619,0.335050,-0.012118,0.585757,0.366213,0.651665,0.313124,-0.998199,0.020916,0.020749,0.052244,-0.834482,0.004680,0.008733,0.550934,0.602640,0.761074,-0.235914,0.042853,0.269499,-0.899736,0.331769,0.085410
0.062369,0.215462,0.093338,0.606270,8.192759,0.159400,0.329411,0.152567,0.125832,3.750461,1.023191,0.579321,0.815851,0.406344,0.027641,0.477573,-252.387589,89.638367,-1046.652222,-262.788605,89.762848,-1046.861450,-261.578522,47.771893,-1033.595215,-255.411087,9.549935,-1053.329468,-241.403519,89.734222,-1046.792358,-242.439056,46.397938,-1040.028931,-247.996689,5.052094,-1047.555420,-252.118195,98.527718,-1046.147827,-251.234283,118.247154,-1044.560303,-250.533646,132.182800,-1042.959961,-249.071304,153.066666,-1040.190186,-248.874710,159.042480,-1039.688721,-248.902786,165.039978,-1039.524414,-252.822189,146.925751,-1040.904785,-270.905457,144.432785,-1039.196899,-278.178558,117.439384,-1040.996460,-270.068695,92.559158,-1031.059204,-246.208069,146.536148,-1041.047729,-228.139435,143.345016,-1041.393188,-221.512512,116.173538,-1042.363159,-226.494629,89.364265,-1035.847534,-252.395432,89.639816,-1046.654175,-10.394436,-0.370823,0.087181,0.103781,-44.050869,0.083090,0.772356,-43.445358,0.246175,10.960960,0.602527,-0.466886,0.039599,-43.873245,-0.087528,0.002186,-42.387302,-0.667020,-0.144542,8.905244,0.143477,-0.128797,19.802044,0.117452,-0.135620,14.043583,0.099183,-0.015706,21.117441,0.005246,0.004841,6.000032,-0.004595,0.019595,5.999763,-0.011737,-3.325908,14.688313,-0.067666,-18.333397,-0.006138,-0.074293,-28.013428,0.019773,-0.047697,-27.991253,-0.026774,-0.070837,3.296201,14.747185,0.182300,18.350721,0.015295,0.102980,27.984541,0.014107,0.103185,28.032818,0.121335,0.009622,0.999417,0.020160,-0.013994,-0.023670,0.984515,-0.170040,-0.007861,0.041522,-0.163057,-0.063289,0.005994,-0.005263,-0.990853,0.115947,0.048167,0.049316,0.969461,-0.099197,0.224126,-0.008464,0.968397,0.167451,-0.184233,-0.014961,0.993900,-0.089768,0.038324,0.051340,0.999837,0.016660,0.006425,-0.002597,0.999836,0.016352,0.006454,-0.004401,0.999460,0.012192,0.030107,-0.004985,0.999543,-0.024456,0.000435,0.017763,0.999424,-0.028530,0.000525,0.018395,0.996866,-0.020010,-0.075506,0.012441,0.994827,-0.009379,0.031244,0.096204,0.825027,0.096251,0.075573,0.551679,0.794916,0.497103,0.347559,-0.013967,0.581844,0.339269,0.655218,0.342072,-0.998038,0.021355,0.023718,0.053868,-0.837412,0.006757,0.024390,0.545980,0.592277,0.767337,-0.245369,-0.011322,0.272798,-0.890514,0.304155,0.199455
0.381043,0.248148,0.080128,0.549093,5.911352,0.643168,0.890399,1.085368,0.091111,4.971045,0.692515,0.225432,0.622423,0.380325,0.056670,0.368506,-252.320312,90.039482,-1046.943237,-262.933502,90.428001,-1047.469727,-262.500244,49.036709,-1032.445068,-256.935608,10.417349,-1051.017334,-241.328766,89.898201,-1046.650146,-242.453262,46.535130,-1039.808838,-248.001846,5.045467,-1047.548096,-251.995560,98.915367,-1046.327393,-251.031876,118.604591,-1044.454224,-250.216843,132.507690,-1042.660400,-248.643356,153.338974,-1039.562256,-248.411835,159.306259,-1038.982422,-248.405350,165.302231,-1038.760254,-252.396896,147.229034,-1040.438721,-270.533356,144.894348,-1039.268677,-277.245148,117.829338,-1041.928223,-268.696045,93.440094,-1031.341797,-245.828339,146.796249,-1040.479736,-227.777542,143.533859,-1040.283936,-221.301285,116.308716,-1040.143677,-229.439865,89.753403,-1036.142700,-252.324936,90.037178,-1046.939209,-10.628338,-0.150342,-0.000091,0.069454,-44.034370,0.055496,0.474172,-43.213993,0.287841,10.986547,0.402130,-0.266607,0.039726,-43.913513,-0.034139,-0.004913,-42.565102,-0.432190,-0.095689,8.901802,0.107161,-0.075484,19.801054,0.085519,-0.058240,14.041583,0.075282,-0.007878,21.119070,0.009525,0.005067,5.999862,-0.001376,0.013435,6.000065,-0.009778,-3.288985,14.683262,-0.044973,-18.323450,-0.007725,-0.055182,-28.011171,-0.023161,-0.053204,-27.928022,-0.111835,-0.136666,3.291612,14.741687,0.145276,18.343992,0.014633,0.087622,27.985628,-0.009380,0.041331,28.061207,0.088443,0.074453,0.998992,0.028146,-0.024815,-0.024566,0.979271,-0.198475,-0.009997,0.039006,0.915900,0.393085,-0.080929,0.002098,-0.990335,0.117660,0.065971,0.032106,0.967260,-0.107389,0.229755,-0.009284,0.967906,0.171829,-0.182883,-0.013640,0.993385,-0.093646,0.041989,0.051509,0.999843,0.016317,0.006130,-0.003201,0.999838,0.016016,0.006164,-0.005403,0.999494,0.012009,0.028753,-0.006337,0.999515,-0.025486,0.000456,0.017895,0.999386,-0.029732,0.000551,0.018532,0.997531,-0.021001,-0.065850,0.012395,0.994927,-0.010035,0.029192,0.095749,0.817537,0.093876,0.071513,0.563647,0.788408,0.493955,0.365903,-0.022639,0.584409,0.294982,0.661225,0.366206,-0.997990,0.025045,0.027321,0.051388,-0.836864,0.016605,0.041660,0.545553,0.580978,0.768369,-0.254878,-0.082995,0.269880,-0.861475,0.268837,0.334623
0.326657,0.358100,0.163896,0.464089,2.494276,0.514807,0.966836,0.334819,0.231192,4.368260,0.559063,0.986192,0.621228,0.245830,0.039284,0.264220,-252.426407,90.455750,-1047.012451,-263.101044,91.067764,-1047.641724,-263.159760,49.837158,-1032.216797,-259.700287,10.192633,-1048.543457,-241.443359,90.132179,-1046.513916,-242.569290,46.714527,-1039.765015,-248.009232,5.038108,-1047.541260,-252.071808,99.316750,-1046.373779,-251.064590,118.980820,-1044.366943,-250.198822,132.855698,-1042.442017,-248.601868,153.651031,-1039.115112,-248.349213,159.611450,-1038.470215,-248.298096,165.605072,-1038.173584,-252.334183,147.567734,-1040.088257,-270.504089,145.362198,-1039.269897,-276.587738,118.184662,-1042.247314,-267.213043,94.540436,-1030.908325,-245.811523,147.093613,-1040.103149,-227.762405,143.899765,-1039.593628,-221.838379,116.605743,-1038.284668,-232.692047,90.726517,-1036.815308,-252.428635,90.457085,-1047.008423,-10.707763,0.057033,0.011718,0.037204,-44.020710,0.074134,0.283825,-43.012924,0.265621,10.994614,0.236777,-0.179789,0.031716,-43.953590,0.007619,0.018970,-42.743237,-0.222196,-0.068283,8.890469,0.069989,-0.036529,19.791655,0.055434,-0.013251,14.034269,0.068898,-0.009585,21.120167,0.006369,0.005388,6.000562,0.002824,0.022636,6.001133,0.009677,-3.262088,14.693759,-0.026075,-18.321621,-0.002646,-0.039810,-28.008684,-0.058230,-0.064835,-27.847170,-0.140080,-0.117834,3.276072,14.720089,0.096090,18.336399,0.010159,0.070238,27.958864,-0.087812,-0.094782,28.097763,-0.008597,0.201652,0.998718,0.031434,-0.030802,-0.025003,0.977759,-0.206915,0.001464,0.034170,0.924851,0.369074,-0.090747,-0.013348,-0.991264,0.109371,0.072224,0.014494,0.965573,-0.109237,0.235912,-0.008969,0.967767,0.172453,-0.183148,-0.012030,0.993245,-0.095411,0.041991,0.050971,0.999832,0.017031,0.005840,-0.003427,0.999826,0.016717,0.005878,-0.005780,0.999522,0.012524,0.027417,-0.006832,0.999525,-0.025620,0.000439,0.017132,0.999396,-0.029889,0.000531,0.017742,0.997978,-0.021245,-0.058732,0.011787,0.995130,-0.011783,0.026906,0.094096,0.809024,0.098839,0.078817,0.574017,0.782938,0.488707,0.383490,-0.033249,0.587107,0.240680,0.669190,0.386690,-0.998077,0.027432,0.029039,0.047392,-0.830541,0.035895,0.058083,0.552747,0.569632,0.765721,-0.254543,-0.155901,0.259422,-0.818685,0.227705,0.458642
0.379904,0.294654,0.138982,0.968832,4.304352,0.696926,0.884466,0.511786,0.316513,4.049616,0.712923,2.113557,0.942922,0.470252,0.042837,0.123785,-252.659637,90.787270,-1046.765991,-263.270966,91.498680,-1047.349976,-263.940308,49.934788,-1032.872559,-263.221863,9.247681,-1046.441040,-241.698593,90.366905,-1046.328979,-242.741592,46.880459,-1039.871948,-248.019760,5.031377,-1047.539429,-252.308990,99.644997,-1046.154663,-251.295914,119.309189,-1044.188232,-250.444580,133.185181,-1042.267944,-248.888336,153.988495,-1038.973511,-248.631424,159.946014,-1038.298096,-248.560425,165.934235,-1037.914551,-252.595886,147.904770,-1039.930786,-270.791931,145.792099,-1039.412720,-276.154572,118.448181,-1042.191895,-265.679840,95.688248,-1030.170410,-246.111679,147.420685,-1039.931641,-228.070282,144.320236,-1039.169678,-222.796585,116.948021,-1036.731201,-235.892654,92.069397,-1037.705811,-252.663971,90.787636,-1046.759644,-10.648680,0.156273,0.010040,0.003451,-44.017536,0.071407,0.190788,-42.893417,0.235263,10.975431,0.141377,-0.196058,0.028812,-43.975361,-0.003359,0.026539,-42.871349,-0.145940,-0.077762,8.885223,0.070625,-0.034254,19.788206,0.056172,-0.017378,14.033952,0.080198,-0.013642,21.119970,-0.015062,0.000118,6.001207,-0.004166,0.011275,6.000912,0.011044,-3.253627,14.702496,0.007291,-18.325974,0.001446,-0.012019,-28.003302,-0.079150,-0.056231,-27.789944,-0.147836,-0.082249,3.248491,14.708206,0.059682,18.321558,0.007693,0.061608,27.980352,-0.036160,-0.116524,28.126377,-0.038070,0.142468,0.998812,0.029939,-0.029040,-0.025209,0.980260,-0.195169,0.022270,0.022259,0.942858,0.324178,-0.075708,-0.013335,0.992907,-0.099112,-0.065097,0.008403,0.965075,-0.104669,0.240035,-0.007572,0.968125,0.168486,-0.185045,-0.010246,0.993545,-0.094692,0.037870,0.049666,0.999831,0.017517,0.004605,-0.003193,0.999827,0.017190,0.004642,-0.005376,0.999663,0.012762,0.021648,-0.006441,0.999634,-0.021941,0.000348,0.015837,0.999538,-0.025597,0.000420,0.016401,0.998507,-0.018264,-0.050368,0.010629,0.995371,-0.012714,0.023905,0.092215,0.800125,0.103491,0.090315,0.583893,0.772568,0.493437,0.397498,-0.040652,0.585605,0.190746,0.683897,0.391089,-0.998195,0.027427,0.029318,0.044666,-0.821658,0.050010,0.071535,0.563257,0.553903,0.762403,-0.251289,-0.220842,0.238884,-0.766530,0.194022,0.563609
0.593094,0.424829,0.218628,0.847282,3.448461,3.426339,1.267161,0.883478,0.235141,2.750556,1.830178,1.895543,0.596121,0.530972,0.200228,0.181213,-253.064529,90.965508,-1046.386963,-263.683228,91.644783,-1046.944824,-264.911743,49.603291,-1033.956055,-266.486755,8.203757,-1045.013062,-242.037796,90.542755,-1046.074219,-243.061066,46.987885,-1040.047363,-248.035858,5.027217,-1047.541138,-252.733978,99.832634,-1045.836304,-251.744720,119.514748,-1044.016602,-250.923599,133.407715,-1042.191895,-249.359726,154.236221,-1039.065796,-249.102386,160.193268,-1038.380005,-249.035431,166.175156,-1037.891846,-253.075775,148.136398,-1039.958862,-271.286011,146.055756,-1039.525879,-275.903137,118.544189,-1042.028320,-264.232910,96.777740,-1029.334106,-246.615845,147.667160,-1039.968628,-228.576096,144.663986,-1039.070190,-223.974121,117.270012,-1035.881836,-238.447540,93.288368,-1038.635132,-253.061661,90.961273,-1046.390869,-10.656033,0.136530,-0.092951,-0.022659,-44.018578,0.040984,0.102445,-42.874706,0.156316,11.037300,0.126269,-0.182302,0.040042,-43.981476,-0.008824,0.078208,-42.912075,-0.126008,-0.092961,8.889466,0.080805,-0.053958,19.790596,0.062025,-0.047435,14.035889,0.087989,-0.011734,21.119759,-0.030199,-0.000316,6.001867,0.002168,0.006996,6.001846,0.054900,-3.257175,14.694922,0.019747,-18.333515,-0.001081,0.002192,-28.007517,-0.096018,-0.060767,-27.767229,-0.149968,-0.044105,3.219984,14.712788,0.042252,18.310087,0.007911,0.053661,27.959127,-0.045768,-0.158520,28.139761,-0.070682,0.155578,0.999093,0.026155,-0.022833,-0.024658,0.983527,-0.175259,0.043104,0.009683,0.957805,0.278322,-0.070453,-0.013115,0.994276,-0.087431,-0.057931,0.020332,0.966934,-0.096121,0.236116,-0.006867,0.969327,0.161523,-0.185054,-0.008355,0.993867,-0.092955,0.035560,0.048194,0.999832,0.017727,0.003478,-0.003179,0.999828,0.017393,0.003514,-0.005340,0.999762,0.012836,0.016384,-0.006526,0.999710,-0.018058,0.000288,0.015949,0.999641,-0.021067,0.000348,0.016517,0.998698,-0.014970,-0.047629,0.010462,0.995450,-0.012047,0.022096,0.091898,0.791827,0.104913,0.097981,0.593635,0.762586,0.496916,0.411527,-0.046700,0.581312,0.141451,0.693459,0.401456,-0.998246,0.028348,0.030964,0.041730,-0.814087,0.046135,0.086050,0.572473,0.547403,0.755698,-0.250012,-0.258380,0.226655,-0.721031,0.175782,0.630729
1.568005,0.413942,0.149813,0.991555,4.206883,1.883676,0.669927,0.555475,0.189047,2.691471,1.072088,0.285506,0.985439,0.240529,0.149454,0.149194,-253.903946,91.061562,-1045.734253,-264.742889,91.618042,-1046.213989,-266.330475,48.957970,-1035.452759,-269.475342,7.136221,-1044.588135,-242.700714,90.715759,-1045.603516,-243.701202,47.070911,-1040.283936,-248.060425,5.018148,-1047.541260,-253.613983,99.945625,-1045.318604,-252.675339,119.658638,-1043.786499,-251.870575,133.576523,-1042.148804,-250.243698,154.442642,-1039.323120,-249.974182,160.401917,-1038.666138,-249.902771,166.379837,-1038.146606,-253.969193,148.313797,-1040.058594,-272.182251,146.300797,-1039.478271,-275.957764,118.632179,-1041.612671,-262.556702,98.368507,-1028.164062,-247.546768,147.869751,-1040.179688,-229.495010,145.025909,-1039.417969,-225.502319,117.669418,-1035.378174,-241.111404,94.692116,-1039.844238,-253.914276,91.060555,-1045.726562,-10.863851,0.047002,-0.220197,-0.051911,-44.024624,-0.013344,-0.035193,-42.922153,-0.088653,11.208838,0.165457,-0.146931,0.062713,-43.979034,-0.006579,0.205227,-42.894886,-0.104302,-0.109291,8.897676,0.083676,-0.077317,19.794594,0.067776,-0.073265,14.036586,0.098528,-0.010411,21.119255,-0.043243,-0.000968,6.001439,-0.005371,0.003009,6.000740,0.036922,-3.246646,14.677696,0.055711,-18.332994,-0.018925,0.024476,-28.005320,-0.131649,-0.053235,-27.765642,-0.128987,0.027460,3.192212,14.719967,0.011359,18.290028,0.006885,0.037070,27.938646,-0.061083,-0.173898,28.130989,-0.081775,0.155950,0.999493,0.018415,-0.012459,-0.022735,0.987214,-0.141658,0.072922,-0.002594,0.970271,0.228371,-0.079491,-0.009336,0.995539,-0.083577,-0.034342,0.027040,0.971548,-0.079983,0.222845,-0.005719,0.971837,0.149732,-0.181872,-0.005844,0.994335,-0.089850,0.034893,0.044804,0.999825,0.018202,0.002528,-0.003618,0.999819,0.017857,0.002570,-0.006061,0.999813,0.013132,0.011977,-0.007575,0.999784,-0.012981,0.000210,0.016212,0.999744,-0.015144,0.000254,0.016790,0.998694,-0.010609,-0.048875,0.010402,0.995623,-0.009295,0.020533,0.090697,0.780744,0.108239,0.108070,0.605839,0.747948,0.498787,0.434328,-0.056005,0.571246,0.072250,0.702516,0.418192,-0.998500,0.026785,0.030457,0.036781,-0.805723,0.030797,0.112883,0.580612,0.540030,0.746723,-0.255007,-0.292804,0.224016,-0.668995,0.169687,0.688062
0.818818,0.319360,0.365443,0.515214,3.165801,1.269840,2.144673,1.194932,0.260534,3.119075,0.568046,1.192721,0.851579,0.656591,0.398437,0.058820,-254.761612,91.069572,-1045.018799,-265.769684,91.444923,-1045.496094,-267.596130,48.368168,-1036.582275,-270.774994,6.258427,-1044.912842,-243.428101,90.827316,-1044.975830,-244.372452,47.105087,-1040.372803,-248.077469,5.009904,-1047.533081,-254.548538,99.980965,-1044.768433,-253.718140,119.732338,-1043.554932,-252.929550,133.680283,-1042.100342,-251.238342,154.577545,-1039.553345,-250.953506,160.539459,-1038.930176,-250.870560,166.515549,-1038.394409,-254.974274,148.454529,-1040.118408,-273.180115,146.489090,-1039.266724,-276.433105,118.727577,-1041.085693,-261.293976,99.973412,-1027.259644,-248.576447,147.988785,-1040.378052,-230.494812,145.296036,-1039.953369,-226.855377,117.955338,-1035.468262,-243.064133,95.688004,-1041.138306,-254.768463,91.066803,-1045.011108,-11.021659,-0.052144,-0.313987,-0.031595,-44.027546,-0.053703,-0.058997,-43.044083,-0.202794,11.333622,0.188161,-0.127671,0.081990,-43.973816,-0.001101,0.326624,-42.857765,-0.096939,-0.123164,8.916599,0.084543,-0.088050,19.805986,0.077073,-0.070388,14.045321,0.117829,-0.006446,21.119684,-0.045927,-0.000746,6.001148,-0.005434,0.001395,6.000524,0.035032,-3.238407,14.693650,0.097036,-18.331099,-0.010183,0.041055,-28.009565,-0.149498,-0.045002,-27.785988,-0.115391,0.066323,3.180541,14.714880,-0.003233,18.286160,0.003738,0.019517,27.943550,-0.050157,-0.155875,28.118021,-0.073971,0.133729,0.999748,0.009151,-0.007605,-0.018950,0.991683,-0.111108,0.063990,-0.007318,0.978483,0.196373,-0.062313,-0.006285,0.995246,-0.091002,-0.021635,0.027067,0.974202,-0.062210,0.216845,-0.005482,0.973480,0.139594,-0.181218,-0.002788,0.994739,-0.087489,0.034906,0.040248,0.999800,0.019299,0.002728,-0.004557,0.999788,0.018936,0.002784,-0.007629,0.999772,0.013974,0.012967,-0.009573,0.999823,-0.009442,0.000154,0.016277,0.999797,-0.011015,0.000186,0.016858,0.998571,-0.007552,-0.051895,0.010303,0.995678,-0.006764,0.020360,0.090356,0.772841,0.117838,0.120312,0.611836,0.733498,0.497636,0.458099,-0.066765,0.559567,0.010953,0.711318,0.425063,-0.998854,0.022502,0.027066,0.032387,-0.798818,0.019942,0.131301,0.586720,0.526529,0.746306,-0.259963,-0.313368,0.234163,-0.631023,0.174731,0.718601
0.411732,0.311151,0.380268,0.999224,0.853597,0.914856,1.238439,0.537264,0.377749,3.053278,0.459937,1.808753,1.442606,0.444726,0.194730,0.211321,-255.589844,90.766212,-1044.345337,-266.720245,90.808022,-1044.879761,-268.365295,47.332428,-1037.911621,-270.920837,4.715042,-1044.994263,-244.217834,90.711342,-1044.231323,-244.823639,46.951599,-1040.130249,-248.091995,4.999301,-1047.519043,-255.432236,99.718147,-1044.231934,-254.721436,119.513161,-1043.285034,-253.975739,133.503540,-1042.011475,-252.320618,154.433167,-1039.714844,-252.035187,160.398743,-1039.129639,-251.934845,166.374664,-1038.597534,-256.035156,148.315918,-1040.159668,-274.226196,146.355072,-1039.094482,-277.234772,118.545525,-1040.485229,-260.598724,101.225204,-1026.473755,-249.647461,147.835464,-1040.506714,-231.519516,145.358475,-1040.454102,-228.186691,117.937897,-1036.124878,-244.619339,96.048325,-1042.488037,-255.582535,90.770981,-1044.352051,-11.132044,-0.284729,-0.380754,-0.021421,-44.058937,-0.065139,-0.060728,-43.269405,-0.188494,11.368068,0.279486,-0.042899,0.086153,-43.955944,0.017011,0.364557,-42.724213,-0.067201,-0.106148,8.952375,0.075764,-0.073081,19.829554,0.076982,-0.052248,14.066968,0.112092,-0.008764,21.120123,-0.043238,-0.002406,6.000977,-0.005350,0.003933,6.000323,0.030530,-3.233587,14.717336,0.114324,-18.327345,-0.001507,0.052033,-28.005671,-0.157243,-0.034986,-27.801451,-0.099470,0.085546,3.180491,14.706667,-0.018392,18.296400,0.001966,0.002353,27.959202,-0.027104,-0.130914,28.100218,-0.054118,0.107374,0.999863,0.002178,-0.006934,-0.014854,0.996443,-0.082561,0.015746,-0.003905,0.986862,0.159787,-0.020601,-0.011287,0.996126,-0.083811,-0.016514,0.020870,0.974226,-0.049674,0.220007,-0.003414,0.973892,0.137061,-0.180958,-0.001619,0.994879,-0.089337,0.030303,0.036278,0.999787,0.019703,0.003222,-0.005196,0.999770,0.019334,0.003288,-0.008702,0.999720,0.014345,0.015314,-0.010895,0.999860,-0.006766,0.000103,0.015280,0.999844,-0.007893,0.000125,0.015825,0.998546,-0.005294,-0.052778,0.009577,0.995759,-0.006144,0.020812,0.089401,0.768379,0.130059,0.133750,0.612198,0.721590,0.493467,0.479639,-0.075762,0.543507,-0.038790,0.720960,0.428129,-0.999284,0.014049,0.020843,0.028266,-0.790906,0.015851,0.137516,0.596074,0.510491,0.754784,-0.260885,-0.318804,0.250713,-0.606126,0.181272,0.732726
0.398675,0.412766,0.281279,0.810115,2.043072,0.986250,1.645873,0.563871,0.379907,3.263969,0.416579,1.827411,1.517248,0.450193,0.195201,0.234497,-256.518250,90.884987,-1043.597778,-267.796112,91.089584,-1044.172119,-268.809937,47.394012,-1039.064087,-270.958618,4.972043,-1045.001465,-245.109009,90.736191,-1043.370728,-245.037247,46.945030,-1039.259399,-248.108307,5.029492,-1047.503540,-256.403198,99.821899,-1043.617676,-255.843475,119.618965,-1042.920532,-255.193771,133.613998,-1041.826050,-253.692566,154.574951,-1039.723999,-253.423218,160.545074,-1039.182861,-253.300079,166.523392,-1038.691162,-257.359009,148.421722,-1040.101685,-275.541077,146.429276,-1038.958252,-278.424652,118.572838,-1039.710205,-260.420258,102.921371,-1025.431274,-250.969116,147.999359,-1040.513916,-232.798172,145.733505,-1040.817017,-229.840118,118.136909,-1037.248047,-245.940201,96.101311,-1043.809814,-256.515503,90.889946,-1043.599976,-11.282017,-0.012133,-0.397262,-0.038320,-44.003239,-0.070999,-0.137715,-42.882130,-0.292151,11.411592,0.075656,0.048735,0.087114,-43.984322,0.029716,0.377942,-42.830303,0.009387,-0.064674,8.936697,0.057041,-0.045809,19.816700,0.061163,-0.033844,14.052127,0.084388,-0.014244,21.119440,-0.029574,-0.004969,6.000639,-0.004295,0.010567,5.999741,0.018465,-3.235047,14.711673,0.121080,-18.326525,-0.003292,0.057037,-28.015265,-0.148837,-0.036389,-27.802160,-0.095577,0.065849,3.179512,14.710880,-0.055365,18.313999,0.007085,-0.027558,27.983322,-0.004117,-0.076495,28.068235,-0.012751,0.065600,-0.999910,0.004283,0.007767,0.010035,-0.301172,0.013349,-0.000202,0.000581,0.992058,0.124404,-0.007918,-0.016168,0.997189,-0.072152,-0.010669,0.017022,0.974154,-0.043926,0.221565,0.000780,0.973367,0.148786,-0.174348,-0.003065,0.994266,-0.098811,0.022834,0.033830,0.999774,0.020241,0.003667,-0.005459,0.999754,0.019865,0.003737,-0.009147,0.999674,0.014793,0.017411,-0.011400,0.999902,-0.005550,0.000071,0.012877,0.999890,-0.006475,0.000086,0.013337,0.998608,-0.004347,-0.051939,0.008059,0.996020,-0.004651,0.019936,0.086743,0.766634,0.135991,0.148736,0.609631,0.706366,0.489815,0.504336,-0.082165,0.520993,-0.086645,0.734853,0.425421,-0.999538,0.003267,0.013675,0.026921,-0.782448,0.020738,0.126087,0.609449,0.489512,0.776489,-0.249312,-0.308610,0.274685,-0.601056,0.180447,0.728486
0.746565,0.005498,0.115602,1.128776,3.300038,0.959251,1.448782,0.850242,0.371486,3.584145,0.296704,1.947576,1.589188,0.495003,0.256219,0.283763,-257.275269,91.029984,-1043.107178,-268.364563,91.349464,-1043.672729,-269.336823,47.551613,-1039.859619,-270.975250,5.075239,-1044.991211,-245.926758,90.760651,-1042.803223,-245.060074,46.971806,-1038.430054,-248.112167,5.075855,-1047.491089,-257.212677,99.967606,-1043.172241,-256.772736,119.771576,-1042.565674,-256.253632,133.779617,-1041.564209,-254.944824,154.759293,-1039.537842,-254.698547,160.733414,-1039.036377,-254.559341,166.716400,-1038.619873,-258.569305,148.589600,-1039.923584,-276.729980,146.480774,-1038.716675,-279.538116,118.606071,-1038.946899,-260.632446,104.490356,-1024.249390,-252.169815,148.220596,-1040.329346,-233.979980,146.087708,-1040.811157,-231.271912,118.318146,-1038.393677,-246.384399,95.607872,-1044.729004,-257.274597,91.028717,-1043.108765,-11.094621,0.152881,-0.518470,-0.002976,-43.974747,-0.101499,-0.044137,-42.817043,-0.473003,11.350442,-0.096307,0.256302,0.064713,-44.015160,0.052019,0.308271,-42.970673,0.217807,-0.074677,8.937892,0.038717,-0.058285,19.818216,0.039557,-0.067099,14.053409,0.047790,-0.016352,21.117949,-0.009800,-0.006569,6.000183,-0.002320,0.014787,5.999103,0.002171,-3.251284,14.724249,0.097261,-18.322546,0.009961,0.050549,-28.016645,-0.136444,-0.031508,-27.797087,-0.083097,0.041580,3.170077,14.720232,-0.062333,18.320478,-0.001689,-0.066824,28.006226,-0.000920,-0.032720,28.005472,0.037347,0.014248,-0.999951,0.005755,0.001932,0.007718,-0.999223,0.038823,0.004132,0.003035,0.995006,0.098702,-0.008790,-0.009926,0.998006,-0.060024,-0.014103,0.013158,0.975503,-0.046297,0.214938,0.007030,0.971784,0.164392,-0.168987,-0.006727,0.993374,-0.109024,0.017965,0.031541,0.999782,0.020067,0.002928,-0.004890,0.999768,0.019690,0.002991,-0.008188,0.999744,0.014557,0.013928,-0.010260,0.999926,-0.006688,0.000067,0.010109,0.999914,-0.007803,0.000081,0.010470,0.998679,-0.005426,-0.050679,0.006425,0.996056,-0.008006,0.020530,0.085943,0.768734,0.133859,0.150194,0.607097,0.688114,0.491751,0.526380,-0.086919,0.498541,-0.122596,0.749381,0.418035,0.999552,0.002424,-0.010573,-0.027886,-0.777291,0.025836,0.100694,0.620466,0.476781,0.799398,-0.228401,-0.285308,0.291959,-0.635790,0.153316,0.697648
1.716652,0.690904,0.152845,0.751514,2.972142,0.578918,2.412233,0.898526,0.335622,3.125085,0.369948,2.393176,1.395823,0.533795,0.397048,0.322814,-258.014618,91.112350,-1042.713745,-269.053619,91.496819,-1043.133911,-269.763214,47.601879,-1040.903320,-270.987000,5.064600,-1044.990723,-246.607269,90.793121,-1042.441162,-245.206345,47.002560,-1038.037598,-248.117432,5.098820,-1047.485840,-257.971313,100.049721,-1042.780029,-257.605194,119.856590,-1042.172485,-257.176910,133.870361,-1041.203247,-256.018341,154.859375,-1039.176147,-255.797485,160.836884,-1038.707642,-255.669205,166.825699,-1038.377441,-259.610962,148.646591,-1039.587158,-277.737488,146.361237,-1038.245605,-280.643524,118.484665,-1038.145996,-261.115509,105.840836,-1022.941467,-253.190399,148.351578,-1039.977661,-235.059540,146.210648,-1040.972656,-232.461563,118.362480,-1039.147339,-246.281860,94.850273,-1045.308350,-258.013794,91.111916,-1042.716553,-11.041894,0.245149,-0.489713,-0.005517,-43.957336,-0.091933,-0.049398,-42.747604,-0.494905,11.413424,-0.173433,0.346390,0.151553,-44.033066,0.102505,0.274338,-43.050518,0.410799,-0.072224,8.937360,0.012739,-0.066928,19.819386,0.013800,-0.087554,14.053368,0.013538,-0.013811,21.118469,0.013031,-0.005819,5.999887,0.000843,0.012786,5.999242,-0.013563,-3.259830,14.704586,0.083828,-18.319094,-0.000480,0.043767,-28.027773,-0.129406,-0.038585,-27.791212,-0.074931,0.015877,3.177766,14.731127,-0.052072,18.277193,-0.089030,-0.479570,28.025324,-0.099411,-0.373250,27.960545,0.077663,-0.033471,0.999963,-0.004372,0.003395,-0.006473,-0.003453,0.002155,0.001837,0.000274,0.997507,0.068310,-0.015640,-0.006757,0.998689,-0.047783,-0.016019,0.008722,0.975753,-0.048682,0.213169,0.009739,0.970675,0.171721,-0.168107,-0.006350,0.992884,-0.114723,0.013187,0.029062,0.999799,0.019456,0.002300,-0.004305,0.999789,0.019088,0.002353,-0.007205,0.999800,0.014035,0.010958,-0.009076,0.999922,-0.009115,0.000078,0.008585,0.999904,-0.010634,0.000094,0.008892,0.998689,-0.007562,-0.050311,0.005608,0.995935,-0.008674,0.023380,0.086549,0.774493,0.124068,0.145690,0.602940,0.667832,0.493595,0.549506,-0.091580,0.477351,-0.156821,0.762694,0.407189,0.999471,0.003490,-0.009161,-0.030992,-0.776338,0.024625,0.097564,0.622233,0.498907,0.797345,-0.199391,-0.274832,0.304188,-0.676861,0.096924,0.663187
1.672031,0.962609,0.178202,0.995876,4.541909,0.384212,2.486139,0.521841,0.296599,2.371028,0.870488,2.893048,1.181893,0.519829,0.461798,0.347796,-258.867340,91.171051,-1042.348511,-269.898621,91.607697,-1042.626709,-270.329193,47.660751,-1042.378540,-271.000305,5.058110,-1044.986694,-247.212708,90.835526,-1042.287476,-245.604706,47.038792,-1037.893188,-248.119949,5.088073,-1047.489624,-258.855377,100.104080,-1042.360107,-258.520752,119.907829,-1041.666626,-258.118988,133.920380,-1040.641479,-256.959869,154.902481,-1038.534302,-256.754364,160.881882,-1038.089111,-256.675476,166.876144,-1037.846680,-260.562469,148.665741,-1038.963379,-278.646362,146.257065,-1037.360840,-282.026062,118.433624,-1036.950439,-262.045013,107.419029,-1021.138672,-254.146774,148.419037,-1039.380005,-236.019287,146.148911,-1039.910767,-233.036270,118.179993,-1040.106567,-245.805984,94.010628,-1046.022339,-258.866638,91.170250,-1042.347778,-11.027982,0.305316,-0.521755,0.011563,-43.949154,-0.098210,-0.037694,-42.685654,-0.438721,11.653193,-0.195673,0.314394,0.347383,-44.044090,0.185129,0.319254,-43.103027,0.512515,-0.095326,8.932473,0.028205,-0.085879,19.818525,0.018616,-0.106564,14.055513,0.017626,0.000600,21.119463,0.023925,-0.001229,5.999460,0.001372,0.001049,5.999615,-0.027304,-3.259348,14.683204,0.077245,-18.313705,-0.006296,0.042565,-28.030701,-0.120480,-0.037060,-27.759165,-0.059459,-0.024880,3.172938,14.748078,-0.044414,18.276596,0.010992,0.114083,28.128782,0.117060,0.315275,27.966213,0.075852,-0.254105,0.999918,-0.002303,0.011027,-0.006017,0.999924,-0.001603,0.011773,0.000960,0.999163,0.029375,-0.027966,-0.001981,0.999217,-0.031100,-0.024211,0.002556,0.977258,-0.050618,0.205748,0.008453,0.971216,0.173293,-0.163424,-0.000929,0.992727,-0.117383,0.007960,0.025500,0.999801,0.019421,0.001665,-0.004177,0.999793,0.019052,0.001716,-0.006983,0.999831,0.013949,0.007986,-0.008872,0.999871,-0.012844,0.000124,0.009674,0.999837,-0.014985,0.000150,0.010020,0.998501,-0.010705,-0.053286,0.006471,0.995663,-0.006636,0.027898,0.088500,0.784266,0.108806,0.140111,0.594517,0.643420,0.492227,0.577566,-0.100616,0.459336,-0.195102,0.778096,0.381415,-0.999300,0.000398,0.008869,0.036335,-0.782989,0.005359,0.048689,0.620095,0.495045,0.812631,-0.199740,-0.233785,0.294797,-0.699405,0.058721,0.648432
0.469212,1.173927,0.184605,1.054790,5.764777,0.315058,0.839635,0.573281,0.230769,1.466730,2.452221,3.421741,1.053590,0.513505,0.385364,0.373441,-259.579956,91.196739,-1041.887085,-270.632141,91.626663,-1042.185059,-270.793701,47.690708,-1043.479980,-271.017670,5.037739,-1044.988159,-248.252869,90.868324,-1041.671021,-246.006256,47.043339,-1037.840454,-248.118149,5.077309,-1047.492676,-259.571747,100.132431,-1041.900024,-259.225342,119.940186,-1041.220947,-258.793396,133.960403,-1040.158691,-257.578033,154.941788,-1038.069458,-257.378235,160.923187,-1037.650513,-257.338196,166.920074,-1037.458008,-261.213959,148.698837,-1038.445679,-279.270447,146.285889,-1036.573853,-283.240356,118.540619,-1035.900513,-263.053070,108.856903,-1019.554443,-254.762085,148.469849,-1038.935425,-236.608963,146.128189,-1039.942017,-232.987244,118.190773,-1041.211670,-245.727921,93.876732,-1046.677490,-259.584534,91.196991,-1041.880371,-11.040627,0.301595,-0.630293,0.016061,-43.954876,-0.100727,-0.046225,-42.677811,-0.486955,11.304008,-0.197097,0.564392,-0.094591,-44.048615,0.277864,0.353945,-43.107136,0.571495,-0.098851,8.935112,0.061141,-0.085270,19.822222,0.057060,-0.097716,14.066552,0.073326,0.008831,21.120171,0.021426,0.001228,5.999375,0.000861,-0.006406,6.000053,-0.026581,-3.272756,14.673048,0.089279,-18.312906,-0.009031,0.043102,-28.036100,-0.108703,-0.033053,-27.721348,-0.047614,-0.065311,3.201587,14.765802,-0.039507,18.328619,0.010370,-0.098421,28.193581,0.311759,-0.048383,27.986862,-0.129875,-0.355475,0.999860,-0.004272,0.015013,-0.005944,0.999735,0.017762,0.013667,0.004698,0.999371,-0.001604,-0.035313,-0.000202,-0.999571,0.018411,0.022698,0.001859,0.975762,-0.042161,0.213645,0.021537,0.970014,0.167265,-0.176156,-0.007928,0.992693,-0.118531,0.006730,0.021573,0.999787,0.020094,0.001849,-0.004336,0.999778,0.019713,0.001904,-0.007251,0.999814,0.014448,0.008861,-0.009190,0.999827,-0.014820,0.000167,0.011255,0.999783,-0.017289,0.000202,0.011657,0.998167,-0.012296,-0.058742,0.007595,0.995567,-0.004875,0.030356,0.088891,0.792582,0.096670,0.133472,0.587065,0.623767,0.487114,0.601284,-0.109836,0.450293,-0.226841,0.789140,0.350688,-0.999237,0.003186,0.007407,0.038209,-0.789437,-0.005014,0.037484,0.612605,0.502058,0.807637,-0.214400,-0.222767,0.278305,-0.690995,0.075459,0.662828
0.907228,1.291491,0.131024,1.238021,3.782438,0.381651,1.099692,0.845083,0.207786,1.304263,3.107885,3.319702,1.089944,0.545886,0.280177,0.367021,-260.197845,91.300812,-1041.450439,-271.211639,91.697502,-1041.935547,-271.211426,47.761803,-1043.549927,-271.034973,5.072159,-1044.993164,-248.925491,90.916290,-1041.128418,-246.374908,47.060150,-1037.810547,-248.121277,5.084229,-1047.489014,-260.209473,100.254486,-1041.489624,-259.858124,120.073120,-1040.828491,-259.362610,134.098114,-1039.759644,-258.009399,155.070114,-1037.650146,-257.792419,161.051468,-1037.237671,-257.763763,167.049194,-1037.063354,-261.711609,148.847900,-1037.971069,-279.746552,146.511307,-1035.762085,-284.496338,118.897530,-1034.743530,-264.185120,110.656746,-1017.802429,-255.174789,148.574020,-1038.587036,-237.140579,146.052689,-1039.838257,-232.686356,118.428230,-1042.071655,-246.793701,94.705200,-1046.794067,-260.190582,91.301521,-1041.457642,-11.001873,0.285095,-0.785779,0.021845,-43.964752,-0.133976,-0.013987,-42.708260,-0.779452,11.265493,-0.269208,0.631104,-0.039752,-44.054756,0.206717,0.305701,-43.106647,0.697691,-0.107861,8.953167,0.059454,-0.088845,19.832649,0.063757,-0.079905,14.074005,0.077932,0.008725,21.121223,0.019251,0.002224,5.999442,0.001566,-0.009300,6.000270,-0.021597,-3.302354,14.675303,0.096605,-18.319387,-0.006732,0.045067,-28.036798,-0.091103,-0.029020,-27.703934,-0.029313,-0.088744,3.265503,14.757802,-0.052120,18.255207,-0.010029,0.012314,28.070120,0.081213,-0.032604,27.999935,-0.146626,-0.126222,0.999873,-0.005586,0.013877,-0.005372,0.999718,0.022063,0.006440,0.005872,0.999513,-0.008671,-0.029886,0.002075,-0.999666,0.015811,0.019847,0.004788,0.976602,-0.036966,0.210308,0.025517,0.970965,0.164249,-0.173735,-0.008062,0.992640,-0.119614,0.008033,0.017136,0.999765,0.020837,0.003108,-0.005109,0.999749,0.020446,0.003177,-0.008558,0.999718,0.015134,0.014794,-0.010701,0.999785,-0.016264,0.000209,0.012829,0.999732,-0.018974,0.000252,0.013287,0.997697,-0.013401,-0.065922,0.008727,0.995505,-0.002457,0.032392,0.088962,0.801704,0.081099,0.127243,0.578358,0.604074,0.478709,0.625624,-0.120484,0.442879,-0.261528,0.796569,0.317679,-0.999128,0.009342,0.005162,0.040350,-0.804509,-0.003923,0.011826,0.593799,0.491665,0.800499,-0.252833,-0.231337,0.252164,-0.658896,0.099577,0.701641
0.558596,0.603872,0.087437,1.564992,4.765864,0.634977,0.725405,0.212263,0.199349,1.255384,3.076956,2.819629,1.087608,0.587230,0.152820,0.335734,-260.746368,91.451721,-1041.213745,-271.843719,91.769218,-1041.830566,-271.510010,47.822956,-1043.278198,-271.032898,5.057957,-1044.984619,-249.521698,91.010773,-1040.704834,-246.673615,47.138149,-1037.685791,-248.128052,5.124338,-1047.472900,-260.736755,100.441658,-1041.260864,-260.365784,120.284943,-1040.550415,-259.813934,134.327805,-1039.438354,-258.384064,155.281281,-1037.196899,-258.145905,161.260513,-1036.765625,-258.089966,167.257965,-1036.592651,-262.111969,149.086365,-1037.527710,-280.133728,146.900589,-1035.089966,-285.831726,119.487473,-1033.578369,-265.367096,112.843994,-1015.903442,-255.568802,148.782013,-1038.213257,-237.551270,146.179825,-1039.732056,-232.145828,118.829079,-1042.408813,-248.177719,96.497116,-1046.351318,-260.749054,91.452202,-1041.213745,-11.092231,0.221355,-0.734077,-0.004647,-43.971081,-0.144667,-0.098646,-42.792179,-0.897547,11.221880,-0.342770,0.625799,-0.029398,-44.068195,0.168769,0.226984,-43.156364,0.759414,-0.071401,8.989912,0.028881,-0.052000,19.859617,0.033875,-0.037720,14.097868,0.049260,0.009893,21.121473,0.017878,0.002268,5.999489,0.001893,-0.002181,6.000196,-0.018296,-3.308360,14.690419,0.096807,-18.316910,-0.002318,0.045638,-28.038828,-0.085531,-0.022795,-27.844965,-0.020084,-0.028513,3.274497,14.754986,-0.064268,18.267832,-0.006294,-0.011963,28.006784,0.036709,-0.138361,27.751743,-0.332641,-0.007979,0.999967,-0.004192,0.005313,-0.004570,0.863809,0.016397,0.002353,0.007547,0.999858,-0.005351,-0.015658,0.002725,-0.999585,0.016815,0.021335,0.009536,0.974784,-0.035799,0.218348,0.028956,0.970885,0.162939,-0.175415,-0.007871,0.992699,-0.119566,0.009706,0.012619,0.999743,0.021344,0.004966,-0.005777,0.999721,0.020953,0.005046,-0.009698,0.999529,0.015752,0.023514,-0.011897,0.999758,-0.018010,0.000227,0.012593,0.999694,-0.021012,0.000274,0.013042,0.997550,-0.014891,-0.067790,0.008717,0.995721,-0.002813,0.034800,0.085564,0.811529,0.066989,0.124421,0.566965,0.585553,0.463606,0.651350,-0.133892,0.420567,-0.300551,0.804030,0.293775,-0.998942,0.018918,0.002697,0.041829,0.817127,-0.021649,0.018698,-0.575732,0.455446,0.796463,-0.296709,-0.264821,0.233836,-0.610089,0.131965,0.745337
0.620369,0.560382,0.314532,0.778603,5.131123,0.487184,0.785183,0.941573,0.170939,2.695673,1.458615,1.682389,0.685464,0.615533,0.092924,0.231261,-261.130676,91.498650,-1040.982300,-272.145752,91.796669,-1041.730469,-271.882874,47.846981,-1043.197510,-271.034119,5.054859,-1044.980835,-249.962570,91.050758,-1040.435425,-246.845276,47.175526,-1037.654541,-248.127609,5.153798,-1047.464111,-261.083740,100.499802,-1040.998657,-260.675842,120.354004,-1040.261475,-260.126770,134.412872,-1039.119507,-258.747070,155.368546,-1036.863892,-258.507477,161.348114,-1036.431152,-258.424347,167.345367,-1036.250366,-262.461395,149.190048,-1037.214233,-280.474274,147.013779,-1034.711670,-287.052246,119.840225,-1032.567383,-266.706268,115.058708,-1014.112732,-255.931915,148.859314,-1037.851196,-237.916992,146.259506,-1039.350586,-231.409210,119.233894,-1042.490845,-249.939087,98.294922,-1045.496948,-261.127075,91.496788,-1040.983154,-11.011681,0.190841,-0.832398,0.008221,-43.974644,-0.147254,-0.042023,-42.827148,-0.911076,11.168540,-0.335701,0.629798,-0.054284,-44.073025,0.160963,0.114168,-43.162300,0.795020,-0.047428,9.000506,0.059269,-0.027632,19.871655,0.053413,-0.033649,14.115295,0.068304,0.005646,21.121824,0.011133,0.001392,5.999994,0.000350,0.005580,6.000539,-0.009828,-3.312568,14.712430,0.083819,-18.315458,0.001182,0.044501,-28.039921,-0.094836,-0.024089,-27.876820,-0.022700,-0.014892,3.254743,14.741340,-0.044899,18.263044,-0.010225,-0.009674,27.974024,0.015099,-0.222509,28.110355,-0.186978,0.028029,0.999969,-0.004214,0.003995,-0.005217,-0.999754,-0.019276,0.007330,-0.008087,0.999960,-0.004830,-0.001104,0.007435,-0.999457,0.017229,0.024817,0.013125,0.973939,-0.034055,0.221739,0.033380,0.970930,0.161090,-0.176868,-0.007864,0.992820,-0.118978,0.008416,0.009040,0.999742,0.021468,0.004970,-0.005460,0.999723,0.021073,0.005045,-0.009172,0.999536,0.015811,0.023515,-0.011207,0.999772,-0.018077,0.000206,0.011398,0.999708,-0.021090,0.000249,0.011804,0.997854,-0.015045,-0.063231,0.007926,0.995700,-0.006628,0.037606,0.084395,0.822094,0.059400,0.122093,0.552924,0.570026,0.444158,0.675017,-0.148789,0.397960,-0.342297,0.807202,0.269940,-0.998749,0.026002,0.001549,0.042692,0.828430,-0.040892,0.045306,-0.556753,0.415400,0.784557,-0.348077,-0.301199,0.203776,-0.521281,0.183166,0.808159
0.199038,1.851373,0.343500,0.781684,3.762742,0.151203,1.255311,1.096606,0.158878,2.985448,1.546429,1.645717,0.664823,0.624174,0.102514,0.221394,-261.564423,91.470802,-1040.701172,-272.618774,91.787521,-1041.462524,-272.127411,47.848270,-1043.165039,-271.036774,5.056201,-1044.984253,-250.380661,91.051300,-1040.257324,-247.085999,47.178703,-1037.784790,-248.123642,5.150555,-1047.465942,-261.489014,100.460907,-1040.717163,-261.066071,120.310150,-1040.008911,-260.537506,134.364319,-1038.872559,-259.195648,155.327011,-1036.657959,-258.953064,161.306656,-1036.222290,-258.848999,167.302841,-1036.012939,-262.895935,149.147125,-1037.008911,-280.887939,146.913681,-1034.455200,-288.515656,120.446022,-1031.287476,-268.499725,117.501488,-1012.144958,-256.397583,148.801437,-1037.593872,-238.380768,146.233109,-1039.023071,-230.350281,119.639870,-1042.197998,-251.492096,101.223030,-1044.345215,-261.564148,91.470367,-1040.701660,-11.047936,0.196792,-0.904346,-0.030583,-43.974648,-0.163174,-0.073818,-42.833893,-0.935556,11.181901,-0.293986,0.588983,-0.042475,-44.065121,0.140790,0.082663,-43.134289,0.769121,-0.030503,8.989752,0.085903,-0.027447,19.865995,0.072095,-0.048194,14.109247,0.087886,0.008457,21.122017,0.001598,0.001956,6.000380,-0.000417,0.008627,6.000741,0.000805,-3.306896,14.718057,0.080141,-18.308880,-0.002105,0.044349,-27.722858,0.097422,0.083114,-27.849075,0.378272,-0.010683,3.225955,14.723958,-0.029046,18.254770,-0.018639,0.001011,27.959145,0.010801,-0.301917,28.117067,-0.228582,0.071642,0.999944,-0.005657,0.006707,-0.005849,-0.999629,-0.023159,0.007889,-0.011928,0.999945,-0.007199,0.000762,0.007560,-0.999295,0.017763,0.028809,0.016216,0.972675,-0.030468,0.227222,0.036644,0.970550,0.156081,-0.183380,-0.006356,0.993092,-0.117037,0.006067,0.005831,0.999741,0.021781,0.004222,-0.005087,0.999726,0.021377,0.004293,-0.008540,0.999618,0.015920,0.020005,-0.010490,0.999803,-0.016914,0.000176,0.010399,0.999747,-0.019733,0.000213,0.010770,0.998208,-0.014135,-0.057696,0.007172,0.995484,-0.009259,0.041249,0.084989,0.835586,0.041805,0.117760,0.534942,0.558647,0.428271,0.694730,-0.147778,0.384221,-0.376769,0.811219,0.228679,0.998608,-0.031478,-0.000331,-0.042326,0.842981,-0.051771,0.054722,-0.532628,0.369814,0.754526,-0.419354,-0.343343,0.190001,-0.404588,0.243284,0.860610
1.423851,3.276318,0.290583,0.220975,5.983735,0.901010,0.803772,1.759478,0.061840,4.059029,3.129009,1.214820,0.639209,0.577029,0.245173,0.160740,-261.908478,91.437943,-1040.493774,-272.998871,91.756668,-1041.208252,-272.214203,47.832310,-1043.118408,-271.037567,5.056710,-1044.986328,-250.694229,91.068176,-1040.118896,-247.359573,47.193447,-1037.944702,-248.124710,5.147491,-1047.466919,-261.850189,100.408920,-1040.520996,-261.468750,120.241348,-1039.838989,-260.968170,134.272263,-1038.718140,-259.645691,155.239700,-1036.531128,-259.398529,161.218887,-1036.089600,-259.278107,167.213882,-1035.853271,-263.325867,149.038849,-1036.884399,-281.294312,146.789810,-1034.225342,-289.785309,120.209602,-1030.471924,-270.438416,119.944595,-1010.405457,-256.860352,148.703491,-1037.431274,-238.837646,146.205338,-1038.898804,-229.411316,120.027878,-1041.627563,-252.690063,104.326912,-1043.218018,-261.904297,91.438179,-1040.496338,-11.079283,0.217087,-0.890450,-0.033157,-43.972477,-0.171085,-0.145943,-42.821899,-0.938977,11.209683,-0.262892,0.553182,-0.024072,-44.054859,0.114357,0.119464,-43.112022,0.691427,-0.033164,8.970805,0.089723,-0.040195,19.847692,0.074192,-0.058761,14.084187,0.089609,0.006693,21.122618,-0.005341,0.001531,6.000579,-0.001001,0.009116,6.000839,0.006325,-3.291926,14.701491,0.077663,-18.302771,-0.010446,0.045289,-28.143612,-0.209711,-0.042303,-27.870764,-0.139536,-0.042349,3.205051,14.714779,-0.016382,18.254089,-0.022026,0.012592,27.953608,0.017143,-0.334924,28.116375,-0.250216,0.083553,0.999934,-0.006504,0.008071,-0.005048,0.999550,0.026038,0.001731,0.014760,0.999923,-0.008976,-0.006055,0.006090,-0.999120,0.018485,0.032998,0.018110,0.971085,-0.027027,0.234314,0.036895,0.970019,0.150043,-0.191132,-0.004276,0.993449,-0.114112,0.005196,0.003255,0.999739,0.021946,0.003799,-0.005146,0.999723,0.021537,0.003871,-0.008631,0.999652,0.015997,0.018036,-0.010670,0.999828,-0.015804,0.000153,0.009698,0.999780,-0.018438,0.000185,0.010044,0.998402,-0.013235,-0.054534,0.006645,0.995321,-0.010555,0.045395,0.084645,0.847339,0.018414,0.109495,0.519308,0.533093,0.401045,0.723644,-0.176930,0.354886,-0.441356,0.803714,0.182409,0.998563,-0.034742,0.002794,-0.040716,0.854774,-0.060619,0.049649,-0.513047,0.332702,0.716184,-0.478593,-0.383781,0.185883,-0.288617,0.286040,0.894550
2.083991,3.597762,0.126521,0.544411,5.083964,3.229536,1.269334,2.171067,0.095437,4.639383,1.501810,0.804339,0.875224,0.283149,0.249891,0.099375,-262.149048,91.399551,-1040.310791,-273.262421,91.711914,-1041.027588,-272.305145,47.800884,-1043.032471,-271.034546,5.057190,-1044.984497,-250.922089,91.083725,-1039.964600,-247.549026,47.207748,-1038.013672,-248.125488,5.153533,-1047.464478,-262.112640,100.352921,-1040.338745,-261.817993,120.171379,-1039.678467,-261.364471,134.186920,-1038.568970,-260.146088,155.165298,-1036.432007,-259.910187,161.144745,-1035.985718,-259.781311,167.138321,-1035.720825,-263.801727,148.950577,-1036.761841,-281.759766,146.731140,-1034.006470,-291.380920,120.753387,-1029.507324,-272.646027,122.596848,-1008.926514,-257.347717,148.637039,-1037.309692,-239.307709,146.274399,-1038.873535,-228.733719,120.491776,-1040.896851,-253.726852,107.876015,-1042.313599,-262.147949,91.399185,-1040.310425,-11.102357,0.274023,-0.881054,-0.019615,-43.966808,-0.162841,-0.151192,-42.796677,-0.917187,11.221603,-0.271301,0.511613,-0.025024,-44.048618,0.080810,0.136312,-43.102619,0.612797,-0.004951,8.952868,0.104347,-0.013102,19.831463,0.094363,-0.021905,14.066326,0.114693,0.034176,21.122080,0.002268,0.006400,6.000715,0.001575,0.011318,6.000790,0.011198,-3.280412,14.711139,0.084541,-18.303400,-0.004464,0.050249,-28.063450,-0.083814,0.003719,-27.891796,0.006180,-0.096622,3.204141,14.705641,0.001035,18.261141,-0.018301,0.024215,27.938406,0.038732,-0.340641,28.033272,-0.262079,0.225084,0.999942,-0.007361,0.007567,-0.002253,0.999466,0.027996,0.009243,0.014039,0.999901,-0.008957,-0.009428,0.005407,-0.998939,0.019586,0.036717,0.019726,0.970558,-0.023599,0.237061,0.035535,0.970163,0.145867,-0.193631,-0.003721,0.993701,-0.111930,0.005337,0.001268,0.999743,0.021743,0.003997,-0.005074,0.999728,0.021339,0.004068,-0.008515,0.999639,0.015869,0.018956,-0.010493,0.999868,-0.014157,0.000113,0.007976,0.999829,-0.016516,0.000137,0.008261,0.998489,-0.011894,-0.053366,0.005502,0.995584,-0.010769,0.046485,0.080831,0.858703,-0.002748,0.101980,0.502184,0.518812,0.377658,0.744429,-0.184337,0.339691,-0.478142,0.798502,0.135158,0.998527,-0.035926,0.005152,-0.040328,0.862458,-0.075884,0.041885,-0.498625,-0.291309,-0.675105,0.527345,0.425355,0.188713,-0.176588,0.313407,0.913466
1.515561,3.296789,0.987210,1.363594,0.555012,7.063410,3.196143,2.526421,0.100654,5.613975,1.205955,2.230357,1.619029,0.238367,0.200547,0.054555,-262.298492,91.336899,-1040.148926,-273.373291,91.657578,-1040.870361,-272.436768,47.755161,-1042.919312,-271.032837,5.056917,-1044.983154,-251.014954,91.072693,-1039.836670,-247.675598,47.194668,-1037.944702,-248.117767,5.161514,-1047.462158,-262.317719,100.273056,-1040.176025,-262.115936,120.080162,-1039.538818,-261.751312,134.085663,-1038.450195,-260.680328,155.075607,-1036.355225,-260.466309,161.055801,-1035.909180,-260.338104,167.048523,-1035.629639,-264.305786,148.843353,-1036.667603,-282.267883,146.642761,-1033.901123,-293.006073,121.339233,-1028.636597,-274.777222,125.032913,-1007.821289,-257.853699,148.551834,-1037.211670,-239.800598,146.368805,-1038.833130,-228.085175,121.029419,-1040.112793,-254.461075,111.781792,-1041.619141,-262.298004,91.335861,-1040.147949,-11.061224,0.313609,-0.889980,-0.013382,-43.959961,-0.119268,-0.084323,-42.761898,-0.863063,11.279291,-0.249322,0.484590,-0.014432,-44.045494,0.070621,0.182828,-43.095276,0.559738,-0.037456,8.935206,0.116916,-0.033669,19.817989,0.101280,-0.037010,14.051809,0.117219,0.045184,21.121365,-0.003739,0.008271,6.000624,0.000376,0.012334,6.000572,0.010984,-3.286439,14.720121,0.082822,-18.306585,-0.003973,0.051098,-27.988276,0.071977,0.056650,-27.915091,0.164633,-0.166566,3.194623,14.689744,0.005315,18.256628,-0.023747,0.031046,27.944708,0.051641,-0.350868,27.993046,-0.274763,0.367721,0.999936,-0.008090,0.007835,-0.000930,0.999461,0.029784,0.006130,0.012318,0.999934,-0.008023,-0.004693,0.006635,-0.998808,0.021351,0.038627,0.020838,0.971166,-0.021907,0.234927,0.034142,0.969829,0.145062,-0.195901,-0.003162,0.993697,-0.111697,0.009389,0.000321,0.999746,0.021686,0.003981,-0.004568,0.999736,0.021281,0.004045,-0.007671,0.999653,0.015789,0.018852,-0.009398,0.999894,-0.013097,0.000082,0.006273,0.999862,-0.015280,0.000099,0.006496,0.998632,-0.011058,-0.050909,0.004388,0.995897,-0.012539,0.046085,0.076867,0.869054,-0.019975,0.098008,0.484464,0.511062,0.351217,0.763322,-0.180974,0.336296,-0.504675,0.789665,0.092199,0.998573,-0.035765,0.007100,-0.039013,0.868439,-0.095056,0.033819,-0.485388,-0.248226,-0.626975,0.572212,0.466377,0.207684,-0.065264,0.329046,0.918538
2.643595,4.606886,1.115865,1.101140,0.595234,6.960515,4.418375,2.408309,0.148818,4.107841,2.577904,4.995330,2.642869,0.313992,0.343050,0.063965,-262.378784,91.254829,-1040.013428,-273.442261,91.590477,-1040.721436,-272.572021,47.696884,-1042.813232,-271.031769,5.057879,-1044.983398,-251.017822,91.041039,-1039.743530,-247.762070,47.162277,-1037.776855,-248.111816,5.172799,-1047.458252,-262.458771,100.173058,-1040.050659,-262.363037,119.968513,-1039.445190,-262.122650,133.964691,-1038.377686,-261.210571,154.965317,-1036.321899,-261.022552,160.946747,-1035.884399,-260.898132,166.939636,-1035.614868,-264.789154,148.705521,-1036.645020,-282.754517,146.468048,-1033.915405,-294.657227,121.911247,-1027.832520,-276.933990,127.463654,-1006.954285,-258.329926,148.464798,-1037.163818,-240.257904,146.445938,-1038.810181,-227.447464,121.616768,-1039.163818,-254.836426,115.963425,-1040.869507,-262.378632,91.254585,-1040.013794,-11.051677,0.357269,-0.895524,-0.089599,-43.951698,-0.128767,-0.064775,-42.713249,-0.846629,11.354624,-0.227893,0.465717,0.001795,-44.043289,0.083901,0.269791,-43.088753,0.518109,-0.074952,8.917542,0.120839,-0.073398,19.804529,0.106616,-0.093997,14.038001,0.123781,0.023543,21.120693,0.002152,0.003711,6.000346,0.001146,0.011883,6.000250,0.006701,-3.299911,14.713919,0.073504,-18.308878,-0.002096,0.048381,-27.958200,0.159867,0.086258,-27.940437,0.248928,-0.209882,3.184097,14.696369,0.003717,18.259018,-0.020507,0.038009,27.937712,0.069928,-0.346993,28.009874,-0.261099,0.464005,0.999921,-0.008955,0.008787,0.000333,0.999449,0.031106,0.002627,0.011233,0.999944,-0.007040,-0.001384,0.007805,-0.998715,0.022836,0.039364,0.022305,0.972102,-0.021184,0.231418,0.031860,0.969085,0.146754,-0.198319,-0.002476,0.993525,-0.112678,0.014572,0.000295,0.999752,0.021593,0.003670,-0.004152,0.999744,0.021188,0.003728,-0.006972,0.999690,0.015665,0.017375,-0.008537,0.999907,-0.012702,0.000062,0.004864,0.999877,-0.014819,0.000075,0.005038,0.998810,-0.010779,-0.047446,0.003477,0.996024,-0.013813,0.045942,0.075066,0.880259,-0.037998,0.096554,0.462996,0.504395,0.323428,0.780666,-0.177550,0.333162,-0.533782,0.775989,0.043211,0.998701,-0.032885,0.009295,-0.037790,0.873118,-0.116705,0.021559,-0.472829,-0.208858,-0.570854,0.614275,0.503055,0.237614,0.049290,0.344559,0.906746
7.871643,3.937778,0.623171,0.994393,0.990453,9.049632,5.325897,1.581191,0.278297,2.024450,2.134104,2.378930,1.130521,0.632855,0.327363,0.216086,-262.506775,91.180847,-1039.892456,-273.616394,91.523949,-1040.578857,-272.538208,47.648376,-1042.781128,-271.029633,5.058703,-1044.983521,-251.055481,91.006531,-1039.621948,-247.797226,47.126503,-1037.597534,-248.111267,5.179470,-1047.455811,-262.635895,100.086395,-1039.965698,-262.639648,119.874756,-1039.418213,-262.487061,133.865387,-1038.378662,-261.671356,154.871506,-1036.337036,-261.499756,160.853806,-1035.906128,-261.380829,166.847351,-1035.647949,-265.222107,148.595383,-1036.664429,-283.197876,146.366547,-1034.013184,-296.247192,122.569321,-1027.274170,-278.980286,129.683487,-1006.449036,-258.771393,148.388275,-1037.157593,-240.686996,146.518387,-1038.793213,-226.863693,122.238983,-1038.097290,-254.744476,119.874504,-1040.213257,-262.507538,91.180847,-1039.892212,-11.090777,0.413906,-0.883058,-0.102527,-43.943520,-0.189235,-0.067603,-42.663795,-0.893558,11.442945,-0.237957,0.477320,-0.009226,-44.047215,0.132445,0.352442,-43.086266,0.539648,-0.086472,8.905600,0.119790,-0.088785,19.795525,0.099917,-0.120005,14.029119,0.113681,0.021783,21.120853,-0.005191,0.005146,6.000250,-0.001240,0.014919,6.000267,0.001531,-3.301876,14.713862,0.069175,-18.306526,0.005855,0.048343,-27.962994,0.185216,0.096038,-27.969576,0.257802,-0.214517,3.170537,14.702239,0.005562,18.254133,-0.020596,0.045163,27.944353,0.069336,-0.326644,28.052320,-0.247166,0.473521,0.999894,-0.010973,0.009232,0.002414,0.999355,0.033639,0.004474,0.011763,0.999949,-0.007717,-0.004059,0.004987,-0.998728,0.022745,0.039120,0.022225,0.971962,-0.018848,0.232435,0.030148,0.968347,0.149120,-0.200158,-0.002059,0.993281,-0.114743,0.015028,0.000416,0.999738,0.022277,0.003395,-0.004106,0.999731,0.021858,0.003454,-0.006895,0.999705,0.016124,0.016094,-0.008463,0.999910,-0.012789,0.000053,0.004131,0.999880,-0.014921,0.000064,0.004279,0.998930,-0.010884,-0.044850,0.003006,0.996223,-0.013371,0.044969,0.073062,0.890199,-0.057804,0.096079,0.441545,0.498100,0.298440,0.795152,-0.174797,0.329380,-0.560709,0.759579,-0.009955,0.998823,-0.030869,0.010643,-0.035865,0.876870,-0.137027,0.006686,-0.460726,-0.175019,-0.512442,0.650646,0.532298,0.266897,0.152148,0.361762,0.880106
6.829463,1.124016,0.493338,0.502819,0.638689,3.432391,1.189529,2.483346,0.318627,2.675750,2.324858,1.908926,0.857808,0.771035,0.233044,0.252582,-262.588837,91.123947,-1039.766724,-273.594635,91.469513,-1040.433350,-272.506958,47.604462,-1042.693604,-271.026123,5.059317,-1044.981934,-251.092361,90.976700,-1039.508301,-247.773590,47.096401,-1037.415527,-248.109879,5.183409,-1047.454468,-262.780579,100.020569,-1039.883057,-262.878326,119.805717,-1039.413574,-262.803589,133.797028,-1038.410156,-262.088562,154.811508,-1036.416870,-261.936737,160.794891,-1035.993652,-261.829041,166.788742,-1035.736572,-265.616516,148.508926,-1036.742188,-283.617432,146.319046,-1034.208252,-297.627045,123.203865,-1027.000977,-280.825714,131.695023,-1006.277039,-259.162262,148.342438,-1037.206421,-241.063385,146.625931,-1038.778931,-226.189316,123.018532,-1037.071411,-254.395096,123.807503,-1039.636597,-262.587921,91.123962,-1039.765869,-10.987745,0.451009,-0.827119,0.013880,-43.936501,-0.122735,-0.019958,-42.623272,-0.876408,11.489537,-0.245948,0.433296,-0.002249,-44.055412,0.121677,0.429344,-43.094231,0.566278,-0.123165,8.897814,0.120942,-0.116132,19.790394,0.101915,-0.142806,14.026299,0.120592,0.019372,21.120869,-0.004789,0.005136,6.000272,-0.001439,0.015004,6.000310,0.000506,-3.309218,14.702819,0.069448,-18.309507,-0.003177,0.047344,-27.972422,0.195229,0.093278,-27.994938,0.235548,-0.188816,3.163898,14.706145,0.009942,18.247646,-0.023185,0.047805,27.953001,0.047323,-0.277559,28.332497,0.032382,0.599173,0.999871,-0.013479,0.007857,0.003887,0.999220,0.037571,0.007966,0.009122,0.999932,-0.007876,-0.006663,0.005403,-0.998732,0.023861,0.038693,0.021645,0.971095,-0.017169,0.236213,0.029711,0.967381,0.152783,-0.202055,-0.002386,0.993018,-0.117069,0.014439,0.001038,0.999728,0.022732,0.003336,-0.003955,0.999723,0.022304,0.003394,-0.006642,0.999707,0.016433,0.015814,-0.008134,0.999920,-0.012177,0.000043,0.003515,0.999892,-0.014207,0.000052,0.003640,0.999004,-0.010380,-0.043327,0.002592,0.996530,-0.013690,0.043034,0.069923,0.897474,-0.071417,0.096121,0.424496,0.492919,0.276435,0.805466,-0.178424,0.322080,-0.585996,0.741814,-0.050750,0.998934,-0.029579,0.011015,-0.033683,0.881803,-0.150697,-0.008238,-0.446812,-0.147266,-0.453069,0.684053,0.552333,0.286862,0.220205,0.384302,0.849374
2.740297,1.385801,0.400883,0.126167,1.139167,5.297456,0.898661,0.908786,0.370606,5.121572,2.547718,1.763521,0.756663,0.719817,0.034907,0.234928,-262.583618,91.084198,-1039.611084,-273.494263,91.426544,-1040.229858,-272.528015,47.571320,-1042.629272,-271.024384,5.059096,-1044.981201,-251.020111,90.955704,-1039.409546,-247.728104,47.066479,-1037.185913,-248.108566,5.188603,-1047.452759,-262.834839,99.975372,-1039.770996,-263.010529,119.760490,-1039.398438,-263.010468,133.757034,-1038.456421,-262.386475,154.782913,-1036.556885,-262.250977,160.767715,-1036.147461,-262.148193,166.761490,-1035.885986,-265.894257,148.459488,-1036.877686,-283.982269,146.368378,-1034.460449,-298.638367,123.750397,-1026.932495,-282.301544,133.402084,-1006.336304,-259.419830,148.324173,-1037.291504,-241.301132,146.747101,-1038.774780,-225.480438,123.905479,-1036.003296,-253.153198,126.592117,-1039.549805,-262.582306,91.084793,-1039.611816,-10.900450,0.468551,-0.749797,0.056590,-43.931446,-0.048964,0.051407,-42.596363,-0.813330,11.558549,-0.247726,0.346223,0.039453,-44.068420,0.127149,0.503654,-43.113087,0.559317,-0.165704,8.893784,0.126865,-0.148661,19.788601,0.106194,-0.174682,14.026613,0.123698,0.009424,21.120707,-0.009792,0.003843,6.000315,-0.002775,0.016255,6.000330,0.002549,-3.321400,14.694808,0.062592,-18.361481,0.037078,0.063028,-27.981171,0.266233,0.112215,-28.001699,0.210542,-0.153398,3.167454,14.711084,0.013693,18.247147,-0.023369,0.051474,27.922611,-0.004600,-0.045325,28.030970,-0.058131,0.310641,0.999835,-0.016262,0.006494,0.004761,0.999035,0.042822,0.007307,0.006409,0.999921,-0.008824,-0.006017,0.006616,-0.998759,0.025276,0.037324,0.021163,0.970927,-0.015577,0.237170,0.028438,0.966912,0.156812,-0.201214,-0.001787,0.992736,-0.119464,0.014127,0.001765,0.999724,0.022959,0.003106,-0.003782,0.999721,0.022525,0.003162,-0.006351,0.999724,0.016566,0.014733,-0.007786,0.999934,-0.011073,0.000033,0.002986,0.999912,-0.012918,0.000040,0.003093,0.999092,-0.009449,-0.041485,0.002211,0.996790,-0.013696,0.041493,0.067088,0.901422,-0.077729,0.097817,0.414521,0.489774,0.258334,0.811595,-0.186273,0.322507,-0.600159,0.729164,-0.064175,0.999017,-0.028922,0.011951,-0.031394,0.886695,-0.160322,-0.020481,-0.433184,-0.124638,-0.403079,0.698117,0.578465,0.317532,0.307156,0.388210,0.808774
3.465376,0.686166,0.570710,0.461644,3.859044,2.336225,2.442471,0.506018,0.471062,5.649180,0.454819,1.218633,0.500626,0.784738,0.167542,0.364304,-262.495972,91.062347,-1039.431030,-273.392578,91.399315,-1040.115479,-272.498260,47.549889,-1042.591187,-271.022217,5.059619,-1044.980591,-250.880310,90.947784,-1039.222168,-247.694305,47.048946,-1037.004639,-248.105927,5.193012,-1047.451172,-262.793060,99.950226,-1039.644043,-263.036682,119.736938,-1039.399414,-263.101624,133.741745,-1038.547852,-262.570221,154.783081,-1036.801636,-262.454071,160.769882,-1036.415161,-262.364471,166.763535,-1036.148926,-266.057617,148.442902,-1037.104492,-284.121613,146.382767,-1034.914307,-299.476868,124.344574,-1027.024048,-283.565552,134.968399,-1006.576599,-259.559875,148.334930,-1037.450195,-241.416855,146.900986,-1038.819824,-224.667709,124.871063,-1035.125244,-251.980652,129.383484,-1039.811279,-262.494171,91.062546,-1039.429688,-10.885034,0.488843,-0.776623,0.038301,-43.928257,-0.092053,0.099583,-42.575150,-0.810886,11.610137,-0.256583,0.316965,0.059726,-44.069687,0.140888,0.564087,-43.135242,0.515043,-0.196007,8.892313,0.131326,-0.170976,19.788702,0.111216,-0.195643,14.028903,0.129863,0.002642,21.120346,-0.015876,0.002135,6.000373,-0.003449,0.013314,6.000223,0.006423,-3.331590,14.691683,0.055549,-18.313715,-0.014079,0.037965,-27.994270,0.182547,0.078106,-28.000965,0.175140,-0.110586,3.176131,14.718003,0.024121,18.250692,-0.021483,0.056917,27.919617,-0.030888,0.093054,28.075176,0.081436,0.214685,0.999781,-0.019537,0.004925,0.005668,0.998894,0.046565,0.004431,0.004684,0.999928,-0.008674,-0.005243,0.006351,-0.998892,0.025752,0.033794,0.020253,0.971214,-0.011595,0.236385,0.027033,0.967113,0.158022,-0.199299,-0.001389,0.992550,-0.120929,0.014689,0.002223,0.999729,0.022824,0.002754,-0.003590,0.999727,0.022392,0.002807,-0.006026,0.999752,0.016433,0.013079,-0.007420,0.999953,-0.009359,0.000024,0.002585,0.999937,-0.010918,0.000029,0.002677,0.999178,-0.007989,-0.039689,0.001891,0.997099,-0.013182,0.039500,0.063721,0.906038,-0.089180,0.099561,0.401530,0.489670,0.240380,0.817715,-0.183788,0.333015,-0.605054,0.721162,-0.054114,0.999099,-0.028062,0.013264,-0.028943,0.892034,-0.167725,-0.032117,-0.418458,-0.099985,-0.355462,0.708113,0.601817,0.328027,0.365096,0.394634,0.776736
1.141698,0.000182,0.406548,0.412743,0.834437,2.819197,3.520720,0.881131,0.569196,4.301247,0.784541,1.180426,1.149943,1.102123,0.373741,0.312148,-262.371063,91.057465,-1039.319946,-273.273956,91.384071,-1040.050293,-272.426147,47.536709,-1042.544067,-271.021729,5.059213,-1044.980103,-250.751617,90.949051,-1039.082153,-247.639648,47.039928,-1036.884888,-248.104813,5.197245,-1047.449829,-262.691925,99.944191,-1039.581787,-262.985168,119.732147,-1039.466797,-263.086090,133.741959,-1038.717285,-262.611115,154.795929,-1037.109741,-262.509460,160.784225,-1036.743530,-262.436249,166.777908,-1036.472534,-266.079865,148.431259,-1037.393066,-284.180664,146.456268,-1035.383423,-300.005646,124.795067,-1027.312256,-284.293182,135.734634,-1006.873962,-259.565643,148.356430,-1037.698975,-241.398804,147.019348,-1038.940918,-223.938690,125.655205,-1034.593018,-250.835831,131.460464,-1040.223511,-262.371948,91.057571,-1039.322021,-10.893116,0.510206,-0.773052,0.029011,-43.926216,-0.123862,0.106167,-42.562534,-0.820307,11.614966,-0.279635,0.295427,0.060795,-44.073677,0.140833,0.593844,-43.151085,0.504776,-0.198498,8.892962,0.143117,-0.171760,19.789309,0.113897,-0.195192,14.028211,0.120732,-0.000995,21.120584,-0.018124,0.001008,6.000328,-0.003609,0.008449,6.000264,0.009405,-3.330725,14.676065,0.054715,-18.318699,-0.018590,0.035693,-28.013245,0.134756,0.064353,-28.004265,0.128072,-0.086589,3.190601,14.725219,0.018853,18.258108,-0.019799,0.052467,27.930470,-0.031033,0.133210,28.083794,0.123872,0.154541,0.999712,-0.022831,0.002862,0.006843,0.998752,0.049742,0.003327,0.002915,0.999937,-0.008033,-0.005108,0.005871,-0.998994,0.026159,0.030889,0.019303,0.971308,-0.007595,0.236274,0.026013,0.967335,0.158986,-0.197443,-0.001611,0.992405,-0.122060,0.015061,0.002755,0.999729,0.022854,0.002592,-0.003632,0.999727,0.022421,0.002645,-0.006093,0.999760,0.016444,0.012321,-0.007534,0.999966,-0.007828,0.000020,0.002578,0.999955,-0.009132,0.000024,0.002670,0.999209,-0.006673,-0.039161,0.001830,0.997353,-0.014020,0.037164,0.060907,0.908145,-0.097593,0.098566,0.395010,0.492311,0.230070,0.822540,-0.167699,0.323998,-0.615290,0.717513,-0.040203,0.999137,-0.028592,0.013160,-0.027098,0.896554,-0.171252,-0.039701,-0.406555,-0.081223,-0.319918,0.716319,0.614762,0.338881,0.403223,0.404605,0.747565
1.302457,0.160949,0.861227,0.514109,0.953543,2.522828,1.711569,1.616540,0.539693,3.573481,1.248794,1.269069,1.520975,1.228589,0.395016,0.232517,-262.229584,91.044563,-1039.273193,-273.137939,91.358871,-1040.047485,-272.326538,47.512959,-1042.496948,-271.020599,5.059395,-1044.979614,-250.605820,90.955986,-1038.952637,-247.581665,47.044369,-1036.828979,-248.102661,5.201685,-1047.448120,-262.595795,99.924644,-1039.619873,-262.938568,119.707870,-1039.652344,-263.048279,133.714798,-1039.014648,-262.545746,154.777527,-1037.532593,-262.441620,160.766861,-1037.185425,-262.376495,166.760513,-1036.912964,-266.035339,148.391922,-1037.812866,-284.172180,146.517044,-1035.943237,-300.467163,125.228249,-1027.776978,-284.967590,136.529312,-1007.370728,-259.488251,148.344757,-1038.065552,-241.296021,147.035690,-1039.106445,-223.169998,126.342255,-1034.193970,-249.560226,133.238739,-1040.874878,-262.229492,91.044403,-1039.274292,-10.900621,0.537204,-0.753268,0.027728,-43.921448,-0.152224,0.094719,-42.538170,-0.804693,11.620786,-0.300109,0.312847,0.060148,-44.066624,0.115611,0.591909,-43.165627,0.474874,-0.217499,8.890972,0.116998,-0.178425,19.785191,0.092272,-0.193991,14.020207,0.095096,-0.004243,21.120756,-0.020082,0.000043,6.000279,-0.003924,0.002299,6.000185,0.010051,-3.343828,14.649719,0.037363,-18.329357,-0.021964,0.021874,-28.024862,0.127251,0.040355,-28.006702,0.123342,-0.110412,3.208015,14.741612,0.018776,18.269018,-0.013065,0.051332,27.944248,-0.019968,0.141963,28.082016,0.131039,0.109552,0.999623,-0.026118,0.000069,0.008392,0.998626,0.052247,0.003886,0.000778,0.999950,-0.006428,-0.005523,0.005258,-0.999069,0.026850,0.028392,0.018263,0.971321,-0.003113,0.236463,0.024701,0.967710,0.158632,-0.195879,-0.002019,0.992363,-0.122260,0.016081,0.003145,0.999725,0.022943,0.002597,-0.004162,0.999719,0.022509,0.002658,-0.006976,0.999749,0.016532,0.012379,-0.008682,0.999974,-0.006443,0.000020,0.003111,0.999967,-0.007517,0.000024,0.003222,0.999185,-0.005467,-0.039937,0.002110,0.997472,-0.015609,0.035738,0.059406,0.910598,-0.099899,0.098039,0.388870,0.492969,0.219913,0.825714,-0.163731,0.317629,-0.636597,0.700368,-0.057585,0.999059,-0.033651,0.010589,-0.025179,0.902489,-0.172076,-0.043362,-0.392448,-0.059538,-0.286318,0.723374,0.625427,0.346886,0.437158,0.415102,0.718471
3.375337,0.574544,2.854286,0.365164,1.097436,3.830581,0.628350,1.573406,0.364779,4.030016,1.300001,1.434599,1.424646,1.183432,0.262441,0.205256,-262.116638,91.032021,-1039.275757,-273.011536,91.337173,-1040.059692,-272.236694,47.492043,-1042.461914,-271.019318,5.059964,-1044.979980,-250.469894,90.956551,-1038.895508,-247.517395,47.042877,-1036.775391,-248.102341,5.203980,-1047.447388,-262.516418,99.907417,-1039.696533,-262.877533,119.688118,-1039.866943,-262.964325,133.697388,-1039.330566,-262.393402,154.766663,-1037.976196,-262.273834,160.756973,-1037.653076,-262.200134,166.750916,-1037.391724,-265.908844,148.399567,-1038.245850,-284.075104,146.632645,-1036.477417,-300.408478,125.361893,-1028.330933,-285.305878,137.188416,-1007.919922,-259.346283,148.315079,-1038.454468,-241.138428,147.004135,-1039.315796,-222.494019,126.868034,-1033.953003,-248.408905,134.489105,-1041.572021,-262.116394,91.032127,-1039.276245,-10.889067,0.553868,-0.727072,0.047384,-43.917423,-0.165122,0.098869,-42.517159,-0.773215,11.644516,-0.315195,0.335427,0.066510,-44.063675,0.117969,0.598141,-43.175709,0.470429,-0.233014,8.890774,0.100379,-0.177231,19.783850,0.078993,-0.181218,14.018494,0.081737,-0.001925,21.120510,-0.019359,0.000449,6.000205,-0.004052,-0.000270,6.000089,0.008457,-3.345765,14.656730,0.032480,-18.337368,-0.012872,0.016375,-28.027992,0.128728,0.036096,-28.009422,0.110695,-0.100671,3.220005,14.736181,0.013058,18.275341,-0.015365,0.045266,27.960962,-0.015906,0.122751,28.065870,0.114530,0.074026,0.999526,-0.029276,-0.001415,0.009380,0.998488,0.054751,0.004709,-0.000908,0.999958,-0.004950,-0.005951,0.004808,-0.999094,0.027660,0.027357,0.017245,0.971451,0.000504,0.236053,0.023675,0.967862,0.159120,-0.194730,-0.002213,0.992279,-0.122812,0.016899,0.003840,0.999723,0.022960,0.002279,-0.004719,0.999712,0.022525,0.002348,-0.007899,0.999754,0.016537,0.010927,-0.009935,0.999979,-0.005379,0.000019,0.003488,0.999974,-0.006275,0.000023,0.003613,0.999252,-0.004546,-0.038334,0.002295,0.997503,-0.015117,0.036176,0.058742,0.909428,-0.100503,0.097258,0.391636,0.494187,0.209622,0.827855,-0.162750,0.314500,-0.650632,0.689657,-0.046110,0.998915,-0.039311,0.009438,-0.023103,0.908018,-0.168830,-0.046198,-0.380604,-0.042532,-0.261178,0.728471,0.631880,0.352992,0.458105,0.423827,0.697046
4.260847,0.375413,6.495936,2.216826,0.951031,8.258217,0.636531,0.711351,0.108455,4.333399,0.477023,0.574707,0.351395,0.316849,0.213705,0.201937,-261.969177,91.036514,-1039.317627,-272.870453,91.335831,-1040.051514,-272.127777,47.489071,-1042.429932,-271.016571,5.060542,-1044.979492,-250.318588,90.953049,-1038.864502,-247.410980,47.032974,-1036.727295,-248.102509,5.206734,-1047.446533,-262.348969,99.912224,-1039.848633,-262.680542,119.696648,-1040.189331,-262.719147,133.715836,-1039.792725,-262.108917,154.790131,-1038.535156,-261.979065,160.781036,-1038.228882,-261.899719,166.774811,-1037.965698,-265.650085,148.447800,-1038.774292,-283.841766,146.712860,-1037.175415,-300.014038,125.312431,-1029.024658,-285.270844,137.363419,-1008.493713,-259.071442,148.310959,-1038.941406,-240.842346,147.021149,-1039.597534,-221.905304,127.261642,-1033.790161,-247.336563,135.503052,-1042.291626,-261.968903,91.036835,-1039.318726,-10.896000,0.550973,-0.660556,0.066244,-43.917286,-0.138365,0.094814,-42.513508,-0.730231,11.646335,-0.331556,0.391328,0.072058,-44.067711,0.171855,0.589389,-43.176296,0.512098,-0.212419,8.897061,0.058843,-0.149159,19.789692,0.016294,-0.136913,14.024280,-0.013911,0.025285,21.120392,-0.083512,0.005448,6.000093,-0.019643,-0.002041,6.000068,0.001442,-3.341207,14.679802,-0.006060,-18.343933,-0.006421,0.008652,-28.034643,0.110579,0.029359,-28.001637,0.083597,-0.090671,3.240793,14.715470,0.006326,18.286411,-0.014716,0.037405,27.977695,-0.006354,0.099297,28.052309,0.092766,0.050271,0.999405,-0.033099,-0.002034,0.009421,0.998264,0.058603,0.005567,-0.001525,0.999959,-0.004098,-0.006860,0.004193,-0.999105,0.028484,0.026730,0.016212,0.970917,0.004709,0.238177,0.023831,0.967460,0.159911,-0.196075,-0.002072,0.992145,-0.123869,0.016764,0.004828,0.999695,0.024109,0.002235,-0.004801,0.999685,0.023652,0.002310,-0.008037,0.999741,0.017352,0.010745,-0.010107,0.999983,-0.004691,0.000016,0.003362,0.999979,-0.005473,0.000019,0.003482,0.999251,-0.003957,-0.038422,0.002195,0.997593,-0.017291,0.032463,0.058767,0.906056,-0.110833,0.093861,0.397447,0.494003,0.214240,0.828454,-0.154018,0.320032,-0.652691,0.684899,-0.049788,0.998703,-0.045660,0.004741,-0.021972,0.911254,-0.166107,-0.048299,-0.373754,-0.029163,-0.241871,0.730794,0.637631,0.360088,0.475446,0.428356,0.678804
3.668801,0.412209,5.337662,2.238902,1.390122,6.429725,0.728452,0.665107,0.199125,3.225534,0.971916,2.210272,1.538100,0.693126,0.164153,0.432222,-261.798920,91.055939,-1039.418945,-272.709717,91.350380,-1040.079102,-272.037994,47.498871,-1042.411011,-271.014832,5.061262,-1044.979492,-250.233643,90.942863,-1038.911621,-247.275009,47.020828,-1036.695801,-248.105591,5.202535,-1047.447876,-262.135223,99.937813,-1040.033569,-262.423859,119.729523,-1040.484253,-262.419037,133.759323,-1040.181030,-261.794525,154.835312,-1038.964233,-261.656586,160.826035,-1038.659790,-261.565460,166.818802,-1038.381226,-265.338654,148.508209,-1039.181030,-283.528503,146.709091,-1037.669922,-299.538116,125.154945,-1029.579468,-285.089264,137.267349,-1008.844482,-258.757751,148.345703,-1039.339478,-240.509964,147.102829,-1039.843384,-221.596527,127.425858,-1033.646729,-246.635910,136.142059,-1042.791382,-261.798553,91.056084,-1039.419434,-10.908101,0.534834,-0.547581,0.084329,-43.918476,-0.068090,0.075110,-42.522858,-0.634770,11.564127,-0.354914,0.402870,0.056150,-44.076958,0.169781,0.541631,-43.179394,0.573322,-0.177391,8.907670,0.018798,-0.118787,19.798519,-0.033845,-0.098105,14.032402,-0.088677,0.041137,21.119913,-0.124616,0.008792,5.999979,-0.027914,-0.000553,5.999930,0.002753,-3.329265,14.695487,-0.026400,-18.340744,-0.007459,0.005637,-28.041632,0.088193,0.026637,-28.025726,0.130500,-0.248802,3.255183,14.706740,-0.003284,18.296856,-0.008756,0.029052,27.987328,0.004735,0.081539,28.045576,0.075175,0.040344,0.999323,-0.035435,-0.003805,0.009051,0.998098,0.061211,0.006951,-0.002240,0.999960,-0.003013,-0.007199,0.004415,-0.999097,0.029840,0.025964,0.015530,0.969555,0.005868,0.243489,0.025314,0.966525,0.162290,-0.198707,-0.002497,0.991983,-0.125252,0.015716,0.005935,0.999674,0.024954,0.002505,-0.004753,0.999665,0.024481,0.002581,-0.007963,0.999717,0.017978,0.012012,-0.009953,0.999987,-0.004154,0.000012,0.002954,0.999984,-0.004846,0.000015,0.003059,0.999233,-0.003504,-0.038965,0.001932,0.997501,-0.020193,0.030078,0.060647,0.904822,-0.112735,0.091205,0.400336,0.493090,0.219473,0.827844,-0.152866,0.327184,-0.648865,0.685490,-0.043050,0.998570,-0.049247,0.000455,-0.020769,0.911055,-0.165177,-0.050600,-0.374346,-0.022761,-0.231483,0.729576,0.643127,0.364662,0.491228,0.430540,0.663574
4.056314,3.597031,12.977967,3.100716,1.939325,3.399050,1.235084,0.251270,0.238635,5.080525,2.997152,1.764261,0.732587,0.274779,0.106357,0.383237,-261.608490,91.088608,-1039.514526,-272.554962,91.370522,-1040.111206,-271.959961,47.514400,-1042.412231,-271.013306,5.062234,-1044.979858,-250.134766,90.947968,-1038.961182,-247.137466,47.028664,-1036.696045,-248.108902,5.194830,-1047.450562,-261.902039,99.977814,-1040.187866,-262.145203,119.775841,-1040.719116,-262.096863,133.814133,-1040.474609,-261.462433,154.890717,-1039.277466,-261.319031,160.881516,-1038.978027,-261.220306,166.874161,-1038.703369,-265.000427,148.564941,-1039.488892,-283.145721,146.715973,-1037.938721,-299.292847,125.177345,-1029.937500,-285.539581,137.584671,-1008.508789,-258.434235,148.414474,-1039.641479,-240.178635,147.181396,-1040.059814,-221.447861,127.454704,-1033.457764,-246.135544,136.513214,-1043.181641,-261.607605,91.089096,-1039.514526,-10.946533,0.509611,-0.442336,0.068865,-43.920448,0.000076,0.041650,-42.537338,-0.516380,11.474288,-0.374619,0.402330,0.041972,-44.079449,0.149038,0.456869,-43.198978,0.584011,-0.143605,8.918442,-0.001188,-0.087556,19.806427,-0.060484,-0.060199,14.039853,-0.131479,0.051768,21.119543,-0.144242,0.011143,5.999869,-0.032199,0.000324,5.999768,0.000774,-3.312910,14.697402,-0.040634,-18.303200,-0.017032,0.078361,-28.084564,0.203583,0.159266,-28.279652,0.769722,-1.457502,3.256334,14.720198,-0.012300,18.301899,0.009038,0.020365,27.992270,0.009322,0.064913,28.036991,0.055045,0.033201,0.999240,-0.037583,-0.005708,0.008618,0.997932,0.063792,0.007438,-0.002632,0.999964,-0.002063,-0.006763,0.004588,-0.999086,0.031265,0.024939,0.015064,0.968290,0.006971,0.248284,0.026829,0.965917,0.163505,-0.200655,-0.002852,0.991930,-0.125759,0.014579,0.006812,0.999654,0.025727,0.002795,-0.004696,0.999646,0.025241,0.002873,-0.007873,0.999691,0.018553,0.013374,-0.009773,0.999987,-0.004232,0.000011,0.002682,0.999984,-0.004937,0.000014,0.002778,0.999215,-0.003576,-0.039401,0.001771,0.997426,-0.021273,0.029324,0.061871,0.906243,-0.106646,0.089010,0.399257,0.483125,0.230018,0.828152,-0.165991,0.357033,-0.616738,0.700858,0.029536,-0.998507,0.050393,0.002141,0.020944,0.909413,-0.166121,-0.055096,-0.377274,-0.019572,-0.226167,0.725880,0.649278,0.366278,0.504563,0.431025,0.652281
