0.532431,1.113182,0.625267,0.399451,2.488168,0.000000,2.771624,2.558226,0.864003,7.257839,5.183980,3.385509,2.025917,0.401096,0.747058,0.646160,-4.805800,-7.351200,-0.573500,-4.707500,-7.344200,-0.630700,-4.689700,-7.746100,-0.553600,-4.716300,-8.111200,-0.569400,-4.895000,-7.359500,-0.520500,-4.824400,-7.749500,-0.414900,-4.797100,-8.117400,-0.462700,-4.801500,-7.269400,-0.550600,-4.782300,-7.090900,-0.497700,-4.764500,-6.964800,-0.457100,-4.732400,-6.779600,-0.395100,-4.730800,-6.729800,-0.390100,-4.736000,-6.680600,-0.397900,-4.719000,-6.835100,-0.430000,-4.580000,-6.858800,-0.541000,-4.528100,-7.089100,-0.672700,-4.339700,-7.101600,-0.494000,-4.766400,-6.837200,-0.396000,-4.906000,-6.875800,-0.289700,-4.904900,-7.082600,-0.117900,-4.751100,-7.042300,0.088000,0.348200,0.843800,1.004500,0.114000,0.000600,0.002300,0.001000,-0.409600,0.000400,0.004400,-0.366400,-0.005200,-0.104100,-0.002000,-0.000700,0.001400,-0.410200,-0.001200,0.005700,-0.371900,-0.003800,-0.003200,0.085000,-0.000700,-0.001200,0.187200,-0.000700,-0.000400,0.133600,-0.000300,0.000400,0.198000,-0.000600,-0.000800,0.050100,-0.000300,-0.000700,0.050000,0.000100,0.028400,0.137200,-0.000400,0.179400,-0.000900,-0.000400,0.270400,0.000200,0.000000,0.260000,0.001100,-0.000200,-0.029900,0.138400,0.000600,-0.179700,0.001400,0.002000,-0.268900,-0.000100,0.002700,-0.260000,0.000700,0.003600,0.136500,0.272100,-0.006300,0.952500,-0.223000,-0.003400,-0.063300,0.972800,0.122600,-0.070200,-0.003200,0.990000,-0.026100,0.003400,-0.127500,-0.991500,-0.288900,-0.090500,0.001000,0.953100,0.192900,0.063300,0.029500,0.978700,0.114200,-0.096200,-0.111300,0.982500,-0.017800,-0.003300,0.003200,-0.999800,-0.017400,-0.003300,0.005400,-0.999800,-0.012900,-0.015400,0.006600,-0.999800,-0.126700,-0.002000,-0.015900,0.991800,-0.147600,-0.002500,-0.016500,0.988900,-0.108600,-0.206400,0.010500,0.972400,-0.007700,0.002300,-0.094600,0.995500,-0.137800,0.061400,-0.466200,0.871700,0.092700,-0.752500,0.105600,0.643400,0.155400,0.287000,0.094500,-0.940500,0.044200,0.050500,0.071200,0.995200,0.187200,-0.368600,-0.306400,-0.857400,-0.081900,-0.496900,0.238500,-0.830400,-0.047100,-0.031500,0.211200,-0.975800,0.136500,0.272100,-0.006300,0.952500,-0.096900,0.271500,-0.006100,0.957500,0.020200,0.200500,-0.035600,0.978800,-0.071000,-0.191900,-0.084200,-0.975200,-0.145400,0.174800,0.061200,0.971900,0.046400,0.248700,0.045700,0.966400,0.132700,0.161800,-0.095600,0.973200,-0.152600,-0.275500,0.013800,-0.949000,0.167600,0.279200,-0.023200,0.945200,-0.178300,-0.294500,0.030500,-0.938400,-0.053200,-0.296900,0.008200,-0.953400,0.093100,-0.293400,-0.019900,-0.951200,0.186700,-0.087800,-0.080400,-0.975200,-0.142500,-0.312500,0.116400,-0.931900,0.142700,-0.412100,0.484100,-0.758600,0.342300,0.335500,0.162200,-0.862500,-0.470800,-0.570300,-0.187900,0.646400,-0.241400,-0.326500,-0.032400,-0.913300,0.124100,0.536600,0.457800,0.698000,0.195200,-0.859400,-0.231400,-0.412000,-0.359900,0.821200,0.092100,0.433000
0.386490,0.892691,0.708980,0.315989,0.814951,0.293597,1.688420,2.700318,1.048327,6.040415,2.899069,3.518626,4.769363,0.430078,0.825746,0.798047,-4.809400,-7.382100,-0.575600,-4.721600,-7.372200,-0.642800,-4.696400,-7.775900,-0.581300,-4.726500,-8.142400,-0.590500,-4.893200,-7.383600,-0.508900,-4.793800,-7.764200,-0.414100,-4.790100,-8.119000,-0.500300,-4.805500,-7.300000,-0.559000,-4.786500,-7.119300,-0.517300,-4.765800,-6.992100,-0.484500,-4.730100,-6.803700,-0.434700,-4.728100,-6.753700,-0.431900,-4.732900,-6.704700,-0.440800,-4.720100,-6.861100,-0.468700,-4.595600,-6.878400,-0.597000,-4.534700,-7.108100,-0.725000,-4.325300,-7.081100,-0.573200,-4.762000,-6.862400,-0.429900,-4.895900,-6.885200,-0.312800,-4.881700,-7.050000,-0.100900,-4.721600,-6.976200,0.090700,0.344600,0.812900,1.002400,0.111000,0.002000,-0.001300,0.001400,-0.409200,0.000700,0.000800,-0.367800,-0.001000,-0.106900,0.006500,0.001600,0.001900,-0.404600,0.000800,0.006100,-0.365100,-0.001200,-0.001100,0.083800,-0.001000,0.000500,0.186500,-0.000400,0.001300,0.132900,0.001100,0.000100,0.198100,-0.000800,-0.001000,0.050100,-0.000400,-0.000700,0.050000,0.000200,0.028200,0.136800,-0.000600,0.179600,-0.000600,-0.000500,0.270000,0.000800,0.000100,0.260000,0.001800,0.000100,-0.028900,0.137900,0.000700,-0.179300,0.001400,0.002000,-0.268800,0.001100,0.002900,-0.260300,0.001900,0.003400,0.105700,0.318700,0.001400,0.942000,0.177900,0.021000,0.054000,-0.982300,0.109900,-0.086500,-0.018100,0.990000,-0.008800,0.007700,-0.086200,-0.996200,-0.265700,-0.088300,0.016600,0.959900,0.259300,0.073900,0.014000,0.962900,0.042400,-0.099000,-0.066500,0.992000,-0.022100,-0.004600,0.006000,-0.999700,-0.021700,-0.004600,0.010100,-0.999700,-0.016300,-0.021700,0.012400,-0.999600,-0.119300,-0.002700,-0.022600,0.992600,-0.139000,-0.003300,-0.023300,0.990000,-0.102300,-0.259600,0.010100,0.960200,-0.024900,0.018400,-0.071200,0.997000,-0.152400,0.052000,-0.459900,0.873300,-0.081700,0.761300,-0.106800,-0.634300,0.169900,0.279800,0.113100,-0.938100,0.004700,-0.008300,-0.049600,-0.998700,0.175700,-0.386900,-0.273400,-0.863000,-0.051900,-0.473800,0.233000,-0.847600,-0.055400,-0.014100,0.222700,-0.973200,0.105700,0.318700,0.001400,0.942000,0.080900,-0.298800,-0.004900,-0.950900,-0.019400,-0.212600,0.038200,-0.976200,0.045900,0.202300,0.044100,0.977200,-0.143400,0.220600,0.092300,0.960400,0.107200,0.309200,0.034500,0.944300,0.129300,0.221900,-0.052300,0.965000,-0.124500,-0.323500,0.010800,-0.937900,0.141600,0.328800,-0.026700,0.933300,-0.153300,-0.350200,0.040600,-0.923200,-0.034000,-0.353400,0.019700,-0.934600,0.104500,-0.350300,-0.007700,-0.930700,0.190100,-0.095000,-0.079800,-0.973900,-0.105600,-0.378000,0.094600,-0.914900,0.216100,-0.440600,0.440300,-0.751900,-0.363700,-0.305800,-0.070400,0.877000,0.475300,0.561500,0.115500,-0.667400,0.166400,0.350000,0.008200,0.921800,-0.074100,-0.611700,-0.385000,-0.687100,-0.226500,0.881300,0.169600,0.378400,0.398100,-0.822000,-0.028800,-0.406200
0.348465,0.826938,0.676850,0.396491,0.050165,0.740014,2.050486,2.370803,1.157138,7.527708,2.107761,2.843659,8.577788,0.621451,0.777662,0.800894,-4.807700,-7.393800,-0.577400,-4.723900,-7.380600,-0.650800,-4.693400,-7.783400,-0.583000,-4.726000,-8.148200,-0.591800,-4.889500,-7.394300,-0.504800,-4.777800,-7.773100,-0.421100,-4.786500,-8.121300,-0.526100,-4.803700,-7.311900,-0.563700,-4.785400,-7.130500,-0.527100,-4.764500,-7.003200,-0.498100,-4.729700,-6.813300,-0.453700,-4.727900,-6.763200,-0.452000,-4.732700,-6.714400,-0.461600,-4.721200,-6.870900,-0.488100,-4.601700,-6.884600,-0.621800,-4.539100,-7.113700,-0.749700,-4.321000,-7.069600,-0.614900,-4.760100,-6.872300,-0.446100,-4.891500,-6.887900,-0.325200,-4.871400,-7.029400,-0.097200,-4.710300,-6.941200,0.087700,0.346300,0.801200,1.000600,0.111900,0.004700,-0.005100,0.002500,-0.409600,0.000600,0.000000,-0.366300,0.000000,-0.109100,0.007700,0.003500,0.001900,-0.403800,0.001600,0.005600,-0.363700,0.000000,0.000100,0.083100,-0.001200,0.001400,0.186000,-0.000200,0.002200,0.132200,0.001600,0.000300,0.198100,-0.000800,-0.001000,0.050100,-0.000400,-0.000600,0.050000,0.000200,0.028500,0.136600,-0.001900,0.179700,-0.000500,-0.001800,0.269800,0.000900,0.000100,0.260100,0.001900,0.000400,-0.028700,0.138000,0.000800,-0.179300,0.001100,0.001900,-0.269100,0.001200,0.002600,-0.260500,0.002100,0.003000,0.092900,0.335600,0.003400,0.937400,0.173900,0.019700,0.057500,-0.982900,0.123500,-0.084700,-0.016000,0.988600,-0.002600,-0.026400,0.075800,0.996800,-0.251000,-0.078400,0.028400,0.964400,0.287300,0.069300,0.009400,0.955300,-0.001000,0.093600,0.034600,-0.995000,-0.022400,-0.005900,0.006100,-0.999700,-0.022000,-0.006000,0.010200,-0.999700,-0.016600,-0.027900,0.012400,-0.999400,-0.115800,-0.003200,-0.027300,0.992900,-0.135000,-0.003800,-0.028200,0.990400,-0.099600,-0.281500,0.008200,0.954300,-0.019300,0.013400,-0.060700,0.997900,-0.184100,0.063100,-0.460700,0.865900,-0.077000,0.766200,-0.094800,-0.630900,0.166400,0.279100,0.128800,-0.936900,-0.020100,-0.011800,0.033100,0.999200,0.182100,-0.393100,-0.256500,-0.864000,-0.042200,-0.462200,0.224000,-0.857000,0.065300,0.009800,-0.218800,0.973500,0.092900,0.335600,0.003400,0.937400,0.090900,-0.316200,-0.005900,-0.944300,-0.022100,-0.231800,0.040600,-0.971700,-0.036100,-0.203900,-0.033200,-0.977800,-0.135900,0.246700,0.106800,0.953500,0.139000,0.333800,0.030700,0.931900,-0.130500,-0.249700,0.015000,-0.959400,-0.111700,-0.341700,0.009300,-0.933100,0.128800,0.348100,-0.025600,0.928200,-0.140500,-0.375000,0.039300,-0.915500,-0.023100,-0.377800,0.021000,-0.925400,0.112800,-0.374100,-0.004000,-0.920500,0.195100,-0.098400,-0.080500,-0.972500,-0.100300,-0.395800,0.085600,-0.908800,0.257400,-0.462000,0.413700,-0.741000,-0.378500,-0.283800,-0.029100,0.880500,0.472700,0.555500,0.082300,-0.679100,-0.134000,-0.360000,0.003100,-0.923300,0.041200,0.640200,0.352300,0.681400,0.242200,-0.887700,-0.141300,-0.365300,0.407500,-0.824000,0.002700,-0.393700
0.402756,0.889779,0.556211,0.600501,0.059222,0.829167,3.521517,1.693808,1.152881,10.994616,2.558572,1.549039,12.304099,0.983576,0.647940,0.691492,-4.805500,-7.398000,-0.577800,-4.721500,-7.384100,-0.653500,-4.690900,-7.786500,-0.582400,-4.725900,-8.149500,-0.593000,-4.884600,-7.398900,-0.503400,-4.767100,-7.778000,-0.427900,-4.783500,-8.121600,-0.546600,-4.801200,-7.316400,-0.566300,-4.782400,-7.134900,-0.533900,-4.761900,-7.007800,-0.507800,-4.727600,-6.817100,-0.466900,-4.725900,-6.767000,-0.465900,-4.730800,-6.718300,-0.476200,-4.719400,-6.874500,-0.501200,-4.603600,-6.887500,-0.638100,-4.541700,-7.115600,-0.767600,-4.318200,-7.060100,-0.646500,-4.757100,-6.875900,-0.457200,-4.886200,-6.887900,-0.333400,-4.862400,-7.012300,-0.096000,-4.701800,-6.914000,0.084200,0.348500,0.797000,1.000200,0.113500,0.007300,-0.004300,0.003000,-0.409800,0.002600,0.000100,-0.364800,0.000200,-0.108400,0.005600,0.004400,0.003500,-0.403900,0.000800,0.005200,-0.363900,0.000400,0.000100,0.082500,-0.001400,0.001000,0.185300,-0.000300,0.001800,0.131400,0.001300,0.000200,0.198000,-0.000800,-0.001000,0.050100,-0.000400,-0.000500,0.050000,0.000200,0.028900,0.137100,-0.001900,0.179800,0.000100,-0.001700,0.269600,0.001100,0.000200,0.260200,0.002200,0.000500,-0.029000,0.138300,0.000800,-0.179300,0.001600,0.002100,-0.269000,0.001600,0.002700,-0.260600,0.002300,0.002900,0.082800,0.346600,-0.002400,0.934400,0.166300,0.021300,0.054700,-0.984300,0.129100,-0.088400,-0.012600,0.987600,-0.009000,-0.034000,0.071900,0.996800,-0.240600,-0.077900,0.041000,0.966600,0.305200,0.067500,0.011100,0.949800,0.025400,0.088300,0.012200,-0.995700,-0.022400,-0.007200,0.004800,-0.999700,-0.022000,-0.007300,0.008100,-0.999700,-0.016600,-0.034000,0.009500,-0.999200,-0.113800,-0.003600,-0.031000,0.993000,-0.132700,-0.004300,-0.032000,0.990600,-0.098200,-0.297300,0.006700,0.949700,-0.019100,0.010200,-0.058300,0.998100,-0.203800,0.075500,-0.456200,0.862900,0.073200,-0.771400,0.084400,0.626500,0.161700,0.278300,0.142100,-0.936100,-0.022700,-0.023800,0.026800,0.999100,0.196900,-0.395700,-0.239300,-0.864500,-0.039200,-0.454800,0.216600,-0.862900,0.076800,0.007500,-0.213600,0.973900,0.082800,0.346600,-0.002400,0.934400,0.092900,-0.326200,-0.002400,-0.940700,-0.025800,-0.238100,0.043400,-0.969900,-0.032600,-0.202900,-0.027700,-0.978300,-0.130800,0.259400,0.113000,0.950200,0.161100,0.346500,0.029900,0.923600,-0.135300,-0.264700,-0.013100,-0.954700,-0.102000,-0.353600,0.014000,-0.929700,0.119700,0.360800,-0.028600,0.924500,-0.132500,-0.392700,0.039200,-0.909200,-0.015800,-0.395200,0.022900,-0.918200,0.119000,-0.391100,-0.000300,-0.912600,0.199900,-0.100900,-0.080200,-0.971300,-0.092300,-0.409700,0.083300,-0.903700,0.285000,-0.480900,0.393700,-0.729700,0.388300,0.266400,0.000400,-0.882200,-0.468400,-0.550000,-0.060800,0.688800,-0.121300,-0.368000,0.009100,-0.921800,0.015000,0.655700,0.333200,0.677400,0.254100,-0.890200,-0.121900,-0.357900,0.411100,-0.824700,0.028000,-0.387500
0.459623,0.912706,0.558288,0.610415,0.042461,0.749447,3.522767,1.667367,0.580544,10.586469,2.614653,1.081228,4.412446,1.721482,0.832679,0.757360,-4.803100,-7.400600,-0.580200,-4.720300,-7.387800,-0.656600,-4.687800,-7.789300,-0.582700,-4.726400,-8.150900,-0.594600,-4.880100,-7.402300,-0.500900,-4.756200,-7.782200,-0.439500,-4.781500,-8.119700,-0.575600,-4.797400,-7.319400,-0.570000,-4.776800,-7.138400,-0.541400,-4.757100,-7.011300,-0.519200,-4.722800,-6.819800,-0.482600,-4.721000,-6.769700,-0.482700,-4.725900,-6.721300,-0.494000,-4.714400,-6.877400,-0.516100,-4.603700,-6.891800,-0.657100,-4.545200,-7.118500,-0.790300,-4.315900,-7.049600,-0.687700,-4.751500,-6.878200,-0.470400,-4.877500,-6.887000,-0.343100,-4.849300,-6.990700,-0.096400,-4.690400,-6.880300,0.078200,0.350900,0.794400,0.997800,0.113000,0.009100,-0.002200,0.002100,-0.409600,0.003000,0.000600,-0.363800,0.001600,-0.110400,0.002800,0.006400,0.002300,-0.404300,0.001400,0.004900,-0.364800,0.000700,-0.000100,0.082100,-0.001600,0.000300,0.184400,-0.000900,0.001000,0.130500,-0.000500,0.000100,0.198000,-0.000800,-0.000900,0.050100,-0.000400,-0.000400,0.049900,0.000100,0.029300,0.137500,-0.001200,0.179800,0.000200,-0.001000,0.269400,0.001800,0.000200,0.260400,0.002800,0.000500,-0.029400,0.138700,0.001000,-0.179300,0.002200,0.002500,-0.269100,0.002100,0.002800,-0.260600,0.002700,0.002800,0.079100,0.361200,-0.013900,0.929000,0.169200,0.023700,0.045900,-0.984200,0.139100,-0.101600,-0.015400,0.984900,-0.013600,-0.035700,0.072300,0.996700,-0.232700,-0.068200,0.062800,0.968100,0.321300,0.050900,0.010900,0.945500,-0.053500,-0.079600,0.014100,0.995300,-0.019200,-0.007700,0.003300,-0.999800,-0.018800,-0.007800,0.005700,-0.999800,-0.014200,-0.036300,0.006400,-0.999200,-0.112200,-0.003800,-0.034000,0.993100,-0.130800,-0.004600,-0.035200,0.990800,-0.096900,-0.311300,0.005600,0.945300,-0.017500,0.013100,-0.058500,0.998000,-0.227500,0.090700,-0.446500,0.860600,0.065900,-0.778600,0.073100,0.619700,0.153000,0.276500,0.159400,-0.935300,-0.022500,-0.031300,0.024500,0.999000,0.221300,-0.397800,-0.216900,-0.863600,-0.041000,-0.445800,0.207600,-0.869800,0.094400,0.005400,-0.208400,0.973500,0.079100,0.361200,-0.013900,0.929000,0.096200,-0.339400,-0.002900,-0.935700,-0.030500,-0.238200,0.048900,-0.969500,-0.032600,-0.201300,-0.023500,-0.978700,-0.117900,0.284500,0.123600,0.943300,0.188400,0.358000,0.029700,0.914000,0.146000,0.279300,0.046600,0.947900,-0.095800,-0.368300,0.023300,-0.924500,0.111200,0.375500,-0.034800,0.919500,-0.123000,-0.408800,0.041900,-0.903300,-0.006800,-0.411400,0.026900,-0.911000,0.127000,-0.407100,0.005000,-0.904500,0.207000,-0.104500,-0.079400,-0.969500,-0.083600,-0.427800,0.085800,-0.895900,0.315100,-0.506200,0.369000,-0.712900,0.398500,0.242600,-0.035400,-0.883800,-0.459500,-0.540200,-0.034700,0.704200,-0.111300,-0.378100,0.014300,-0.919000,-0.019600,0.671100,0.314900,0.670900,0.269100,-0.891600,-0.098300,-0.350600,0.415300,-0.823000,0.063000,-0.382400
0.665166,0.987620,0.532909,0.613665,0.351443,0.783111,2.667425,1.591043,0.363701,12.897744,2.132828,1.073237,1.470298,1.903595,0.870278,0.775197,-4.797500,-7.402200,-0.583500,-4.714900,-7.389200,-0.659700,-4.682900,-7.789700,-0.581900,-4.726800,-8.149100,-0.594900,-4.873100,-7.404300,-0.503400,-4.746800,-7.785700,-0.452100,-4.780400,-8.116500,-0.604700,-4.791500,-7.321100,-0.574500,-4.770800,-7.140000,-0.548900,-4.751700,-7.012800,-0.529800,-4.716900,-6.820600,-0.498100,-4.715000,-6.770600,-0.499400,-4.719900,-6.722500,-0.511700,-4.709600,-6.878900,-0.531300,-4.602300,-6.894800,-0.674800,-4.548900,-7.120400,-0.811600,-4.315500,-7.040000,-0.728300,-4.746200,-6.879600,-0.484600,-4.868300,-6.884300,-0.353100,-4.835200,-6.969100,-0.099700,-4.679600,-6.848300,0.071000,0.356500,0.792800,0.994500,0.112600,0.010400,-0.000300,0.001800,-0.409200,0.003000,0.000800,-0.362300,0.002800,-0.110000,0.001400,0.006300,0.002300,-0.405000,0.001200,0.004600,-0.365800,0.001100,0.000000,0.081800,-0.001700,0.000200,0.184000,-0.001200,0.000800,0.130000,-0.001200,0.000000,0.197900,-0.000700,-0.000800,0.050100,-0.000400,-0.000400,0.049900,0.000100,0.029600,0.137300,-0.001800,0.179900,-0.000200,-0.001600,0.269200,0.001800,0.000300,0.260500,0.002700,0.000500,-0.029700,0.137700,0.000000,-0.179400,0.001200,0.001500,-0.269300,0.002000,0.002400,-0.260600,0.002600,0.002400,0.074700,0.369000,-0.017100,0.926300,0.168600,0.021100,0.047600,-0.984300,0.150200,-0.110300,-0.016000,0.982300,-0.014300,-0.036800,0.078600,0.996100,-0.223200,-0.062400,0.072400,0.970100,0.338200,0.040700,0.015200,0.940100,-0.074800,-0.069400,0.038900,0.994000,-0.017100,-0.008500,0.004100,-0.999800,-0.016800,-0.008500,0.006900,-0.999800,-0.012800,-0.039700,0.008000,-0.999100,-0.110800,-0.004000,-0.035800,0.993200,-0.129100,-0.004800,-0.037000,0.990900,-0.095800,-0.322300,0.005200,0.941700,-0.010900,0.010400,-0.054000,0.998400,-0.254000,0.111900,-0.437300,0.855400,0.058100,-0.784500,0.070300,0.613400,0.143200,0.272600,0.173300,-0.935500,-0.015600,-0.028100,0.016800,0.999300,0.254400,-0.393700,-0.200600,-0.860200,-0.043800,-0.432600,0.200400,-0.877900,0.112800,0.007300,-0.207500,0.971700,0.074700,0.369000,-0.017100,0.926300,0.100600,-0.350100,0.000200,-0.931300,-0.035400,-0.239500,0.056600,-0.968600,-0.038200,-0.201000,-0.021900,-0.978600,-0.108700,0.298600,0.128200,0.939500,0.214900,0.363900,0.029500,0.905800,0.162100,0.288300,0.076800,0.940600,-0.089100,-0.376800,0.026500,-0.921600,0.102100,0.384700,-0.038500,0.916600,-0.112300,-0.421100,0.046600,-0.898800,0.003300,-0.423800,0.032200,-0.905200,0.136000,-0.419600,0.010700,-0.897400,0.215300,-0.107700,-0.078700,-0.967400,-0.080000,-0.436300,0.089300,-0.891800,0.338900,-0.530700,0.346600,-0.695200,0.402100,0.216200,-0.071300,-0.886900,-0.446300,-0.523900,-0.008300,0.725500,-0.103900,-0.394400,0.028100,-0.912600,-0.052600,0.684900,0.300200,0.661800,0.284300,-0.890200,-0.078100,-0.347200,0.422300,-0.817400,0.098700,-0.379100
0.874543,1.081943,0.557600,0.606970,0.743903,0.988640,1.569627,1.514688,0.365934,16.350692,1.430696,1.319825,1.570290,1.761450,0.821458,0.756793,-4.784900,-7.403200,-0.592300,-4.702600,-7.391100,-0.670200,-4.672500,-7.788300,-0.579000,-4.727100,-8.143600,-0.593400,-4.861200,-7.409400,-0.513400,-4.729900,-7.796500,-0.481400,-4.776900,-8.116500,-0.662800,-4.779400,-7.321900,-0.585500,-4.758900,-7.140200,-0.566600,-4.739700,-7.012600,-0.552800,-4.703000,-6.819400,-0.531000,-4.700800,-6.769500,-0.534600,-4.706000,-6.722000,-0.548800,-4.696300,-6.878400,-0.561400,-4.596000,-6.898500,-0.709400,-4.554300,-7.121700,-0.853900,-4.317500,-7.023500,-0.806100,-4.732900,-6.877600,-0.513500,-4.847000,-6.876300,-0.374400,-4.802900,-6.931200,-0.114200,-4.657500,-6.794500,0.053200,0.369100,0.791800,0.985700,0.113300,0.011900,0.001100,0.001200,-0.408600,0.002300,0.000900,-0.359700,0.003300,-0.109800,-0.005400,0.003100,0.001200,-0.410000,-0.001200,0.002600,-0.370800,0.001800,-0.000600,0.081800,-0.001300,-0.000200,0.183800,-0.000900,0.000200,0.129700,-0.001200,0.000200,0.197900,-0.000600,-0.000600,0.050000,-0.000400,-0.000300,0.049900,-0.000100,0.029900,0.138100,-0.000700,0.180000,0.000200,-0.000800,0.269200,0.002000,0.000300,0.260800,0.002600,0.000300,-0.030400,0.137400,-0.000600,-0.179900,0.002000,0.001300,-0.269500,0.002900,0.002200,-0.260400,0.002600,0.001900,0.057600,0.379800,-0.021500,0.923000,0.164700,0.018800,0.053300,-0.984700,0.175000,-0.109200,-0.012100,0.978400,-0.006100,-0.047200,0.095800,0.994300,-0.197900,-0.058900,0.097100,0.973600,0.366100,0.026000,0.020100,0.930000,-0.103500,-0.052100,0.070200,0.990800,-0.017000,-0.009800,0.005800,-0.999800,-0.016700,-0.009900,0.009800,-0.999800,-0.013200,-0.046100,0.011600,-0.998800,-0.109700,-0.004000,-0.036200,0.993300,-0.127900,-0.004800,-0.037400,0.991100,-0.094900,-0.341600,0.006600,0.935000,-0.008700,0.015900,-0.048900,0.998600,-0.281100,0.143400,-0.414000,0.853800,-0.042700,0.792500,-0.079800,-0.603100,0.125700,0.263700,0.187700,-0.937800,-0.006900,0.019000,-0.017900,-0.999600,0.286400,-0.397600,-0.155600,-0.857700,-0.017500,-0.393700,0.207200,-0.895400,0.126500,0.010400,-0.209200,0.969600,0.057600,0.379800,-0.021500,0.923000,0.116000,-0.363300,0.008900,-0.924400,-0.042900,-0.251500,0.070800,-0.964300,-0.057400,-0.200900,-0.021500,-0.977700,-0.091000,0.314100,0.140400,0.934500,0.260100,0.369700,0.032000,0.891400,0.193100,0.298200,0.119000,0.927200,-0.071200,-0.388800,0.032800,-0.918000,0.083000,0.397900,-0.047500,0.912400,-0.092600,-0.439800,0.059500,-0.891300,0.022000,-0.443100,0.043500,-0.895100,0.153000,-0.439600,0.019800,-0.884800,0.230900,-0.111600,-0.081300,-0.963100,-0.064100,-0.458400,0.097700,-0.881000,0.368700,-0.571700,0.310200,-0.664100,-0.394200,-0.165300,0.133700,0.894100,0.415800,0.481600,-0.040700,-0.770400,0.105500,0.420600,-0.048300,0.899800,0.082600,-0.716000,-0.261000,-0.642200,-0.313900,0.881400,0.055600,0.348700,-0.445100,0.799600,-0.133800,0.380200
0.612769,1.110414,0.942284,0.568905,0.503565,1.737083,2.010069,1.605612,0.365882,16.913511,1.329389,1.407363,1.576239,1.723209,0.800058,0.704018,-4.780400,-7.403600,-0.597600,-4.698500,-7.392000,-0.676200,-4.669200,-7.788000,-0.579900,-4.727100,-8.142500,-0.593500,-4.857400,-7.409900,-0.518600,-4.723600,-7.796800,-0.494600,-4.774900,-8.111300,-0.685200,-4.774600,-7.322100,-0.590900,-4.753700,-7.140100,-0.573600,-4.734400,-7.012200,-0.561600,-4.697300,-6.818700,-0.543100,-4.695000,-6.768900,-0.547500,-4.700400,-6.721600,-0.562400,-4.690800,-6.878100,-0.572700,-4.592500,-6.900000,-0.722000,-4.555500,-7.122100,-0.869600,-4.319100,-7.018000,-0.833100,-4.727100,-6.876400,-0.524300,-4.838700,-6.875500,-0.383000,-4.790800,-6.920300,-0.121400,-4.649600,-6.779400,0.046000,0.373600,0.791400,0.980400,0.113500,0.011900,0.001300,0.000900,-0.408500,0.002100,0.000900,-0.359400,0.003300,-0.110300,-0.006100,0.001800,0.001000,-0.410100,-0.001400,0.002000,-0.371300,0.001400,-0.000700,0.082000,-0.001000,-0.000100,0.184000,-0.000800,0.000400,0.129900,-0.001300,0.000200,0.197900,-0.000500,-0.000600,0.050000,-0.000400,-0.000300,0.049900,-0.000100,0.030000,0.138200,-0.000300,0.180000,0.000300,-0.000600,0.269200,0.002000,0.000300,0.260800,0.002600,0.000200,-0.030600,0.137600,-0.000800,-0.180000,0.000900,0.000900,-0.269600,0.002300,0.001000,-0.260400,0.002500,0.001500,-0.055400,-0.383600,0.023200,-0.921500,0.167000,0.017300,0.057300,-0.984100,0.181600,-0.113200,-0.011200,0.976800,0.002100,0.048100,-0.100800,-0.993700,-0.192100,-0.060600,0.107300,0.973600,0.374100,0.024600,0.019800,0.926800,-0.111100,-0.047100,0.076400,0.989700,-0.015500,-0.010400,0.006600,-0.999800,-0.015300,-0.010500,0.011100,-0.999800,-0.012500,-0.048800,0.013200,-0.998600,-0.109400,-0.004000,-0.036700,0.993300,-0.127600,-0.004900,-0.037900,0.991100,-0.094600,-0.349500,0.007000,0.932100,-0.009500,0.015000,-0.048400,0.998700,-0.288200,0.156100,-0.402900,0.854600,-0.036400,0.795900,-0.082700,-0.598700,0.121100,0.261400,0.190400,-0.938500,-0.012300,0.015900,-0.021300,-0.999600,-0.285900,0.400100,0.131800,0.860700,0.002500,-0.374200,0.209500,-0.903400,0.121600,0.005800,-0.208900,0.970300,-0.055400,-0.383600,0.023200,-0.921500,-0.121700,0.368600,-0.012600,0.921500,0.043000,0.252100,-0.075800,0.963800,-0.062400,-0.200000,-0.020300,-0.977600,0.083200,-0.316200,-0.146600,-0.933600,-0.274800,-0.372500,-0.034000,-0.885800,-0.203600,-0.302200,-0.129800,-0.922200,0.067500,0.393100,-0.034700,0.916400,-0.077500,-0.402800,0.050100,-0.910600,0.085800,0.447200,-0.063400,0.888100,-0.028600,0.450700,-0.046900,0.891000,-0.159300,0.447200,-0.022600,0.879800,-0.236600,0.112600,0.083000,0.961500,0.056600,0.464700,-0.100800,0.877900,-0.376100,0.586000,-0.297000,0.653400,0.389300,0.148900,-0.154200,-0.895800,-0.405200,-0.466700,0.057800,0.784000,-0.105200,-0.430300,0.051200,-0.895100,0.088200,-0.729300,-0.239000,-0.635000,-0.323500,0.877400,0.051700,0.350600,-0.454800,0.792100,-0.131600,0.385300
0.608079,1.190300,1.119625,0.498339,0.465880,3.144207,1.837880,1.663778,0.364526,17.476609,1.228392,1.494981,1.582197,1.684615,0.775758,0.650515,-4.773800,-7.404800,-0.605200,-4.693400,-7.394200,-0.683800,-4.663800,-7.789500,-0.584600,-4.727600,-8.143500,-0.595400,-4.850600,-7.410700,-0.526400,-4.718200,-7.798500,-0.512700,-4.773400,-8.106000,-0.714100,-4.767300,-7.323100,-0.598900,-4.746100,-7.140600,-0.583500,-4.726700,-7.012100,-0.573700,-4.689700,-6.818200,-0.559000,-4.687600,-6.768500,-0.564300,-4.693300,-6.721500,-0.579900,-4.683600,-6.878300,-0.587900,-4.588100,-6.902100,-0.738600,-4.555800,-7.122100,-0.890600,-4.321300,-7.010500,-0.866300,-4.718800,-6.875400,-0.538400,-4.826700,-6.874100,-0.394300,-4.778000,-6.909700,-0.131500,-4.641300,-6.765000,0.036200,0.380200,0.790200,0.972800,0.112300,0.011300,0.001900,0.000200,-0.408600,0.001900,0.000500,-0.359800,0.003700,-0.110100,-0.006300,0.000200,0.000900,-0.410000,-0.001900,0.001500,-0.371800,0.000700,-0.000300,0.082300,-0.000600,0.000200,0.184400,-0.000700,0.000900,0.130300,-0.001400,0.000200,0.197900,-0.000600,-0.000600,0.050000,-0.000400,-0.000200,0.049900,-0.000200,0.030200,0.138000,-0.000200,0.180000,0.000100,-0.000600,0.269400,0.002200,0.000300,0.260900,0.002600,0.000100,-0.030600,0.138000,-0.000800,-0.180000,0.001200,0.000900,-0.269600,0.002500,0.000900,-0.260300,0.002500,0.001200,-0.053600,-0.390100,0.024700,-0.918900,0.168200,0.019200,0.058400,-0.983800,0.187100,-0.118800,-0.017700,0.975000,0.001900,0.046700,-0.106600,-0.993200,-0.181100,-0.070300,0.116100,0.974000,0.378900,0.031700,0.022700,0.924600,-0.114200,-0.046100,0.079000,0.989200,-0.013600,-0.011100,0.007300,-0.999800,-0.013400,-0.011100,0.012200,-0.999800,-0.011300,-0.052000,0.014800,-0.998500,-0.109000,-0.004200,-0.038300,0.993300,-0.127100,-0.005100,-0.039600,0.991100,-0.094300,-0.359700,0.006700,0.928300,-0.009400,0.012300,-0.047400,0.998800,-0.298400,0.170200,-0.388900,0.854800,-0.028800,0.800200,-0.081800,-0.593400,0.116800,0.258900,0.190900,-0.939600,-0.016000,0.014000,-0.025400,-0.999400,-0.273500,0.394400,0.107600,0.870700,0.032700,-0.358900,0.214900,-0.907700,0.105000,-0.003300,-0.204900,0.973100,-0.053600,-0.390100,0.024700,-0.918900,-0.125100,0.373400,-0.013400,0.919100,0.041800,0.250200,-0.084300,0.963600,-0.062400,-0.199300,-0.017500,-0.977800,0.070700,-0.313600,-0.149500,-0.935000,-0.291300,-0.377800,-0.038400,-0.878000,-0.219500,-0.305900,-0.137000,-0.916200,0.063500,0.400200,-0.036100,0.913500,-0.071200,-0.410600,0.051900,-0.907500,0.078000,0.457600,-0.066200,0.883200,-0.036600,0.461000,-0.050000,0.885200,-0.167200,0.457300,-0.025800,0.873100,-0.243800,0.114100,0.085200,0.959300,0.048800,0.472300,-0.102700,0.874100,-0.385400,0.602100,-0.278600,0.641400,0.383900,0.132400,-0.178200,-0.896300,-0.393900,-0.450600,0.080300,0.797100,-0.102800,-0.441900,0.052100,-0.889600,0.085700,-0.738800,-0.211800,-0.634000,-0.333400,0.872800,0.049400,0.353100,-0.466000,0.785000,-0.114800,0.391600
0.684947,1.244776,1.089139,0.433950,0.626899,4.083470,1.696275,1.714227,0.401923,18.182473,1.207696,1.859952,1.569462,1.546509,0.769923,0.597537,-4.759700,-7.408400,-0.618100,-4.682300,-7.398400,-0.694800,-4.651000,-7.793700,-0.594800,-4.729200,-8.144800,-0.598800,-4.835100,-7.410000,-0.538500,-4.717000,-7.797800,-0.544600,-4.775900,-8.091700,-0.760700,-4.752200,-7.326600,-0.612300,-4.730700,-7.143600,-0.599600,-4.711600,-7.014400,-0.593600,-4.676300,-6.819800,-0.585200,-4.674600,-6.770300,-0.591800,-4.680700,-6.723600,-0.608500,-4.670900,-6.880900,-0.613100,-4.580200,-6.907200,-0.766400,-4.551300,-7.122700,-0.925600,-4.323000,-6.997000,-0.915700,-4.702900,-6.877100,-0.562200,-4.804600,-6.875500,-0.413800,-4.768500,-6.901900,-0.147900,-4.637500,-6.751700,0.019500,0.394300,0.786600,0.959900,0.108800,0.011200,0.004400,-0.000500,-0.408800,0.002100,-0.002400,-0.359700,0.005900,-0.109600,-0.002400,-0.002000,0.002000,-0.405300,-0.001000,0.002600,-0.369600,-0.001800,0.000400,0.082400,-0.000100,0.000900,0.184700,-0.000300,0.001800,0.130700,-0.001400,0.000200,0.197900,-0.000600,-0.000500,0.050000,-0.000300,-0.000200,0.049900,-0.000100,0.030300,0.137600,-0.000500,0.180100,-0.000100,-0.000600,0.269400,0.001900,0.000300,0.260700,0.002300,0.000200,-0.030000,0.137900,-0.000100,-0.179900,0.000800,0.000800,-0.269600,0.002100,0.000600,-0.260300,0.002000,0.000700,-0.052400,-0.403700,0.026000,-0.913000,0.167800,0.023300,0.058600,-0.983800,0.196500,-0.108400,-0.031500,0.974000,-0.010400,-0.061900,0.124100,0.990300,-0.150600,-0.095400,0.120600,0.976600,0.369600,0.041200,0.027800,0.927900,-0.086900,-0.048600,0.083000,0.991600,-0.009000,-0.011900,0.008500,-0.999900,-0.008900,-0.011900,0.014200,-0.999800,-0.008500,-0.055500,0.017600,-0.998300,-0.106400,-0.004300,-0.040500,0.993500,-0.124000,-0.005200,-0.041800,0.991400,-0.092300,-0.375400,0.006100,0.922200,-0.011300,0.008000,-0.045100,0.998900,-0.316800,0.187700,-0.360900,0.856800,-0.018100,0.807300,-0.070600,-0.585600,0.120300,0.254000,0.188100,-0.941100,-0.019800,0.012900,-0.030800,-0.999200,-0.238900,0.357900,0.074700,0.899600,-0.091200,0.358500,-0.221400,0.902300,0.072800,-0.009700,-0.191900,0.978700,-0.052400,-0.403700,0.026000,-0.913000,-0.126000,0.383400,-0.012500,0.914900,0.043700,0.267800,-0.102700,0.957000,0.060100,0.201600,0.017100,0.977500,0.040200,-0.304700,-0.140500,-0.941200,-0.313300,-0.374600,-0.042300,-0.871600,-0.268000,-0.299400,-0.131600,-0.906200,0.057400,0.414700,-0.036700,0.907400,-0.060000,-0.425900,0.052600,-0.901200,0.063000,0.475800,-0.068700,0.874600,-0.050000,0.478800,-0.053300,0.874900,-0.178400,0.474600,-0.029800,0.861400,-0.252300,0.118100,0.088600,0.956300,0.032100,0.485900,-0.102200,0.867400,-0.403500,0.623100,-0.240700,0.625300,0.375300,0.115800,-0.217600,-0.893500,-0.383600,-0.432800,0.118100,0.807200,-0.094000,-0.460900,0.051900,-0.880900,0.072900,-0.735300,-0.162900,-0.653900,0.346600,-0.866800,-0.043100,-0.355800,0.479300,-0.781500,0.085900,-0.390100
0.664020,1.146323,0.678667,0.435229,1.144586,2.577271,2.517972,1.787690,0.567645,19.349661,1.446315,3.122840,1.496197,1.086992,0.830253,0.547415,-4.750200,-7.411800,-0.625900,-4.673400,-7.401100,-0.701400,-4.643400,-7.795700,-0.599100,-4.730000,-8.145000,-0.600700,-4.826700,-7.406900,-0.546200,-4.717800,-7.788200,-0.562800,-4.777300,-8.074200,-0.785800,-4.742400,-7.330200,-0.620100,-4.721500,-7.147200,-0.608200,-4.702800,-7.017900,-0.604000,-4.668700,-6.822900,-0.599200,-4.667200,-6.773500,-0.606600,-4.673500,-6.726900,-0.623600,-4.663200,-6.884000,-0.626100,-4.575200,-6.912400,-0.780700,-4.546100,-7.123700,-0.945000,-4.322800,-6.989300,-0.940000,-4.693900,-6.880900,-0.574800,-4.793400,-6.878500,-0.424800,-4.768900,-6.901600,-0.157200,-4.641500,-6.748000,0.009800,0.403800,0.783200,0.952100,0.107300,0.011600,0.006500,-0.001100,-0.408800,0.002200,-0.003900,-0.359800,0.006700,-0.110500,0.004300,-0.005300,0.003500,-0.396900,-0.000400,0.006200,-0.367400,-0.006700,0.000700,0.082200,0.000200,0.001300,0.184600,0.000000,0.002400,0.130700,-0.001200,0.000200,0.198000,-0.000700,-0.000400,0.050000,-0.000300,-0.000200,0.050000,-0.000100,0.030200,0.138100,-0.000300,0.180200,0.000200,-0.000200,0.269200,0.002100,0.000300,0.260700,0.002500,0.000500,-0.029600,0.137200,0.000600,-0.180000,0.000400,0.000700,-0.269700,0.001600,0.000200,-0.260200,0.001900,0.000700,0.052400,0.411000,-0.023600,0.909800,0.166900,0.026300,0.064900,-0.983500,0.204100,-0.091900,-0.033700,0.974000,-0.015300,-0.078900,0.135400,0.987500,-0.133500,-0.108000,0.119000,0.977900,0.359000,0.033300,0.023400,0.932400,-0.038900,-0.044300,0.081200,0.995000,-0.006600,-0.011900,0.009800,-0.999900,-0.006600,-0.011900,0.016300,-0.999800,-0.007100,-0.055700,0.020500,-0.998200,-0.104200,-0.004300,-0.040800,0.993700,-0.121500,-0.005200,-0.042100,0.991700,-0.090600,-0.381000,0.005900,0.920100,-0.022600,0.010000,-0.047000,0.998600,-0.317900,0.193300,-0.338100,0.864400,-0.012600,0.810800,-0.063700,-0.581800,0.126700,0.251100,0.183800,-0.941900,-0.017700,0.013900,-0.031600,-0.999200,-0.223300,0.331100,0.067700,0.914300,-0.113300,0.367000,-0.222900,0.896000,0.074200,-0.010200,-0.188500,0.979200,0.052400,0.411000,-0.023600,0.909800,0.127600,-0.387600,0.015100,-0.912800,-0.047600,-0.286300,0.112900,-0.950300,-0.062300,-0.203000,-0.017900,-0.977000,-0.023900,0.300600,0.134400,0.943900,0.319200,0.360500,0.038700,0.875600,0.314500,0.292400,0.109500,0.896400,-0.054700,-0.422200,0.034600,-0.904200,0.054100,0.433500,-0.051500,0.898000,-0.054400,-0.483500,0.069900,-0.870800,0.056700,-0.486300,0.054800,-0.870200,0.182700,-0.482000,0.031600,-0.856300,0.254900,-0.121200,-0.089300,-0.955200,-0.012600,-0.495700,0.099200,-0.862700,0.411800,-0.631100,0.217400,-0.620400,-0.367800,-0.112300,0.238900,0.891600,0.378700,0.427500,-0.139300,-0.808900,0.084100,0.468100,-0.051600,0.878200,-0.070400,0.724500,0.144600,0.670200,-0.353600,0.863100,0.036400,0.358800,-0.481900,0.777500,-0.092400,0.393300
0.651916,1.515211,1.944710,0.230866,2.249292,9.270420,3.322498,1.517088,0.573544,13.747740,2.030226,2.667749,1.275302,0.819250,0.814800,0.338258,-4.739800,-7.416000,-0.636000,-4.663100,-7.403400,-0.711400,-4.635800,-7.796100,-0.601700,-4.730300,-8.142400,-0.601000,-4.816800,-7.410000,-0.556700,-4.719500,-7.791900,-0.581800,-4.781000,-8.077300,-0.806400,-4.732100,-7.334700,-0.629300,-4.712200,-7.151800,-0.617500,-4.694300,-7.022600,-0.614400,-4.661600,-6.827300,-0.612700,-4.660300,-6.778000,-0.620800,-4.666600,-6.731500,-0.638200,-4.656000,-6.888600,-0.638800,-4.569500,-6.918600,-0.793900,-4.538900,-7.124500,-0.964400,-4.321700,-6.980400,-0.962400,-4.686000,-6.885800,-0.587200,-4.784300,-6.882600,-0.436400,-4.770000,-6.904100,-0.167900,-4.647700,-6.747300,-0.000200,0.414200,0.779000,0.942000,0.107300,0.012600,0.007300,-0.000900,-0.408600,0.002100,-0.004000,-0.358900,0.006400,-0.110200,0.006200,-0.007100,0.003900,-0.394800,-0.000500,0.006300,-0.368200,-0.008900,0.000700,0.082000,0.000800,0.001500,0.184300,0.000400,0.002600,0.130500,-0.000900,0.000200,0.198000,-0.000600,-0.000400,0.050100,-0.000300,-0.000200,0.050000,0.000000,0.030100,0.138300,-0.000400,0.180100,0.000200,0.000000,0.269100,0.001800,0.000300,0.260600,0.002300,0.000600,-0.029600,0.136500,0.000800,-0.180000,0.000100,0.000600,-0.269700,0.001200,0.000100,-0.260100,0.001600,0.000600,0.053600,0.415200,-0.019800,0.907900,0.169400,0.023800,0.080000,-0.982000,0.214300,-0.082700,-0.031500,0.972800,-0.015100,-0.090000,0.148400,0.984700,-0.115900,-0.117700,0.111500,0.979900,0.344300,0.016600,0.015300,0.938600,-0.042300,-0.020700,0.028800,0.998500,-0.004000,-0.011800,0.011300,-0.999900,-0.004000,-0.011800,0.018900,-0.999700,-0.005700,-0.055100,0.024100,-0.998200,-0.102200,-0.004200,-0.040500,0.993900,-0.119100,-0.005000,-0.041900,0.992000,-0.089000,-0.382300,0.005700,0.919700,-0.033000,0.011500,-0.047000,0.998300,-0.320500,0.199500,-0.312500,0.871700,-0.005700,0.813800,-0.059500,-0.578000,0.134400,0.245900,0.176000,-0.943700,-0.010100,0.014300,-0.032600,-0.999300,-0.212000,0.308300,0.069800,0.924700,-0.118700,0.373300,-0.225300,0.892100,0.086900,-0.011200,-0.188900,0.978100,0.053600,0.415200,-0.019800,0.907900,0.134900,-0.393700,0.023000,-0.909000,-0.049200,-0.298700,0.124300,-0.944900,-0.067300,-0.203700,-0.017900,-0.976600,-0.008700,0.296400,0.123700,0.947000,0.320400,0.336600,0.028400,0.885000,0.292700,0.307300,0.061500,0.903400,-0.052800,-0.426400,0.031100,-0.902500,0.048700,0.437800,-0.049200,0.896400,-0.045800,-0.487300,0.070500,-0.869200,0.063300,-0.489800,0.055700,-0.867800,0.186900,-0.485500,0.033000,-0.853400,0.257600,-0.124200,-0.089200,-0.954100,0.005000,-0.501000,0.094600,-0.860300,0.417700,-0.637000,0.191800,-0.618800,-0.356100,-0.111600,0.262300,0.889900,0.371400,0.422100,-0.163500,-0.810600,0.069500,0.472300,-0.047700,0.877400,-0.074100,0.712600,0.138700,0.683700,-0.359600,0.857700,0.026600,0.366400,-0.481700,0.769200,-0.113600,0.404300
0.700892,5.006129,3.117850,1.460664,3.026128,12.783453,3.224978,1.184730,0.539007,8.270009,2.475935,1.945966,1.081925,0.663620,0.771246,0.137965,-4.722600,-7.424800,-0.658800,-4.648800,-7.408400,-0.735400,-4.625600,-7.794400,-0.604900,-4.729700,-8.136100,-0.600600,-4.800400,-7.425100,-0.582000,-4.717900,-7.816400,-0.614300,-4.795500,-8.114000,-0.828100,-4.715300,-7.344000,-0.650800,-4.697600,-7.161200,-0.638200,-4.681300,-7.032200,-0.635100,-4.650900,-6.836500,-0.635100,-4.649900,-6.787300,-0.643700,-4.656300,-6.741100,-0.661700,-4.644400,-6.898200,-0.660400,-4.558500,-6.928100,-0.816000,-4.523500,-7.123100,-0.997800,-4.320300,-6.960100,-0.997400,-4.675200,-6.895600,-0.609000,-4.774700,-6.891400,-0.458600,-4.775500,-6.914500,-0.189700,-4.663900,-6.753400,-0.018900,0.431400,0.770200,0.919200,0.106500,0.014700,0.003800,-0.001700,-0.408200,0.001600,-0.004200,-0.357200,0.004100,-0.109000,0.001100,-0.008400,0.001600,-0.401300,-0.002000,0.002600,-0.374500,-0.006700,0.000500,0.081500,0.001700,0.001300,0.184000,0.000800,0.002500,0.130000,-0.000600,0.000200,0.198000,-0.000600,-0.000200,0.050000,-0.000200,0.000000,0.050000,0.000000,0.030000,0.138100,-0.000400,0.180200,0.000100,0.000100,0.268900,0.002000,0.000400,0.260400,0.002600,0.001100,-0.029900,0.136000,0.000900,-0.180300,-0.000300,0.000200,-0.269900,0.001000,-0.000500,-0.260000,0.001500,0.000300,0.054700,0.414100,-0.013600,0.908500,-0.181900,-0.015800,-0.109300,0.977100,0.233600,-0.085000,-0.024200,0.968300,0.007800,0.088200,-0.162000,-0.982800,-0.097600,-0.111400,0.097700,0.984100,0.326800,0.011900,-0.002000,0.945000,0.152400,0.005900,0.021700,-0.988100,-0.001800,-0.011000,0.012400,-0.999900,-0.001900,-0.011000,0.020700,-0.999700,-0.004200,-0.051400,0.026700,-0.998300,-0.101200,-0.004100,-0.040500,0.994000,-0.118000,-0.005000,-0.041900,0.992100,-0.088200,-0.373700,0.004700,0.923300,-0.041800,0.021600,-0.045600,0.997800,-0.339000,0.205900,-0.275700,0.875600,0.009100,0.820400,-0.047300,-0.569700,0.135600,0.229500,0.148400,-0.952300,-0.007200,-0.011000,0.029400,0.999500,0.213000,-0.280000,-0.087500,-0.932000,0.095000,-0.382200,0.229500,-0.890100,0.101500,-0.021900,-0.200900,0.974100,0.054700,0.414100,-0.013600,0.908500,-0.157300,0.398700,-0.038100,0.902700,0.045700,0.296600,-0.138400,0.943800,-0.073300,-0.201900,-0.015100,-0.976500,0.004100,0.302300,0.109700,0.946900,0.311400,0.332900,0.003000,0.890100,-0.164800,-0.329900,-0.032600,-0.929000,-0.051300,-0.424700,0.025000,-0.903500,0.044500,0.435600,-0.044000,0.898000,-0.038800,-0.482000,0.067400,-0.872700,0.069600,-0.483900,0.053700,-0.870700,0.192300,-0.479200,0.032300,-0.855800,0.262900,-0.126400,-0.088400,-0.952400,0.018300,-0.504500,0.086000,-0.858900,0.428600,-0.642700,0.144900,-0.618300,-0.338300,-0.119500,0.304200,0.882500,0.354300,0.407800,-0.220100,-0.812200,-0.045900,-0.471600,0.038600,-0.879800,-0.092600,0.690000,0.154200,0.701100,0.366300,-0.846200,-0.006600,-0.386900,0.487400,-0.742900,0.149100,-0.433900
0.877860,15.004730,3.030253,5.944603,2.717325,4.189796,1.173486,0.936332,0.517881,7.336672,2.402333,1.727993,1.041749,0.631357,0.715695,0.057093,-4.713100,-7.430000,-0.672700,-4.641500,-7.413300,-0.750100,-4.621600,-7.795600,-0.608100,-4.729000,-8.137300,-0.601000,-4.790700,-7.433900,-0.595400,-4.712700,-7.832200,-0.631200,-4.796600,-8.140900,-0.832000,-4.705600,-7.349500,-0.664500,-4.689000,-7.166900,-0.651200,-4.674000,-7.037900,-0.647500,-4.646500,-6.841800,-0.646800,-4.645900,-6.792500,-0.655400,-4.652500,-6.746300,-0.673400,-4.639000,-6.903800,-0.672300,-4.552400,-6.932000,-0.827800,-4.511700,-7.118800,-1.017000,-4.319800,-6.942900,-1.015200,-4.670000,-6.901200,-0.620900,-4.771500,-6.896100,-0.471900,-4.782800,-6.923600,-0.203600,-4.677100,-6.760600,-0.030700,0.440900,0.765000,0.905300,0.105800,0.014200,0.000700,-0.001900,-0.408300,0.001300,-0.003800,-0.358200,0.003800,-0.109500,-0.001800,-0.006700,0.000800,-0.407500,-0.002000,0.002100,-0.377700,-0.003600,0.000800,0.081200,0.002200,0.001300,0.183900,0.001100,0.002300,0.129800,-0.000400,0.000100,0.198000,-0.000600,-0.000200,0.050100,-0.000200,0.000000,0.050000,0.000100,0.029900,0.137600,-0.000200,0.180300,0.000000,0.000500,0.268900,0.001800,0.000400,0.260200,0.002500,0.001500,-0.030100,0.136100,0.000800,-0.180400,-0.000400,0.000000,-0.269900,0.000900,-0.000500,-0.260000,0.001300,0.000100,0.055200,0.410500,-0.010900,0.910100,-0.189200,-0.015700,-0.123900,0.974000,0.240900,-0.092400,-0.022600,0.965900,0.003800,0.075800,-0.165100,-0.983300,-0.091300,-0.088100,0.091600,0.987700,0.311500,0.033900,-0.000400,0.949700,0.212200,0.037400,0.057100,-0.974800,-0.000200,-0.011700,0.011900,-0.999900,-0.000300,-0.011700,0.019800,-0.999700,-0.003100,-0.054500,0.025600,-0.998200,-0.099900,-0.004300,-0.042400,0.994100,-0.116500,-0.005100,-0.043900,0.992200,-0.087400,-0.371600,0.002800,0.924300,-0.044300,0.022000,-0.044900,0.997800,-0.355100,0.206500,-0.253800,0.875700,0.023400,0.823700,-0.032400,-0.565600,0.129000,0.218800,0.124700,-0.959100,-0.014300,-0.018000,0.022200,0.999500,0.224700,-0.262300,-0.106500,-0.932400,0.067200,-0.394700,0.230800,-0.886800,0.095500,-0.036400,-0.203700,0.973700,0.055200,0.410500,-0.010900,0.910100,-0.169500,0.394400,-0.046600,0.902000,0.040300,0.282600,-0.144700,0.947400,-0.071800,-0.199900,-0.012200,-0.977100,0.008100,0.321200,0.105200,0.941100,0.297100,0.369700,-0.000200,0.880400,-0.081700,-0.344500,-0.016900,-0.935100,-0.050600,-0.421700,0.021200,-0.905100,0.042800,0.433100,-0.038700,0.899500,-0.036600,-0.482300,0.060600,-0.873100,0.071600,-0.483300,0.049300,-0.871100,0.194000,-0.477700,0.030400,-0.856300,0.264100,-0.126500,-0.088100,-0.952100,0.022600,-0.504700,0.077500,-0.859500,0.437100,-0.641300,0.111500,-0.620700,-0.332800,-0.131800,0.332100,0.872700,0.342600,0.401700,-0.265500,-0.806700,-0.033700,-0.466400,0.035000,-0.883300,-0.108200,0.670800,0.175100,0.712500,0.367800,-0.839400,0.006900,-0.400200,0.491100,-0.727100,0.155000,-0.453900
1.255078,17.569290,3.298143,10.142809,4.628954,2.320422,1.761205,1.835176,0.548982,3.966073,2.105065,1.310576,0.893028,0.441394,0.638193,0.012800,-4.703400,-7.433300,-0.686700,-4.633800,-7.417100,-0.764300,-4.619200,-7.796500,-0.613500,-4.728800,-8.138500,-0.601800,-4.779300,-7.436700,-0.606900,-4.708800,-7.838700,-0.644200,-4.798300,-8.152300,-0.832100,-4.695300,-7.353300,-0.677600,-4.679300,-7.171000,-0.662900,-4.666300,-7.042100,-0.658700,-4.642900,-6.845400,-0.657500,-4.643100,-6.796000,-0.666000,-4.649900,-6.749900,-0.683900,-4.634600,-6.907600,-0.683400,-4.546000,-6.934000,-0.838400,-4.497000,-7.110000,-1.035400,-4.319200,-6.920100,-1.030800,-4.664700,-6.904800,-0.631600,-4.769400,-6.899600,-0.484600,-4.793600,-6.933300,-0.217700,-4.692800,-6.769200,-0.042900,0.450600,0.761700,0.891300,0.104700,0.012900,-0.001600,-0.002300,-0.408600,0.001400,-0.003800,-0.359300,0.004300,-0.110100,-0.000300,-0.003100,-0.000100,-0.409800,-0.001200,0.001100,-0.376400,-0.002300,0.001200,0.080900,0.002500,0.001300,0.183600,0.001400,0.002000,0.129600,-0.000400,-0.000100,0.198000,-0.000700,-0.000200,0.050100,-0.000200,0.000100,0.050000,0.000200,0.029900,0.137100,-0.000300,0.180400,0.000000,0.000800,0.268700,0.002000,0.000500,0.260200,0.003000,0.002200,-0.030200,0.136600,0.000700,-0.180500,-0.000400,-0.000400,-0.270100,0.001000,-0.000800,-0.260100,0.001300,-0.000400,0.061200,0.407400,-0.010300,0.911200,-0.198800,-0.023700,-0.136500,0.970200,0.241800,-0.097400,-0.023500,0.965200,0.001300,0.059000,-0.165100,-0.984500,-0.089700,-0.062000,0.082200,0.990600,0.296900,0.041100,0.002500,0.954000,0.245100,0.057800,0.071600,-0.965100,-0.004500,0.013500,-0.011100,0.999800,-0.004300,0.013400,-0.018500,0.999700,-0.000100,-0.062700,0.024300,-0.997700,-0.096900,-0.004400,-0.045500,0.994200,-0.113000,-0.005400,-0.047000,0.992500,-0.085300,-0.376100,0.000300,0.922700,-0.038700,0.010400,-0.045700,0.998200,-0.377000,0.201700,-0.229500,0.874300,-0.041800,-0.824900,0.016500,0.563500,0.121200,0.207900,0.099900,-0.965500,-0.023200,-0.036200,0.016000,0.998900,0.234100,-0.241600,-0.126900,-0.933100,0.035100,-0.414200,0.228400,-0.880300,0.080500,-0.055600,-0.199800,0.974900,0.061200,0.407400,-0.010300,0.911200,-0.177600,0.384000,-0.054700,0.904400,0.032900,0.265200,-0.149700,0.951900,-0.066100,-0.199600,-0.008200,-0.977600,0.011800,0.342900,0.097500,0.934200,0.285500,0.394500,-0.006000,0.873400,-0.032800,-0.352200,-0.011800,-0.935300,0.052800,0.420300,-0.017700,0.905700,0.041400,0.433400,-0.032000,0.899700,-0.032800,-0.489800,0.051200,-0.869700,0.074200,-0.489600,0.043100,-0.867700,0.194900,-0.482600,0.027900,-0.853400,0.263000,-0.126800,-0.088900,-0.952300,0.022700,-0.501400,0.071500,-0.862000,0.445500,-0.634000,0.076000,-0.627500,0.329400,0.149900,-0.361600,-0.859200,-0.332100,-0.400100,0.313600,0.794600,-0.018600,-0.458500,0.027000,-0.888100,-0.125800,0.646300,0.199300,0.725800,0.366400,-0.833900,0.019800,-0.412300,0.491800,-0.715200,0.148400,-0.473900
1.451179,15.594151,2.814048,12.943374,8.030420,1.436057,2.733277,2.349070,0.565902,1.470554,2.287860,1.306988,0.781727,0.299848,0.622595,0.005812,-4.693700,-7.434300,-0.699400,-4.626100,-7.419300,-0.777400,-4.618300,-7.796800,-0.620800,-4.729100,-8.140100,-0.602900,-4.767900,-7.436400,-0.618100,-4.703300,-7.840000,-0.650300,-4.799100,-8.154700,-0.829300,-4.685100,-7.354500,-0.689600,-4.670600,-7.172200,-0.673800,-4.659600,-7.043200,-0.669000,-4.640700,-6.846100,-0.667600,-4.641700,-6.796700,-0.676000,-4.649000,-6.750600,-0.693900,-4.631100,-6.908200,-0.693800,-4.540100,-6.933200,-0.847600,-4.480000,-7.096600,-1.052300,-4.319200,-6.892300,-1.043900,-4.660400,-6.905200,-0.641500,-4.768300,-6.901100,-0.496900,-4.807700,-6.942800,-0.232900,-4.711400,-6.779300,-0.055000,0.460300,0.760700,0.878600,0.103700,0.010500,-0.004300,-0.002300,-0.408800,0.001100,-0.004600,-0.361100,0.004700,-0.110100,0.002200,0.000200,0.000100,-0.409900,-0.000800,0.001000,-0.374600,-0.001700,0.001800,0.080800,0.003100,0.001500,0.183500,0.002100,0.001900,0.129600,0.000000,-0.000200,0.198000,-0.000600,-0.000300,0.050100,-0.000200,0.000100,0.050000,0.000300,0.029900,0.137000,0.000300,0.180400,0.000100,0.001500,0.268800,0.001800,0.000400,0.260200,0.002900,0.002400,-0.030100,0.137400,0.000700,-0.180500,-0.000200,-0.000400,-0.270200,0.001100,-0.000600,-0.260200,0.001000,-0.000600,0.064000,0.402400,-0.006500,0.913200,0.202000,0.033300,0.148100,-0.967500,0.235900,-0.094900,-0.024000,0.966800,-0.000800,0.044200,-0.160200,-0.986100,-0.090700,-0.039200,0.066500,0.992900,0.295000,0.027300,0.002600,0.955100,0.262800,0.055200,0.065100,-0.961100,-0.008100,0.016100,-0.010600,0.999800,-0.007900,0.016100,-0.017500,0.999700,-0.002100,0.075000,-0.023400,0.996900,-0.093400,-0.004600,-0.049000,0.994400,-0.108900,-0.005600,-0.050600,0.992700,-0.082900,-0.383600,-0.002300,0.919800,0.029700,0.005900,0.048200,-0.998400,-0.402000,0.190200,-0.201500,0.872700,-0.062600,-0.824100,0.004200,0.563000,0.114800,0.196100,0.074500,-0.971000,-0.027700,-0.059000,0.013100,0.997800,0.244200,-0.215900,-0.144000,-0.934300,0.005300,-0.438100,0.222400,-0.870900,0.063200,-0.073600,-0.190900,0.976800,0.064000,0.402400,-0.006500,0.913200,0.182300,-0.369700,0.062400,-0.908900,-0.023300,-0.252200,0.152100,-0.955400,0.057400,0.202600,0.001900,0.977600,0.007300,0.360100,0.088300,0.928700,0.279400,0.395300,-0.019300,0.874800,-0.011800,-0.354800,-0.013000,-0.934800,0.052400,0.417800,-0.011900,0.906900,0.038200,0.433300,-0.023600,0.900200,0.027800,0.500400,-0.040900,0.864400,-0.077800,0.498800,-0.036400,0.862500,-0.196700,0.490400,-0.025000,0.848700,-0.261900,0.127100,0.091200,0.952300,0.022300,-0.497000,0.067800,-0.864800,0.454400,-0.621000,0.037800,-0.637500,0.324300,0.171500,-0.394700,-0.842400,-0.321400,-0.401200,0.364400,0.776500,0.007900,0.449000,-0.017300,0.893300,0.142400,-0.615500,-0.223900,-0.742100,-0.363000,0.828400,-0.029200,0.425700,-0.487900,0.706700,-0.135400,0.494200
1.315277,8.577452,1.076083,13.662908,13.144151,0.296382,3.602052,1.966917,0.547432,0.967956,3.270250,1.994496,0.756824,0.274741,0.708965,0.046441,-4.682400,-7.428900,-0.717900,-4.617500,-7.418600,-0.794400,-4.623300,-7.797200,-0.637800,-4.729600,-8.146300,-0.605400,-4.754400,-7.430700,-0.635300,-4.695900,-7.835900,-0.656000,-4.798500,-8.151500,-0.824200,-4.673500,-7.348400,-0.707800,-4.659700,-7.165900,-0.690500,-4.651100,-7.036400,-0.684600,-4.635700,-6.839100,-0.680700,-4.637500,-6.789800,-0.688800,-4.645700,-6.744000,-0.706900,-4.624900,-6.901400,-0.708000,-4.526700,-6.922400,-0.858400,-4.447900,-7.062500,-1.073600,-4.321200,-6.835700,-1.058200,-4.654600,-6.897500,-0.655800,-4.768200,-6.896900,-0.515700,-4.833600,-6.956000,-0.260000,-4.748700,-6.798500,-0.071100,0.471600,0.766100,0.860100,0.100400,0.005300,-0.007400,-0.002900,-0.409700,0.000600,-0.007300,-0.366200,0.006600,-0.109400,0.003300,0.005400,-0.000400,-0.409900,-0.000500,0.000200,-0.372100,-0.001000,0.002100,0.081500,0.002100,0.001300,0.183900,0.001000,0.001200,0.129800,-0.001100,-0.000300,0.198000,-0.000500,-0.000100,0.050000,-0.000100,0.000200,0.050000,0.000000,0.030200,0.136200,-0.000300,0.180900,0.000200,0.001400,0.268500,0.002100,0.000700,0.260200,0.003500,0.003500,-0.029900,0.138700,0.000700,-0.180500,0.000000,-0.000900,-0.270400,0.001100,-0.000800,-0.260200,0.000500,-0.001300,0.072000,0.390100,-0.009000,0.917900,0.203900,0.045300,0.152900,-0.965900,0.207400,-0.081000,-0.019000,0.974700,0.003000,0.035900,-0.135300,-0.990100,-0.102700,-0.022300,0.051200,0.993100,0.297600,0.040900,0.006200,0.953800,0.257800,0.066600,0.053700,-0.962400,-0.012400,0.017000,-0.008700,0.999700,-0.012100,0.016900,-0.014300,0.999700,-0.005600,0.078900,-0.019800,0.996700,-0.095900,-0.004800,-0.050100,0.994100,-0.111900,-0.005800,-0.051800,0.992400,-0.084900,-0.372700,-0.003500,0.924100,0.030300,0.019000,0.045600,-0.998300,-0.441300,0.180200,-0.156300,0.865100,-0.099800,-0.822300,-0.011500,0.560100,-0.111500,-0.188100,-0.018200,0.975600,-0.027800,-0.069100,0.013900,0.997100,0.260200,-0.174900,-0.163200,-0.935500,-0.014600,-0.468800,0.209100,-0.858100,0.047000,-0.081800,-0.171900,0.980600,0.072000,0.390100,-0.009000,0.917900,0.177700,-0.348000,0.072700,-0.917600,-0.004600,-0.246500,0.146100,-0.958100,0.029700,0.209500,-0.014400,0.977200,-0.003000,0.364200,0.076600,0.928200,0.272500,0.408100,-0.029700,0.870800,-0.013800,-0.357100,-0.011700,-0.933900,0.057300,0.406300,-0.010900,0.911900,0.040700,0.422500,-0.018000,0.905300,0.028600,0.493400,-0.030300,0.868800,-0.079800,0.490700,-0.026400,0.867300,-0.201700,0.480700,-0.015700,0.853200,-0.266400,0.126800,0.098500,0.950400,0.020900,-0.478300,0.055500,-0.876200,0.469500,-0.592900,-0.022300,-0.653900,0.316700,0.213300,-0.450200,-0.807200,0.310400,0.415900,-0.460400,-0.720200,0.009200,0.432500,-0.006400,0.901600,0.154300,-0.562400,-0.255200,-0.771200,-0.358300,0.815600,-0.022800,0.453700,-0.472100,0.700000,-0.109400,0.524600
1.100048,3.815384,1.141874,17.154191,5.722245,2.395860,3.694267,1.459460,0.431427,3.191383,4.895077,2.773083,0.989939,0.400315,0.755494,0.000000,-4.676500,-7.422500,-0.725900,-4.613400,-7.414500,-0.800700,-4.628600,-7.795800,-0.650700,-4.729300,-8.148100,-0.608800,-4.748400,-7.424700,-0.643400,-4.694900,-7.830700,-0.661700,-4.799200,-8.148300,-0.822200,-4.667400,-7.341600,-0.715500,-4.654800,-7.158600,-0.697400,-4.647300,-7.028700,-0.691000,-4.634300,-6.831200,-0.686700,-4.636600,-6.781900,-0.695000,-4.645400,-6.736300,-0.713200,-4.621500,-6.893400,-0.713700,-4.518700,-6.912200,-0.861400,-4.428100,-7.038000,-1.080900,-4.325100,-6.799700,-1.060900,-4.653600,-6.889500,-0.662700,-4.771300,-6.890200,-0.525800,-4.846800,-6.959400,-0.275400,-4.770200,-6.808100,-0.078100,0.477500,0.772500,0.852100,0.097700,0.002200,-0.009800,-0.003000,-0.410100,0.000100,-0.009100,-0.368600,0.006000,-0.109100,0.004000,0.008100,-0.000400,-0.409900,0.000200,-0.000200,-0.370900,0.000600,0.002900,0.082000,0.002100,0.001700,0.184300,0.001000,0.001400,0.130200,-0.001000,-0.000200,0.198000,-0.000300,0.000100,0.050000,0.000000,0.000200,0.050000,0.000000,0.030500,0.136200,-0.000100,0.181000,0.000100,0.001700,0.268700,0.001900,0.000800,0.260300,0.003200,0.003500,-0.029800,0.139000,0.000600,-0.180500,0.000100,-0.000900,-0.270500,0.000900,-0.000800,-0.260100,0.000100,-0.001300,0.074700,0.378400,-0.005900,0.922600,0.196200,0.048200,0.154500,-0.967100,0.178300,-0.072000,-0.015600,0.981200,-0.001600,0.031100,-0.116600,-0.992700,-0.100300,-0.007600,0.041100,0.994100,0.291200,0.050100,0.006600,0.955300,0.247200,0.071300,0.047300,-0.965200,-0.014700,0.016000,-0.008300,0.999700,-0.014300,0.015900,-0.013700,0.999700,-0.007500,0.074400,-0.019200,0.997000,-0.098300,-0.004700,-0.047400,0.994000,-0.114600,-0.005700,-0.049000,0.992200,-0.086500,-0.353600,-0.002900,0.931400,0.034100,0.013000,0.042800,-0.998400,-0.454000,0.171700,-0.130200,0.864500,-0.130600,-0.822200,-0.017600,0.553800,-0.110200,-0.189700,0.023700,0.975400,-0.026500,-0.063800,0.013900,0.997500,0.257700,-0.162000,-0.176800,-0.936000,-0.014900,-0.473600,0.203700,-0.856700,0.042500,-0.082900,-0.170600,0.980900,0.074700,0.378400,-0.005900,0.922600,0.167500,-0.334200,0.077600,-0.924300,0.010400,-0.244900,0.138100,-0.959600,0.015500,0.214300,-0.025300,0.976300,-0.002800,0.366700,0.069400,0.927800,0.266400,0.417000,-0.034400,0.868300,-0.020400,-0.361700,-0.009800,-0.932000,0.058100,0.393800,-0.006800,0.917300,0.039600,0.409200,-0.012800,0.911500,0.025800,0.476600,-0.024300,0.878400,-0.083400,0.473200,-0.019100,0.876800,-0.206600,0.462700,-0.007200,0.862100,-0.270900,0.126200,0.103900,0.948600,0.024900,-0.466300,0.046000,-0.883100,0.475200,-0.572500,-0.052700,-0.666100,0.316900,0.245900,-0.482900,-0.778400,0.309100,0.433200,-0.522400,-0.666200,0.007500,0.419600,-0.001100,0.907700,0.152500,-0.538800,-0.268800,-0.783700,-0.356000,0.805700,-0.009600,0.473300,-0.467400,0.689900,-0.094900,0.544600
1.500790,1.268406,1.105270,13.527294,1.576515,3.285361,2.815180,1.158165,0.503664,5.618869,4.411877,3.040111,1.159254,0.417779,0.700649,0.000000,-4.670000,-7.414100,-0.731000,-4.608300,-7.407200,-0.804400,-4.631600,-7.792500,-0.664500,-4.726700,-8.147800,-0.614100,-4.745500,-7.416900,-0.650900,-4.695700,-7.823400,-0.669400,-4.800400,-8.144100,-0.821100,-4.661700,-7.332500,-0.720700,-4.651900,-7.148800,-0.703200,-4.645800,-7.018400,-0.696800,-4.635600,-6.820700,-0.693300,-4.638400,-6.771600,-0.701900,-4.647700,-6.726100,-0.720500,-4.619500,-6.882600,-0.718600,-4.511800,-6.899800,-0.863400,-4.407800,-7.009500,-1.085200,-4.332700,-6.761300,-1.061100,-4.655300,-6.879200,-0.669700,-4.777800,-6.881100,-0.537100,-4.860300,-6.959000,-0.291000,-4.791600,-6.815500,-0.085200,0.484000,0.780900,0.847000,0.095300,0.000200,-0.013400,-0.003200,-0.410500,-0.000400,-0.009400,-0.371200,0.004200,-0.109600,0.004000,0.008400,-0.000700,-0.410000,0.000600,-0.001000,-0.369900,0.002300,0.003500,0.082500,0.002700,0.002000,0.184700,0.001500,0.001500,0.130700,-0.000100,-0.000100,0.198000,-0.000300,0.000200,0.050000,0.000000,0.000200,0.050000,-0.000100,0.030800,0.136600,0.001500,0.181200,0.000700,0.003600,0.268400,0.002200,0.001100,0.260400,0.003900,0.004300,-0.029800,0.139000,0.000300,-0.180500,-0.000100,-0.001200,-0.271000,0.000500,-0.001100,-0.260100,-0.000400,-0.001800,0.068600,0.359600,0.001300,0.930600,0.178500,0.046500,0.151800,-0.971100,0.146000,-0.058200,-0.017700,0.987400,-0.003300,0.029400,-0.102400,-0.994300,0.087200,-0.018100,-0.033800,-0.995500,0.281700,0.057900,0.005700,0.957700,0.232200,0.077200,0.040400,-0.968800,-0.014400,0.016200,-0.008400,0.999700,-0.014000,0.016200,-0.013800,0.999700,-0.007200,0.075400,-0.019300,0.996900,-0.099100,-0.004400,-0.044200,0.994100,-0.115600,-0.005300,-0.045700,0.992200,-0.086900,-0.335300,-0.002100,0.938100,0.033900,0.003500,0.041700,-0.998500,-0.466400,0.151900,-0.104700,0.865100,-0.164900,-0.821300,-0.022200,0.545700,-0.104500,-0.194200,0.065900,0.973200,-0.024900,-0.061600,0.014300,0.997700,0.250800,-0.158300,-0.190400,-0.935800,-0.016200,-0.471800,0.198200,-0.859000,0.033500,-0.087200,-0.176500,0.979900,0.068600,0.359600,0.001300,0.930600,0.154000,-0.316100,0.079000,-0.932800,0.026100,-0.243600,0.131600,-0.960600,-0.001600,0.216100,-0.032600,0.975800,0.000700,-0.372400,-0.065400,-0.925800,-0.258500,-0.428700,0.037100,-0.864900,0.029400,0.367600,0.008700,0.929500,0.052200,0.375100,-0.000200,0.925500,0.034100,0.390700,-0.006900,0.919900,0.020300,0.459600,-0.019300,0.887700,-0.088200,0.455700,-0.012900,0.885600,-0.210800,0.444900,-0.000200,0.870400,-0.274300,0.125100,0.107400,0.947400,0.029100,-0.457300,0.040700,-0.887900,0.480900,-0.546500,-0.080600,-0.680900,0.320600,0.285000,-0.514000,-0.742900,0.308600,0.454200,-0.581600,-0.600200,0.003500,0.404000,0.003700,0.914700,0.149800,-0.521300,-0.279500,-0.792300,-0.351000,0.796400,0.003900,0.492400,-0.467700,0.675600,-0.079100,0.564400
2.579028,1.020549,0.807936,1.851331,2.096234,2.561088,0.955264,1.101168,0.790246,8.020412,1.553998,2.732524,1.235737,0.303705,0.537370,0.000000,-4.665500,-7.406100,-0.733500,-4.603200,-7.399700,-0.805800,-4.633000,-7.787600,-0.675100,-4.722300,-8.144600,-0.616700,-4.744400,-7.409400,-0.655700,-4.698600,-7.816300,-0.676200,-4.801400,-8.140000,-0.821700,-4.658400,-7.324000,-0.723500,-4.650900,-7.140000,-0.706800,-4.645800,-7.009200,-0.700800,-4.637900,-6.811400,-0.698300,-4.641000,-6.762300,-0.707200,-4.650400,-6.717000,-0.725900,-4.620800,-6.873100,-0.723300,-4.507800,-6.889800,-0.864100,-4.390400,-6.985300,-1.085700,-4.339700,-6.731000,-1.059000,-4.657800,-6.870100,-0.674800,-4.784300,-6.872600,-0.545900,-4.870800,-6.956200,-0.302900,-4.806900,-6.819600,-0.090900,0.488500,0.788900,0.844500,0.094500,-0.000400,-0.014800,-0.003000,-0.410400,-0.000800,-0.009300,-0.372500,0.002200,-0.110500,0.003600,0.007800,-0.001000,-0.410000,0.000900,-0.001700,-0.369400,0.003500,0.003400,0.082800,0.002400,0.001900,0.185000,0.001400,0.001500,0.131000,0.000400,0.000000,0.198000,-0.000300,0.000300,0.050000,0.000000,0.000200,0.050000,-0.000100,0.031100,0.136700,0.000800,0.181400,0.000700,0.002900,0.268300,0.002200,0.001200,0.260700,0.004000,0.004100,-0.029900,0.138900,0.000400,-0.180600,-0.000100,-0.001200,-0.271200,0.000300,-0.001100,-0.260100,-0.000600,-0.002100,0.064800,0.345600,0.004900,0.936100,0.164800,0.046600,0.148900,-0.973900,0.116200,-0.052900,-0.018800,0.991600,-0.012300,0.023200,-0.091500,-0.995500,0.076100,-0.036600,-0.030200,-0.996000,0.269900,0.062800,0.005600,0.960800,0.216300,0.080700,0.035700,-0.972300,-0.015000,0.016200,-0.008200,0.999700,-0.014600,0.016100,-0.013500,0.999700,-0.007700,0.075000,-0.019000,0.997000,-0.099000,-0.004200,-0.041800,0.994200,-0.115500,-0.005000,-0.043300,0.992400,-0.086700,-0.321000,-0.001700,0.943100,0.041500,0.006900,0.041200,-0.998300,-0.472700,0.139400,-0.077800,0.866600,-0.192000,-0.819700,-0.025700,0.539100,-0.094300,-0.199500,0.099100,0.970300,-0.024600,-0.060800,0.014600,0.997700,0.242600,-0.159100,-0.201100,-0.935600,-0.019600,-0.469000,0.193100,-0.861600,0.019700,-0.092600,-0.182300,0.978700,0.064800,0.345600,0.004900,0.936100,0.142300,-0.301800,0.080700,-0.939200,0.042000,-0.237600,0.125200,-0.962300,-0.011200,0.216600,-0.038500,0.975400,-0.003600,-0.376100,-0.061900,-0.924500,-0.251200,-0.436200,0.036600,-0.863300,0.039000,0.371300,0.007700,0.927600,0.047900,0.361100,0.003500,0.931300,0.029400,0.376600,-0.003100,0.925900,0.015300,0.445500,-0.015500,0.895000,-0.092200,0.441400,-0.008800,0.892500,-0.213600,0.430500,0.004000,0.876900,-0.276900,0.123800,0.108200,0.946700,0.040300,-0.439800,0.034000,-0.896500,0.488200,-0.519100,-0.103100,-0.693900,0.325300,0.321300,-0.537600,-0.708500,0.307000,0.471500,-0.626500,-0.539400,-0.001200,0.390200,0.007600,0.920700,0.147300,-0.510000,-0.286700,-0.797500,-0.344200,0.790600,0.014000,0.506200,-0.469700,0.664400,-0.062300,0.577900
2.051646,0.998332,0.483977,2.560419,1.319078,2.054826,2.904602,1.334787,0.697043,7.447184,1.890058,2.884091,1.262914,0.330891,0.507688,0.000000,-4.655400,-7.379800,-0.739600,-4.587300,-7.374600,-0.811000,-4.629900,-7.766300,-0.695600,-4.698800,-8.125000,-0.621800,-4.745100,-7.386000,-0.666400,-4.711700,-7.793700,-0.695100,-4.802500,-8.126000,-0.825700,-4.650900,-7.296800,-0.729000,-4.650700,-7.112000,-0.713300,-4.650300,-6.980500,-0.709100,-4.649000,-6.782500,-0.710200,-4.652900,-6.733600,-0.720100,-4.662400,-6.688600,-0.739600,-4.627600,-6.843900,-0.732400,-4.499400,-6.858000,-0.860500,-4.339400,-6.906900,-1.070600,-4.364800,-6.648400,-1.044600,-4.670100,-6.841400,-0.687300,-4.806900,-6.845300,-0.569500,-4.898200,-6.944900,-0.334000,-4.840900,-6.829000,-0.108200,0.498600,0.815200,0.838400,0.095700,-0.004200,-0.024600,-0.002100,-0.410600,-0.004200,-0.006900,-0.372500,-0.006000,-0.114900,0.003700,0.014800,-0.001500,-0.410000,0.001700,-0.004500,-0.368300,0.007700,0.004200,0.083600,0.002800,0.002200,0.185400,0.001500,0.001900,0.131600,0.000500,0.000300,0.198000,-0.000400,0.000600,0.050000,0.000000,0.000300,0.050000,0.000000,0.031600,0.136800,0.000200,0.181700,0.001000,0.003200,0.268600,0.000900,0.002100,0.261000,0.003400,0.002800,-0.030400,0.138900,0.000100,-0.180600,-0.000100,-0.001200,-0.271500,-0.000400,-0.001000,-0.260200,-0.001400,-0.002400,0.059300,0.274600,0.020600,0.959500,-0.148400,-0.000600,-0.152900,0.977000,0.052200,-0.069900,-0.010300,0.996100,-0.038000,0.005600,-0.064800,-0.997200,0.042400,-0.097700,-0.014300,-0.994200,0.230700,0.072600,0.001600,0.970300,0.156500,0.071800,0.016800,-0.984900,-0.018800,0.019500,-0.008600,0.999600,-0.018300,0.019400,-0.014100,0.999500,-0.009600,0.090700,-0.020600,0.995600,-0.097600,-0.003400,-0.035100,0.994600,-0.113800,-0.004200,-0.036300,0.992800,-0.085100,-0.274400,-0.001300,0.957800,0.061700,0.005100,0.039200,-0.997300,-0.488900,0.078700,-0.008600,0.868700,-0.249900,-0.812400,-0.001500,0.526800,-0.076600,-0.211800,0.188900,0.955800,-0.022400,-0.050000,0.013000,0.998400,0.214100,-0.171500,-0.234900,-0.932500,-0.030800,-0.462500,0.177500,-0.868100,0.026500,0.105600,0.198500,-0.974000,0.059300,0.274600,0.020600,0.959500,-0.126400,0.273800,-0.085900,0.949600,-0.085100,0.200600,-0.100800,0.970800,0.035500,-0.196200,0.044700,-0.978900,-0.020200,-0.365000,-0.051700,-0.929400,-0.230800,-0.433500,0.031100,-0.870500,0.081600,0.373200,0.006100,0.924100,0.038500,0.293400,0.018700,0.955000,0.016500,0.312000,0.011300,0.949900,-0.000200,0.397000,-0.003800,0.917800,-0.103700,0.392000,0.002700,0.914100,-0.221300,0.381300,0.014500,0.897400,-0.284900,0.117500,0.105900,0.945400,0.072400,-0.391400,0.015300,-0.917200,0.513500,-0.419100,-0.164500,-0.730500,0.320100,0.414600,-0.607500,-0.597200,0.301300,0.508900,-0.729500,-0.343700,-0.015700,0.350600,0.017000,0.936200,0.135700,-0.487600,-0.308100,-0.805600,-0.322100,0.781200,0.046700,0.532700,0.477900,-0.639500,0.005500,-0.602200
1.485192,1.098884,0.233459,2.188713,2.135306,1.377757,3.968928,1.550843,0.616139,7.094988,2.171207,3.022245,1.298552,0.356091,0.471829,0.000000,-4.651200,-7.364600,-0.740800,-4.578400,-7.358800,-0.807600,-4.619700,-7.752300,-0.698200,-4.682300,-8.112300,-0.629900,-4.746300,-7.372600,-0.670400,-4.718400,-7.780400,-0.702500,-4.801500,-8.116600,-0.826600,-4.648400,-7.281400,-0.729500,-4.651800,-7.096500,-0.714000,-4.653900,-6.964700,-0.711000,-4.656000,-6.766700,-0.714700,-4.660300,-6.718000,-0.725100,-4.669800,-6.673100,-0.744900,-4.630700,-6.827500,-0.733500,-4.496900,-6.840500,-0.855900,-4.314700,-6.860500,-1.053100,-4.381100,-6.608600,-1.033900,-4.677600,-6.825900,-0.692200,-4.820100,-6.830500,-0.581400,-4.910400,-6.937500,-0.348700,-4.853900,-6.831500,-0.117900,0.502800,0.830400,0.837200,0.095700,-0.005000,-0.025100,-0.003400,-0.410500,-0.003700,-0.004400,-0.371600,-0.008300,-0.117100,0.004100,0.018000,-0.001900,-0.410000,0.002000,-0.006400,-0.367700,0.009300,0.004400,0.083900,0.002600,0.002600,0.185600,0.001500,0.002300,0.131800,0.000200,0.000400,0.198000,-0.000400,0.000800,0.050000,-0.000100,0.000300,0.050000,0.000100,0.031900,0.137300,0.002000,0.181600,0.000800,0.005000,0.269300,-0.000700,0.002600,0.261200,0.002000,0.001100,-0.030500,0.138700,0.000100,-0.180700,-0.000100,-0.001000,-0.271500,-0.000500,-0.000800,-0.260200,-0.001400,-0.002200,0.060600,0.240300,0.029700,0.968300,-0.152100,-0.008800,-0.145300,0.977600,0.044900,-0.053100,-0.013100,0.997500,-0.030300,0.023100,-0.063600,-0.997200,-0.030500,0.110800,0.003300,0.993400,0.210500,0.077500,-0.003000,0.974500,-0.112100,-0.054300,0.000800,0.992200,-0.022600,0.020200,-0.009200,0.999500,-0.022000,0.020100,-0.015100,0.999400,-0.011800,0.093700,-0.022400,0.995300,-0.096300,-0.002900,-0.030500,0.994900,-0.112200,-0.003600,-0.031500,0.993200,-0.083700,-0.246100,-0.000700,0.965600,-0.063900,0.010600,-0.037800,0.997200,0.500000,-0.025300,-0.018900,-0.865400,-0.268500,-0.806500,0.037200,0.525500,-0.079000,-0.212200,0.235000,0.945300,-0.020300,-0.043500,0.012400,0.998800,0.194600,-0.187800,-0.253600,-0.928800,-0.029700,-0.458700,0.169500,-0.871800,0.039500,0.106200,0.204000,-0.972400,0.060600,0.240300,0.029700,0.968300,-0.122600,0.230700,-0.075700,0.962300,-0.086200,0.174000,-0.092000,0.976600,0.047400,-0.153700,0.032900,-0.986400,0.028200,0.344900,0.046800,0.937000,0.220100,0.418700,-0.027700,0.880600,0.118500,0.370600,0.008300,0.921200,0.035900,0.259700,0.027300,0.964600,0.010200,0.278800,0.019200,0.960100,-0.009200,0.367500,0.001900,0.930000,-0.109800,0.362400,0.009000,0.925500,-0.224300,0.352200,0.020800,0.908400,-0.287800,0.114600,0.104100,0.945100,-0.082500,0.375900,-0.009900,0.922900,0.525500,-0.355200,-0.194700,-0.748200,0.306800,0.449500,-0.649400,-0.531200,0.299800,0.516800,-0.768200,-0.229900,-0.023400,0.326600,0.021400,0.944600,0.126800,-0.482500,-0.318500,-0.806000,-0.314500,0.778300,0.068600,0.539100,0.478600,-0.632700,-0.020800,-0.608400
0.939403,1.400946,0.067919,1.074355,4.042938,1.068793,4.237649,1.682341,0.533253,6.969720,2.468347,3.197582,1.358499,0.390074,0.427698,0.000000,-4.647700,-7.348500,-0.739500,-4.569200,-7.341000,-0.799600,-4.602800,-7.736600,-0.696000,-4.662400,-8.097800,-0.640800,-4.747000,-7.358600,-0.673300,-4.724300,-7.766600,-0.707600,-4.799900,-8.107700,-0.823600,-4.646700,-7.265000,-0.727700,-4.653400,-7.080000,-0.712800,-4.657900,-6.948000,-0.711400,-4.663400,-6.750300,-0.717900,-4.668100,-6.701700,-0.728800,-4.677700,-6.657000,-0.749000,-4.636500,-6.810200,-0.735500,-4.492800,-6.818500,-0.846300,-4.294700,-6.811500,-1.028800,-4.399400,-6.572800,-1.023100,-4.685400,-6.809900,-0.696100,-4.833700,-6.816200,-0.593400,-4.920800,-6.930200,-0.362700,-4.864500,-6.832200,-0.128300,0.506300,0.846500,0.838500,0.096400,-0.004600,-0.022700,-0.004000,-0.410300,-0.002200,-0.003100,-0.370100,-0.008900,-0.118100,0.003700,0.019800,-0.001900,-0.410100,0.002400,-0.008800,-0.367900,0.011400,0.004500,0.084100,0.002200,0.002900,0.185700,0.001200,0.002500,0.132000,-0.000300,0.000500,0.198000,-0.000600,0.000900,0.050000,-0.000100,0.000400,0.050000,0.000100,0.032200,0.137800,0.000700,0.181500,0.003900,0.006800,0.269300,-0.002400,0.006700,0.260700,0.002200,0.000900,-0.030500,0.138300,-0.000300,-0.180600,-0.000300,-0.001100,-0.271600,-0.001000,-0.000900,-0.260200,-0.001700,-0.002300,0.062200,0.209700,0.037400,0.975100,0.159300,0.035400,0.128500,-0.978200,0.052200,-0.034500,-0.022800,0.997800,-0.027600,0.029100,-0.057800,-0.997500,-0.022000,0.118500,-0.008200,0.992700,0.190600,0.085400,-0.005800,0.977900,-0.058300,-0.036400,0.022600,0.997400,-0.026600,0.020600,-0.009400,0.999400,-0.025900,0.020500,-0.015300,0.999300,-0.014400,0.095700,-0.023200,0.995000,-0.094700,-0.002500,-0.026200,0.995200,-0.110500,-0.003000,-0.027100,0.993500,-0.082200,-0.219300,-0.000300,0.972200,-0.081300,0.002300,-0.038600,0.995900,-0.493900,0.001000,0.053800,0.867800,-0.288700,-0.803000,0.074700,0.515900,-0.079600,-0.213300,0.271800,0.935000,-0.016800,-0.041700,0.012600,0.998900,0.174800,-0.210700,-0.270800,-0.922900,-0.026000,-0.454700,0.164600,-0.874900,0.042100,0.103400,0.208800,-0.971600,0.062200,0.209700,0.037400,0.975100,0.120100,-0.172600,0.057600,-0.975900,0.074800,-0.132800,0.084500,-0.984700,-0.042200,0.105800,-0.028900,0.993100,0.034200,0.323400,0.041100,0.944700,0.208100,0.405000,-0.024000,0.890000,0.164000,0.368200,0.012200,0.915100,0.033600,0.229300,0.035000,0.972100,0.004100,0.248700,0.026800,0.968200,-0.018200,0.339800,0.008200,0.940300,-0.116100,0.334600,0.015700,0.935100,-0.227700,0.324700,0.027500,0.917600,-0.290900,0.112100,0.103200,0.944600,-0.107800,0.339200,-0.000600,0.934500,-0.536900,0.301400,0.217200,0.757400,-0.298700,-0.475400,0.686800,0.461600,-0.298800,-0.516400,0.793500,0.119800,-0.029400,0.300300,0.026500,0.953000,0.118000,-0.481300,-0.328800,-0.804000,-0.311000,0.775800,0.089200,0.541800,0.477700,-0.629000,-0.038300,-0.612100
0.927359,2.729487,0.155075,1.373198,3.830718,5.900302,3.767420,1.103930,0.327805,7.311260,3.381060,3.860304,1.594911,0.529623,0.349262,0.000000,-4.643200,-7.332000,-0.736100,-4.556600,-7.323400,-0.789400,-4.585900,-7.720000,-0.688900,-4.642300,-8.083100,-0.653900,-4.746400,-7.344100,-0.674300,-4.729100,-7.752300,-0.710600,-4.797300,-8.098100,-0.815400,-4.644000,-7.248300,-0.724800,-4.654100,-7.063100,-0.710900,-4.661400,-6.931000,-0.711100,-4.671300,-6.733500,-0.719200,-4.676700,-6.685000,-0.730500,-4.686500,-6.640500,-0.751000,-4.642500,-6.792100,-0.735300,-4.490200,-6.799900,-0.835400,-4.281300,-6.764200,-0.998900,-4.415200,-6.540600,-1.009400,-4.693100,-6.793800,-0.698500,-4.847400,-6.802800,-0.605200,-4.929200,-6.923700,-0.376300,-4.871900,-6.832200,-0.139500,0.510800,0.863000,0.841900,0.100200,-0.004500,-0.019300,-0.002900,-0.410200,-0.002000,-0.001000,-0.369000,-0.008400,-0.118800,0.003100,0.021700,-0.002200,-0.410200,0.002900,-0.012600,-0.367200,0.013800,0.004500,0.084300,0.001300,0.003100,0.186000,0.000500,0.002600,0.132300,-0.001100,0.000400,0.197900,-0.000600,0.000900,0.050000,-0.000100,0.000400,0.050000,0.000100,0.032100,0.138500,0.000100,0.182300,0.003500,0.004700,0.267600,0.002100,0.003600,0.260700,0.004800,0.003200,-0.030500,0.138000,-0.000500,-0.180500,-0.000400,-0.001100,-0.271500,-0.001200,-0.000900,-0.260200,-0.001700,-0.002100,0.062900,0.179600,0.044100,0.980700,0.163600,0.036900,0.121700,-0.978300,0.073500,-0.056800,-0.025900,0.995300,-0.023700,0.024200,-0.055100,-0.997900,-0.013600,0.127000,-0.019500,0.991600,0.168700,0.098500,-0.006500,0.980700,-0.005900,0.025100,-0.047500,-0.998500,-0.029600,0.021100,-0.008400,0.999300,-0.029000,0.021000,-0.013600,0.999300,-0.017000,0.098000,-0.021600,0.994800,-0.093300,-0.002200,-0.023500,0.995400,-0.108800,-0.002700,-0.024300,0.993800,-0.080900,-0.192000,-0.000800,0.978000,0.091600,0.010900,0.045200,-0.994700,-0.512000,-0.045600,0.086300,0.853400,-0.272700,-0.791400,0.097300,0.538300,-0.081500,-0.226000,0.315800,0.917900,-0.012300,-0.044400,0.011400,0.998900,0.155300,-0.239900,-0.287600,-0.914100,-0.025000,-0.451500,0.162700,-0.877000,0.042100,0.099800,0.217000,-0.970200,0.062900,0.179600,0.044100,0.980700,0.119100,-0.139900,0.049200,-0.981700,0.052900,-0.076800,0.077900,-0.992600,-0.026900,0.053700,-0.023600,0.997900,0.039900,0.303300,0.035000,0.951400,0.194200,0.397300,-0.019100,0.896700,-0.217600,-0.364900,-0.016300,-0.905100,0.031400,0.199500,0.042500,0.978500,-0.000600,0.219100,0.035600,0.975100,-0.025400,0.312900,0.018000,0.949300,-0.121100,0.307000,0.024900,0.943600,-0.230500,0.297000,0.035500,0.926000,-0.293800,0.109600,0.102300,0.944100,0.126100,-0.298100,-0.004000,-0.946200,0.566100,-0.220100,-0.243400,-0.756200,0.296900,0.491300,-0.712700,-0.403200,0.299500,0.506300,-0.808600,-0.009800,-0.032600,0.270400,0.033800,0.961600,0.109500,-0.482000,-0.341600,-0.799400,-0.308700,0.774300,0.108000,0.541800,0.479500,-0.625600,-0.050700,-0.613300
0.911410,4.839359,0.440185,2.526469,3.361040,6.554857,2.708256,1.365759,0.328102,7.099133,2.612902,4.038807,1.378720,0.730645,0.341451,0.000000,-4.629600,-7.297200,-0.722700,-4.525100,-7.286800,-0.760900,-4.563100,-7.684700,-0.669500,-4.608300,-8.051400,-0.677200,-4.742200,-7.312000,-0.670300,-4.733100,-7.719500,-0.713500,-4.787500,-8.071200,-0.797900,-4.633700,-7.213100,-0.713800,-4.651500,-7.027800,-0.703700,-4.666600,-6.895700,-0.707000,-4.690400,-6.699600,-0.717600,-4.697800,-6.651500,-0.729300,-4.707800,-6.607100,-0.749900,-4.653700,-6.754600,-0.727100,-4.488600,-6.762400,-0.801700,-4.260900,-6.657700,-0.903500,-4.440400,-6.479800,-0.965800,-4.710300,-6.761500,-0.699800,-4.874500,-6.780700,-0.627700,-4.939400,-6.917700,-0.402800,-4.875700,-6.834300,-0.164700,0.524400,0.897800,0.855300,0.111000,-0.004700,-0.011700,-0.000300,-0.410100,-0.002100,0.003400,-0.369400,-0.007900,-0.122700,0.003000,0.023700,-0.002800,-0.409900,0.003300,-0.019400,-0.364900,0.014300,0.004400,0.084500,-0.001300,0.002800,0.186400,-0.001300,0.001700,0.132900,-0.002900,0.000200,0.197800,-0.000900,0.001000,0.050000,-0.000200,0.000700,0.050000,0.000300,0.032300,0.139400,0.002700,0.181400,0.001000,0.003300,0.270500,0.000300,0.002400,0.260300,0.000900,-0.001000,-0.030800,0.138000,-0.001000,-0.180400,-0.000600,-0.001100,-0.271200,-0.001200,-0.000600,-0.260200,-0.001400,-0.001600,0.059600,0.123500,0.055500,0.989000,-0.154400,-0.019400,-0.131000,0.979100,0.115500,-0.127500,-0.012600,0.985000,-0.036400,0.009600,-0.065100,-0.997200,-0.006600,-0.150200,0.036100,-0.988000,0.123300,0.128500,-0.005500,0.984000,-0.140600,0.021300,-0.087000,-0.986000,-0.033600,0.019800,-0.002800,0.999200,-0.033000,0.019800,-0.004200,0.999300,-0.022500,0.092400,-0.009900,0.995400,-0.087900,-0.001800,-0.020300,0.995900,-0.102500,-0.002200,-0.021000,0.994500,-0.076000,-0.121200,-0.004700,0.989700,0.079000,0.020600,0.071700,-0.994100,-0.557700,-0.173100,0.134700,0.800500,-0.254600,-0.769300,0.164900,0.562300,0.057900,0.220400,-0.353700,-0.907200,-0.006000,0.043900,-0.007300,-0.999000,0.114100,-0.310100,-0.316900,-0.889000,-0.028400,-0.451700,0.168800,-0.875600,0.047100,0.092600,0.242000,-0.964700,0.059600,0.123500,0.055500,0.989000,-0.109400,0.100900,-0.057200,0.987200,-0.002300,-0.034500,-0.066500,0.997200,-0.031200,0.046200,0.000200,-0.998400,-0.052700,-0.273100,-0.027300,-0.960200,-0.165100,-0.395700,0.005400,-0.903400,0.324200,0.355800,0.014100,0.876400,0.024900,0.141300,0.058000,0.987900,-0.009500,0.159000,0.059000,0.985500,-0.038600,0.247900,0.051600,0.966600,-0.128300,0.239800,0.053700,0.960800,-0.231000,0.228300,0.058100,0.944000,-0.294400,0.106000,0.098400,0.944700,0.131400,-0.219700,-0.002400,-0.966700,0.614300,-0.024900,-0.277400,-0.738300,0.315900,0.523300,-0.756600,-0.232200,-0.318400,-0.457900,0.807900,-0.190500,0.028700,-0.205800,-0.058800,-0.976400,-0.089900,0.488100,0.376300,0.782300,0.308900,-0.776300,-0.142900,-0.530600,-0.497700,0.618200,0.074600,0.603800
0.987565,7.764719,0.803746,4.178295,2.707948,5.148504,1.753704,1.928338,0.403215,7.219816,1.422752,3.954868,0.980688,0.925092,0.391535,0.000000,-4.624000,-7.284300,-0.716800,-4.515600,-7.273300,-0.749600,-4.555500,-7.671500,-0.660500,-4.597700,-8.040200,-0.682300,-4.740500,-7.300700,-0.668600,-4.732500,-7.708000,-0.714100,-4.781900,-8.061700,-0.793100,-4.628800,-7.200000,-0.708100,-4.649700,-7.014600,-0.698700,-4.668100,-6.882700,-0.703400,-4.698800,-6.687700,-0.716200,-4.707200,-6.639900,-0.728300,-4.717500,-6.595600,-0.748900,-4.659800,-6.741100,-0.724300,-4.488700,-6.747400,-0.784100,-4.262700,-6.620800,-0.861800,-4.448900,-6.458300,-0.943600,-4.717600,-6.750000,-0.699500,-4.884600,-6.775200,-0.635800,-4.940900,-6.918400,-0.412700,-4.874500,-6.836200,-0.175000,0.530000,0.910700,0.861200,0.113200,-0.005200,-0.010400,0.000200,-0.410100,-0.002100,0.002900,-0.371600,-0.007600,-0.124800,0.002900,0.024300,-0.003400,-0.409900,0.002800,-0.020700,-0.364900,0.013600,0.004800,0.084800,-0.001700,0.002900,0.186700,-0.001500,0.001700,0.133300,-0.003100,0.000400,0.197800,-0.000800,0.001200,0.050000,-0.000200,0.000800,0.049900,0.000300,0.032600,0.139600,0.001400,0.181400,0.001200,0.001700,0.270400,0.000800,0.002100,0.260300,0.000500,-0.000700,-0.030800,0.138200,-0.000900,-0.180500,-0.000400,-0.001100,-0.271100,-0.000900,-0.000700,-0.260100,-0.001200,-0.001400,0.061200,0.101600,0.060800,0.991100,-0.155700,-0.012600,-0.134000,0.978600,0.131500,-0.137900,-0.009500,0.981600,0.042100,-0.001700,0.067600,0.996800,-0.009400,-0.162000,0.042100,-0.985800,0.109800,0.135200,-0.005900,0.984700,0.188000,-0.018400,0.096400,0.977300,-0.037100,0.018100,0.000100,0.999100,0.036400,-0.018100,-0.000700,-0.999200,-0.026200,0.084500,-0.003600,0.996100,-0.084500,-0.001600,-0.018600,0.996200,-0.098500,-0.001900,-0.019300,0.994900,0.072900,0.084200,0.006500,-0.993800,0.068100,0.032200,0.086900,-0.993400,-0.557100,-0.201500,0.161700,0.789200,-0.253300,-0.760000,0.188000,0.568300,0.055100,0.227600,-0.370600,-0.898800,-0.020600,0.035000,-0.007700,-0.999100,0.096800,-0.340300,-0.322400,-0.878000,-0.026400,-0.452800,0.174400,-0.874000,0.050300,0.087000,0.249800,-0.963100,0.061200,0.101600,0.060800,0.991100,-0.107300,0.085600,-0.058300,0.988800,0.015900,-0.060900,-0.063100,0.996000,0.053600,-0.066200,0.007000,0.996300,-0.055500,-0.263900,-0.027200,-0.962600,-0.155100,-0.393300,0.000300,-0.906200,-0.359800,-0.352700,-0.010300,-0.863700,0.023300,0.117200,0.065800,0.990700,0.014000,-0.132600,-0.071100,-0.988500,0.046300,-0.213600,-0.069500,-0.973300,0.132200,-0.204600,-0.069200,-0.967400,0.230700,-0.192300,-0.070600,-0.951200,-0.293900,0.104400,0.097400,0.945100,-0.128600,0.172100,0.000500,0.976700,-0.617700,-0.040500,0.280100,0.733700,-0.331600,-0.535500,0.756300,0.177200,0.334100,0.440400,-0.791300,0.261200,-0.022200,0.181200,0.074200,0.980400,0.081200,-0.492600,-0.391200,-0.773100,-0.313600,0.776800,0.157300,0.523000,0.508700,-0.616300,-0.087200,-0.594800
1.531112,12.443037,0.978325,5.805164,1.897732,5.719229,3.029045,1.533372,0.248675,10.587975,3.037078,3.983948,1.001606,0.908690,0.520887,0.000000,-4.616900,-7.267800,-0.708700,-4.505700,-7.256000,-0.734000,-4.544300,-7.654600,-0.646200,-4.582800,-8.022900,-0.685600,-4.737900,-7.286900,-0.667000,-4.728400,-7.694100,-0.714400,-4.772400,-8.050300,-0.789700,-4.622600,-7.183100,-0.698400,-4.648000,-6.997900,-0.689500,-4.670900,-6.866200,-0.696500,-4.710500,-6.673400,-0.715300,-4.720400,-6.626100,-0.728200,-4.731100,-6.581900,-0.748900,-4.666700,-6.723400,-0.715600,-4.490700,-6.728900,-0.758000,-4.272900,-6.575100,-0.805600,-4.459400,-6.427600,-0.911000,-4.727700,-6.736400,-0.699900,-4.896500,-6.771200,-0.646600,-4.941200,-6.921800,-0.426000,-4.872100,-6.839400,-0.189100,0.537100,0.927200,0.869300,0.114100,-0.006300,-0.009500,0.000600,-0.410000,-0.002200,0.002000,-0.372300,-0.006500,-0.127000,0.002600,0.025000,-0.003800,-0.410000,0.003100,-0.020800,-0.365900,0.011900,0.005400,0.085200,-0.001300,0.002800,0.187100,-0.001100,0.001500,0.133800,-0.003100,0.000500,0.197700,-0.001000,0.001300,0.050000,-0.000300,0.000900,0.049900,0.000500,0.033300,0.140200,0.004900,0.181000,0.001500,0.005200,0.270800,0.002100,0.000900,0.260100,0.002000,-0.000200,-0.030800,0.138400,-0.001300,-0.180300,-0.000500,-0.001100,-0.270800,-0.000800,-0.000600,-0.260100,-0.001000,-0.001200,0.067200,0.071100,0.069300,0.992800,-0.164600,-0.003400,-0.135000,0.977100,0.154500,-0.136000,-0.010700,0.978500,0.057900,0.002700,0.081400,0.995000,-0.007500,-0.172200,0.050600,-0.983700,0.097100,0.145600,-0.008800,0.984500,0.239700,-0.010300,0.106900,0.964900,0.044800,-0.015500,-0.003600,-0.998900,0.044000,-0.015700,-0.006500,-0.998900,0.032800,-0.073200,-0.003800,-0.996800,-0.078000,-0.001200,-0.015400,0.996800,-0.091000,-0.001400,-0.015900,0.995700,0.067100,0.033800,0.008000,-0.997100,0.051800,0.019500,0.109700,-0.992400,-0.547300,-0.257800,0.186500,0.774100,0.250100,0.742500,-0.212400,-0.584000,0.049200,0.244600,-0.394900,-0.884200,-0.046200,0.017800,-0.013200,-0.998700,0.073500,-0.377300,-0.323300,-0.864700,-0.021200,-0.454500,0.183300,-0.871400,0.048700,0.079300,0.255300,-0.962400,0.067200,0.071100,0.069300,0.992800,-0.107200,0.063800,-0.054800,0.990700,0.040000,-0.082000,-0.059500,0.994100,0.090900,-0.085600,0.026500,0.991800,-0.058000,-0.244900,-0.029000,-0.967400,-0.144700,-0.385300,-0.004600,-0.911400,-0.399300,-0.348100,-0.008000,-0.848100,-0.021800,-0.083100,-0.077000,-0.993300,-0.022600,0.095100,0.087400,0.991400,0.061100,-0.164500,-0.092400,-0.980100,0.139700,-0.154700,-0.089900,-0.973900,0.230100,-0.142200,-0.088300,-0.958700,-0.291900,0.101700,0.097700,0.946000,-0.127600,0.132700,-0.006100,0.982900,-0.613500,-0.123500,0.284100,0.726400,0.355300,0.552100,-0.744900,-0.118700,-0.355800,-0.413600,0.765300,-0.341600,-0.011900,0.152000,0.098700,0.983400,0.070600,-0.499100,-0.410000,-0.760200,-0.323300,0.776100,0.175200,0.512300,0.520300,-0.615200,-0.101300,-0.583500
1.286643,9.317421,0.796235,6.254787,3.336847,4.831253,3.087486,1.116939,0.213595,12.078476,3.535962,3.877706,0.972709,0.933646,0.536279,0.000000,-4.605600,-7.241700,-0.695600,-4.493300,-7.228200,-0.706000,-4.525800,-7.627700,-0.618600,-4.555600,-7.990800,-0.690000,-4.729700,-7.266000,-0.669700,-4.715000,-7.673600,-0.714400,-4.750800,-8.032200,-0.790300,-4.615100,-7.156700,-0.683700,-4.648900,-6.971900,-0.675400,-4.678500,-6.840600,-0.685700,-4.726600,-6.650600,-0.712000,-4.737800,-6.603800,-0.725800,-4.749600,-6.559800,-0.746300,-4.680300,-6.695800,-0.708300,-4.499800,-6.707400,-0.708200,-4.312600,-6.510800,-0.700500,-4.476800,-6.364300,-0.839100,-4.742300,-6.714900,-0.700200,-4.909900,-6.772600,-0.667200,-4.938000,-6.932600,-0.451000,-4.866500,-6.844800,-0.217000,0.548400,0.953300,0.882400,0.113100,-0.007800,-0.007100,0.000700,-0.410200,-0.002200,0.002000,-0.371300,-0.003600,-0.126900,0.001600,0.023400,-0.003300,-0.410200,0.002700,-0.017000,-0.367800,0.009000,0.005400,0.086100,-0.001500,0.001900,0.188100,-0.001100,-0.000400,0.135000,-0.003300,0.000200,0.197800,-0.001100,0.001400,0.050000,-0.000400,0.000800,0.049900,0.000500,0.034200,0.142500,0.000600,0.180800,0.003600,0.000200,0.271500,0.003600,-0.000500,0.260000,0.003700,-0.000300,-0.031100,0.138300,-0.001500,-0.180300,-0.000700,-0.001200,-0.270400,-0.000600,-0.000500,-0.260000,-0.000300,-0.000800,0.077000,0.016900,0.087500,0.993000,-0.181100,0.018400,-0.134500,0.974000,0.200600,-0.118300,-0.017400,0.972300,0.082600,0.012700,0.123500,0.988800,0.004100,-0.188800,0.068600,-0.979600,0.090700,0.150500,-0.012200,0.984400,0.304300,0.008700,0.127400,0.944000,0.053100,-0.009300,-0.006500,-0.998500,0.052100,-0.009600,-0.011200,-0.998500,0.038900,-0.044600,-0.011300,-0.998200,-0.070100,-0.000200,-0.003400,0.997500,-0.081700,-0.000300,-0.003600,0.996600,-0.060100,0.068300,-0.006400,0.995800,0.048900,0.044500,0.166800,-0.983800,-0.492300,-0.332500,0.276100,0.755500,0.244800,0.686800,-0.232300,-0.643800,0.018100,0.293100,-0.431300,-0.853100,0.075200,0.019500,0.049700,0.995700,0.022200,-0.435700,-0.304100,-0.846900,-0.010500,-0.464500,0.197300,-0.863300,0.065300,0.058000,0.255000,-0.963000,0.077000,0.016900,0.087500,0.993000,-0.108800,0.029300,-0.043900,0.992700,0.087700,-0.099700,-0.052900,0.989700,0.156800,-0.101200,0.079200,0.979200,-0.053700,-0.209000,-0.032200,-0.975900,-0.134000,-0.356200,-0.008800,-0.924700,-0.453200,-0.329800,-0.018900,-0.827900,-0.023400,-0.021000,-0.095500,-0.994900,-0.029200,0.025300,0.107800,0.993400,0.072300,-0.065700,-0.118600,-0.988100,0.141500,-0.056700,-0.119500,-0.981100,0.221400,-0.046000,-0.120300,-0.966600,0.287100,-0.103200,-0.101200,-0.946900,-0.125100,0.002800,-0.041800,0.991300,-0.595600,-0.272300,0.285100,0.699800,0.422200,0.587400,-0.688600,-0.051500,-0.412600,-0.346500,0.722700,-0.432800,-0.003300,-0.097200,-0.160800,-0.982200,-0.059500,0.505700,0.438500,0.740600,0.347000,-0.773400,-0.199500,-0.491600,-0.551900,0.614800,0.137400,0.546500
0.950528,4.537592,0.620096,6.136679,4.616109,4.080830,2.528740,0.864923,0.272359,12.616948,3.241252,3.305583,0.899458,1.042950,0.476366,0.000000,-4.598300,-7.229700,-0.691100,-4.486600,-7.214600,-0.692700,-4.516100,-7.614300,-0.606100,-4.541700,-7.975500,-0.692600,-4.722100,-7.256200,-0.674300,-4.703900,-7.664100,-0.715600,-4.736000,-8.023000,-0.794600,-4.610300,-7.144900,-0.681400,-4.648900,-6.960900,-0.673500,-4.681900,-6.830700,-0.682700,-4.735200,-6.641400,-0.703700,-4.747500,-6.594700,-0.716500,-4.760200,-6.550800,-0.736900,-4.688300,-6.688100,-0.698000,-4.509300,-6.694200,-0.680400,-4.351700,-6.486200,-0.640800,-4.476800,-6.313000,-0.785500,-4.749000,-6.707200,-0.697100,-4.914100,-6.777000,-0.678200,-4.937000,-6.941200,-0.464900,-4.865300,-6.847600,-0.233100,0.555700,0.965300,0.886900,0.112400,-0.007800,-0.005000,0.000900,-0.410000,-0.002500,0.001400,-0.372200,-0.002800,-0.125800,0.001300,0.021900,-0.002800,-0.410300,0.002600,-0.014400,-0.368600,0.007600,0.005100,0.086000,-0.003600,0.001500,0.188100,-0.003000,-0.001000,0.134600,-0.004700,0.000100,0.197800,-0.001000,0.001400,0.050000,-0.000500,0.000800,0.049900,0.000100,0.032600,0.139800,0.000600,0.180000,0.001200,0.000300,0.264000,0.002800,0.001400,0.257900,0.001000,0.006200,-0.031000,0.137800,-0.002200,-0.180200,-0.001200,-0.001500,-0.270200,-0.000600,-0.000400,-0.260000,0.000000,-0.000400,-0.077200,0.012900,-0.098800,-0.992000,-0.183300,0.037200,-0.136800,0.972800,0.220600,-0.113900,-0.020400,0.968500,0.094000,0.022200,0.147700,0.984300,0.008200,-0.194500,0.078200,-0.977800,0.093500,0.150800,-0.013700,0.984000,0.326900,0.018400,0.137300,0.934800,0.046400,-0.006900,-0.008300,-0.998900,0.045500,-0.007200,-0.014000,-0.998800,0.034000,-0.033400,-0.016200,-0.998700,0.074000,-0.000100,-0.001000,-0.997300,0.086300,-0.000100,-0.001000,-0.996300,-0.063300,0.121300,-0.007100,0.990600,0.037500,0.053300,0.163200,-0.984400,-0.499300,-0.356800,0.286200,0.735800,-0.289700,-0.612200,0.203300,0.707100,-0.013100,0.359500,-0.420100,-0.833100,0.074000,0.028200,0.062600,0.994900,0.001800,-0.465700,-0.289300,-0.836300,-0.006600,-0.478200,0.200100,-0.855100,0.072000,0.046100,0.249700,-0.964500,-0.077200,0.012900,-0.098800,-0.992000,0.108700,-0.016800,0.039000,-0.993200,-0.109000,0.107700,0.049400,-0.987000,-0.185300,0.104900,-0.109700,-0.970900,0.049100,0.185600,0.034000,0.980800,0.132300,0.334400,0.010100,0.933000,0.474400,0.314900,0.030600,0.821500,0.030300,-0.011200,0.106900,0.993700,0.015900,0.009300,-0.120500,-0.992500,-0.053800,0.020000,0.135500,0.989100,0.126800,-0.010000,-0.137600,-0.982300,-0.211000,-0.001700,0.138900,0.967600,-0.287200,0.105400,0.105000,0.946300,0.086100,0.047000,0.024400,-0.994900,0.582300,0.352700,-0.274000,-0.679300,0.512400,0.626300,-0.586200,-0.040100,-0.478700,-0.313200,0.697600,-0.431300,0.017100,0.061100,0.193700,0.979000,0.060000,-0.501800,-0.453300,-0.734300,-0.363700,0.771100,0.208700,0.479100,0.568200,-0.615900,-0.154000,-0.523500
1.326998,4.529208,0.909873,5.768782,2.580971,5.583821,1.621143,1.141571,0.466191,12.612938,1.931484,1.484756,0.753930,1.357342,0.329289,0.000000,-4.588200,-7.219600,-0.689000,-4.478500,-7.202700,-0.681300,-4.506000,-7.603000,-0.596200,-4.527000,-7.961600,-0.695600,-4.711300,-7.248100,-0.681300,-4.689600,-7.656200,-0.718400,-4.719100,-8.014500,-0.802600,-4.601600,-7.135000,-0.682800,-4.645300,-6.952600,-0.674600,-4.682600,-6.824300,-0.680500,-4.747000,-6.637500,-0.692100,-4.761500,-6.591100,-0.703300,-4.775000,-6.547500,-0.723500,-4.698800,-6.683600,-0.688000,-4.522800,-6.679800,-0.653900,-4.391900,-6.462700,-0.582700,-4.466700,-6.252200,-0.709700,-4.756100,-6.705200,-0.690600,-4.919200,-6.781800,-0.689300,-4.939000,-6.949900,-0.478900,-4.868100,-6.849500,-0.249900,0.565800,0.975400,0.889000,0.111000,-0.007500,-0.003200,0.000800,-0.410100,-0.002300,0.000700,-0.372700,-0.001800,-0.124800,0.001400,0.021200,-0.002500,-0.410400,0.002400,-0.012100,-0.368900,0.006200,0.005600,0.085500,-0.006500,0.001900,0.187600,-0.005200,-0.000400,0.133700,-0.005700,-0.000100,0.197900,-0.000500,0.001200,0.049900,-0.000400,0.001000,0.050000,-0.000300,0.030500,0.138500,-0.000100,0.179300,0.000500,0.000000,0.263300,0.002200,0.002300,0.256900,0.000500,0.006500,-0.030700,0.136900,-0.002100,-0.180200,-0.001400,-0.001500,-0.270000,-0.000500,-0.000400,-0.259900,0.000200,-0.000100,-0.076500,0.045500,-0.110600,-0.989900,-0.182100,0.065300,-0.141400,0.970900,0.237000,-0.115300,-0.020300,0.964400,0.106300,0.025400,0.172900,0.978900,0.012500,-0.203200,0.087700,-0.975100,0.100900,0.150200,-0.014800,0.983400,0.338500,0.026800,0.144300,0.929400,0.034700,-0.007200,-0.012400,-0.999300,0.034100,-0.007500,-0.020800,-0.999200,0.026400,-0.034600,-0.025500,-0.998700,-0.081300,-0.000100,-0.001100,0.996700,-0.094800,-0.000100,-0.001200,0.995500,-0.069000,0.163100,-0.012200,0.984100,0.007900,0.081100,0.159400,-0.983800,-0.524000,-0.362800,0.295100,0.711800,-0.342400,-0.515000,0.174900,0.766100,-0.043800,0.410000,-0.401500,-0.817800,0.071900,0.014500,0.049800,0.996100,-0.000200,-0.500400,-0.282400,-0.818400,-0.009200,-0.497000,0.197400,-0.844900,0.079500,0.035200,0.244900,-0.965600,-0.076500,0.045500,-0.110600,-0.989900,0.106800,-0.011100,0.035900,-0.993600,-0.128000,0.114500,0.045100,-0.984100,-0.211300,0.114000,-0.141400,-0.960400,0.043800,0.162100,0.035900,0.985100,0.134600,0.311700,0.011000,0.940500,0.488200,0.299200,0.044100,0.818700,0.040800,-0.043100,0.121800,0.990800,-0.005200,0.040700,-0.141100,-0.989100,-0.026900,-0.010200,0.165200,0.985800,-0.106900,-0.023800,0.162700,0.980600,-0.199300,-0.039400,0.158600,0.966200,-0.288200,0.105500,0.109000,0.945500,0.019200,0.095600,-0.007500,-0.995200,0.560700,0.427400,-0.255900,-0.661400,0.599000,0.657600,-0.454200,-0.049900,-0.565500,-0.297900,0.665800,-0.385000,0.041200,0.017400,0.214000,0.975800,0.068200,-0.490900,-0.471300,-0.729500,-0.382100,0.768300,0.215800,0.466000,0.586500,-0.614800,-0.168800,-0.499500
1.372855,2.660832,0.655232,3.023857,2.929534,4.362835,1.287911,0.857927,0.249443,9.386882,1.471295,1.046055,1.081303,1.231505,0.050108,0.000000,-4.570200,-7.206200,-0.689300,-4.465200,-7.187000,-0.666700,-4.488600,-7.588900,-0.587800,-4.499200,-7.944100,-0.700500,-4.688800,-7.236500,-0.696100,-4.661200,-7.645000,-0.725400,-4.687700,-7.999800,-0.824200,-4.585700,-7.122400,-0.684000,-4.638200,-6.943500,-0.671500,-4.685000,-6.819100,-0.671200,-4.770200,-6.640300,-0.672200,-4.788700,-6.595000,-0.681500,-4.804100,-6.551700,-0.701200,-4.718700,-6.679700,-0.668500,-4.550600,-6.657300,-0.611700,-4.470100,-6.432700,-0.493000,-4.466100,-6.175600,-0.506600,-4.770700,-6.709200,-0.677200,-4.928400,-6.792300,-0.706900,-4.947200,-6.966400,-0.502100,-4.877200,-6.852400,-0.279300,0.583800,0.988800,0.888700,0.109000,-0.005900,0.000100,0.000400,-0.410200,-0.001800,-0.000600,-0.372800,0.000600,-0.121000,0.001300,0.019700,-0.001700,-0.410400,0.002000,-0.008700,-0.369200,0.004300,0.005600,0.084800,-0.009100,0.001500,0.186700,-0.006800,-0.000900,0.132700,-0.005600,-0.000500,0.198100,0.000100,0.000900,0.049800,-0.000200,0.001100,0.050000,-0.000600,0.029400,0.140400,0.000900,0.178800,0.003100,0.002000,0.266500,0.001100,0.001000,0.257500,0.000400,0.001700,-0.030800,0.136100,-0.002500,-0.180700,-0.001500,-0.001600,-0.269500,-0.000100,-0.000600,-0.259800,0.000700,0.000500,-0.089700,0.097900,-0.124800,-0.983300,-0.189600,0.104300,-0.142600,0.965800,0.250300,-0.112500,-0.016600,0.961500,0.127100,0.010200,0.214200,0.968400,-0.035700,0.222000,-0.099300,0.969300,0.124600,0.149900,-0.015200,0.980700,0.337700,0.029900,0.151100,0.928500,0.021800,-0.010300,-0.020800,-0.999500,0.021600,-0.010600,-0.034800,-0.999100,0.019600,-0.049400,-0.043600,-0.997600,-0.090900,-0.000800,-0.008800,0.995800,-0.106000,-0.001000,-0.009100,0.994300,-0.075100,0.213800,-0.022700,0.973700,0.032500,-0.118500,-0.152500,0.980600,-0.542500,-0.388200,0.300700,0.681500,-0.427700,-0.275100,0.113000,0.853600,-0.091400,0.463000,-0.364000,-0.803000,-0.065300,0.032500,-0.019300,-0.997100,0.017100,-0.545600,-0.291500,-0.785500,-0.039000,-0.541600,0.171500,-0.822000,0.088500,0.028900,0.248500,-0.964100,-0.089700,0.097900,-0.124800,-0.983300,0.098900,0.002900,0.028900,-0.994700,-0.150600,0.123600,0.032500,-0.980300,-0.244400,0.146100,-0.195700,-0.938400,-0.033800,-0.127800,-0.039800,-0.990400,-0.148700,-0.279300,-0.013100,-0.948500,-0.500200,-0.269700,-0.065700,-0.820200,0.064800,-0.092300,0.143900,0.983100,-0.038800,0.087200,-0.176700,-0.979600,0.007000,-0.043800,0.219100,0.974700,-0.081100,-0.064200,0.205700,0.973100,-0.183100,-0.087400,0.188900,0.960800,-0.288800,0.102100,0.116400,0.944800,0.071200,-0.150200,0.066800,0.983800,-0.504500,-0.541900,0.232200,0.630800,-0.697700,-0.678500,0.176500,0.147300,0.712000,0.343000,-0.580400,0.196400,-0.076900,0.061100,-0.239900,-0.965800,-0.104800,0.452400,0.511000,0.723400,0.412200,-0.765700,-0.221600,-0.441300,-0.620400,0.603400,0.183600,0.466200
1.261441,1.048802,0.338374,0.931489,3.640363,2.940947,1.348852,0.678900,0.021202,8.198786,1.488498,0.919103,1.250997,0.911837,0.000000,0.030562,-4.562100,-7.201200,-0.689600,-4.458500,-7.181400,-0.660500,-4.480800,-7.584400,-0.586800,-4.484300,-7.939100,-0.701900,-4.676700,-7.231000,-0.704800,-4.645000,-7.639400,-0.729400,-4.670000,-7.991500,-0.838100,-4.579200,-7.117800,-0.682500,-4.636600,-6.940600,-0.666600,-4.688900,-6.818000,-0.663800,-4.783900,-6.644100,-0.663800,-4.804400,-6.599700,-0.672900,-4.820800,-6.556700,-0.692400,-4.729900,-6.680800,-0.660600,-4.567600,-6.650300,-0.591300,-4.513800,-6.424300,-0.454700,-4.493300,-6.181000,-0.380000,-4.780600,-6.712300,-0.671900,-4.932800,-6.801000,-0.712600,-4.954500,-6.978400,-0.511500,-4.885200,-6.856000,-0.293000,0.591900,0.993800,0.888400,0.109200,-0.005300,-0.000400,0.000600,-0.410200,-0.002000,-0.000700,-0.373000,0.001600,-0.118000,0.001200,0.018500,-0.001400,-0.410400,0.001800,-0.006900,-0.369200,0.003700,0.004800,0.084800,-0.008600,0.000800,0.186900,-0.006000,-0.001700,0.133200,-0.004500,-0.000400,0.198100,0.000400,0.000900,0.049800,-0.000200,0.001100,0.049900,-0.000600,0.029700,0.140100,-0.000600,0.179000,0.002300,0.000700,0.269500,-0.000400,0.001700,0.255400,0.002400,0.000600,-0.030900,0.136700,-0.003700,-0.180800,-0.001100,-0.001800,-0.269100,0.000100,-0.000600,-0.259800,0.000900,0.000600,-0.101100,0.129000,-0.129100,-0.978000,-0.197000,0.123000,-0.140900,0.962400,0.249600,-0.111300,-0.013200,0.961800,0.128300,-0.000400,0.238600,0.962600,-0.053100,0.238700,-0.100800,0.964400,0.142000,0.149100,-0.015900,0.978400,0.331100,0.024400,0.155900,0.930300,0.018800,-0.012100,-0.025600,-0.999400,0.018700,-0.012400,-0.042800,-0.998800,0.019400,-0.057500,-0.053900,-0.996700,-0.092700,-0.001000,-0.011200,0.995600,-0.108100,-0.001300,-0.011600,0.994100,-0.075300,0.241600,-0.026800,0.967100,0.053600,-0.139600,-0.143400,0.978300,-0.555100,-0.386400,0.306000,0.670000,-0.344600,-0.124300,0.054200,0.928900,-0.025400,0.385400,-0.363900,-0.847600,-0.058200,0.039100,-0.014200,-0.997400,0.033100,-0.542900,-0.302700,-0.782700,-0.069800,-0.573300,0.143600,-0.803600,0.089100,0.031400,0.249300,-0.963800,-0.101100,0.129000,-0.129100,-0.978000,0.093000,0.015100,0.026600,-0.995200,-0.156200,0.133100,0.024600,-0.978400,-0.244100,0.169000,-0.226800,-0.927600,-0.027800,-0.112400,-0.043100,-0.992300,-0.159900,-0.264500,-0.014600,-0.950900,-0.504400,-0.249200,-0.078200,-0.823000,0.077800,-0.122100,0.152900,0.977600,-0.052300,0.116100,-0.193200,-0.972900,0.015900,-0.066300,0.245800,0.966900,-0.072800,-0.089600,0.227700,0.966900,-0.175500,-0.115800,0.205600,0.955800,-0.288300,0.098700,0.122100,0.944600,0.111200,-0.184400,0.103100,0.971100,-0.481200,-0.590100,0.220900,0.609500,-0.661500,-0.673900,0.094700,0.315000,0.761500,0.449400,-0.467000,0.010300,-0.080800,0.089900,-0.262200,-0.957400,-0.138100,0.416300,0.535800,0.721500,0.427600,-0.765800,-0.218800,-0.427700,-0.634200,0.598500,0.185800,0.452700
1.011111,1.012123,0.198150,1.523857,3.761827,2.634001,1.903607,1.031463,0.000000,13.034613,2.016225,0.661008,0.829014,0.438455,0.000000,0.000908,-4.557400,-7.199000,-0.687200,-4.454100,-7.178300,-0.652600,-4.475600,-7.582600,-0.587000,-4.472300,-7.937400,-0.701100,-4.667000,-7.227400,-0.711000,-4.631300,-7.635600,-0.731300,-4.653500,-7.984500,-0.850100,-4.576800,-7.116000,-0.679900,-4.638400,-6.939900,-0.662800,-4.695900,-6.818800,-0.657900,-4.798100,-6.649100,-0.657500,-4.820100,-6.605300,-0.666400,-4.837300,-6.562600,-0.685700,-4.744300,-6.683200,-0.652900,-4.588300,-6.650300,-0.572000,-4.548700,-6.429500,-0.421000,-4.519700,-6.215000,-0.274700,-4.791200,-6.716600,-0.668000,-4.937900,-6.810000,-0.717800,-4.965000,-6.991200,-0.521200,-4.898800,-6.860400,-0.306600,0.596600,0.996000,0.890800,0.110700,-0.004500,-0.000300,0.000600,-0.410200,-0.001200,-0.000300,-0.372700,0.002200,-0.114900,0.000900,0.013900,-0.000900,-0.410300,0.001400,-0.005000,-0.369200,0.003000,0.003200,0.085100,-0.007700,-0.000500,0.187400,-0.004700,-0.003100,0.134100,-0.002400,-0.000500,0.198100,0.000500,0.000800,0.049800,-0.000200,0.001100,0.049900,-0.000600,0.028500,0.141100,-0.000500,0.178700,0.001900,0.000100,0.270400,-0.005500,0.003500,0.261200,-0.002800,-0.001900,-0.030800,0.136600,-0.004100,-0.180900,-0.001000,-0.001900,-0.268700,0.000400,-0.000600,-0.259900,0.001100,0.001000,-0.101700,0.151100,-0.131400,-0.974500,-0.190000,0.124600,-0.138300,0.964000,0.239600,-0.109100,-0.012500,0.964600,0.125700,0.000900,0.254300,0.958900,-0.059500,0.247100,-0.098300,0.962200,0.158800,0.144600,-0.016800,0.976500,0.327300,0.017700,0.160700,0.931000,0.013300,-0.011200,-0.029100,-0.999400,0.013200,-0.011400,-0.048500,-0.998700,0.015700,-0.053100,-0.061800,-0.996600,-0.094000,-0.001000,-0.010300,0.995500,-0.109600,-0.001200,-0.010700,0.993900,-0.075800,0.270600,-0.028800,0.959300,0.065200,-0.151000,-0.143500,0.975900,-0.545000,-0.360100,0.322800,0.684900,0.198700,0.023100,0.012800,-0.979700,-0.106000,-0.241600,0.328000,0.907100,-0.049300,0.035000,-0.012800,-0.998100,0.050500,-0.534100,-0.314300,-0.783200,-0.094600,-0.603100,0.115500,-0.783500,0.086100,0.027400,0.235000,-0.967800,-0.101700,0.151100,-0.131400,-0.974500,0.082600,0.035200,0.024100,-0.995700,-0.156700,0.149400,0.018300,-0.976100,-0.235000,0.184500,-0.249600,-0.921100,-0.022300,-0.097600,-0.046900,-0.993900,-0.171100,-0.246800,-0.016800,-0.953700,-0.510800,-0.224700,-0.091200,-0.824800,0.082800,-0.144800,0.158800,0.973100,-0.061000,0.139600,-0.204900,-0.966900,0.026100,-0.094800,0.264900,0.959200,-0.062900,-0.119900,0.244900,0.960000,-0.166200,-0.147900,0.220100,0.949800,-0.286700,0.093700,0.127600,0.944900,0.141700,-0.216300,0.123100,0.958100,-0.450700,-0.606000,0.224700,0.615700,0.550900,0.658400,-0.102200,-0.502600,0.744200,0.548700,-0.320900,-0.204900,-0.081400,0.115500,-0.280500,-0.949400,-0.170300,0.376800,0.555700,0.721200,0.443900,-0.763200,-0.213700,-0.418100,-0.639100,0.604400,0.186500,0.437600
0.947231,0.915792,0.178214,1.811344,3.554175,3.834696,2.452801,1.103560,0.030905,17.993264,2.186836,0.736506,0.944748,0.449369,0.000000,0.000000,-4.557700,-7.201100,-0.684400,-4.453400,-7.178700,-0.646800,-4.471800,-7.584500,-0.590000,-4.463800,-7.939500,-0.700300,-4.661800,-7.227400,-0.715400,-4.621400,-7.635200,-0.730700,-4.639400,-7.980300,-0.860100,-4.579700,-7.118900,-0.678200,-4.644400,-6.943700,-0.661600,-4.705300,-6.824200,-0.654400,-4.809000,-6.655400,-0.651400,-4.831300,-6.611600,-0.659700,-4.849400,-6.569000,-0.678600,-4.757000,-6.689700,-0.644700,-4.608600,-6.653600,-0.553100,-4.579200,-6.448000,-0.380900,-4.539500,-6.254200,-0.210600,-4.800400,-6.722500,-0.664900,-4.943400,-6.818200,-0.721700,-4.978300,-7.004800,-0.531600,-4.917900,-6.866300,-0.320000,0.596300,0.993900,0.893600,0.112900,-0.004300,-0.003600,0.000800,-0.410100,-0.001300,-0.000300,-0.371900,0.002300,-0.111300,0.001400,0.010600,-0.000300,-0.410000,0.001100,-0.002900,-0.369000,0.002200,0.001100,0.085100,-0.006100,-0.001900,0.187400,-0.002900,-0.004800,0.134200,0.000200,0.000000,0.198100,0.000800,0.001000,0.049800,-0.000100,0.000700,0.049900,-0.000500,0.027400,0.141800,0.000500,0.178000,0.001700,0.002600,0.269600,-0.008400,0.004800,0.261000,-0.002800,-0.001500,-0.030200,0.136200,-0.003900,-0.181100,-0.001000,-0.001900,-0.268600,0.000800,-0.000900,-0.260000,0.001300,0.001200,-0.093600,0.176400,-0.133700,-0.970700,-0.173900,0.131100,-0.134500,0.966700,0.224700,-0.115300,-0.015900,0.967500,0.129200,0.012400,0.267300,0.954800,-0.057600,0.258200,-0.094000,0.959800,0.176500,0.135400,-0.017600,0.974800,0.328200,0.011000,0.165000,0.930000,0.003900,-0.008900,-0.028600,-0.999500,0.004000,-0.009000,-0.047700,-0.998800,0.008100,-0.042000,-0.061600,-0.997200,-0.095300,-0.000200,-0.002300,0.995400,-0.111100,-0.000300,-0.002400,0.993800,-0.077700,0.301500,-0.026400,0.949900,0.046400,-0.137700,-0.128500,0.981000,-0.467000,-0.333400,0.320700,0.753600,-0.089700,0.013900,-0.017300,0.995700,-0.194200,-0.019100,0.163600,0.967000,-0.044000,0.014300,-0.019200,-0.998700,0.068400,-0.522000,-0.320600,-0.787400,-0.100100,-0.632000,0.091400,-0.763000,0.078900,0.017900,0.210500,-0.974200,-0.093600,0.176400,-0.133700,-0.970700,0.072100,0.053900,0.019800,-0.995700,-0.152500,0.172500,0.014600,-0.973000,-0.225400,0.195400,-0.270300,-0.915400,-0.016000,-0.082400,-0.051000,-0.995200,-0.182900,-0.224300,-0.019800,-0.957000,-0.521000,-0.195500,-0.104800,-0.824300,0.083500,-0.170900,0.161600,0.968400,-0.069900,0.166600,-0.207700,-0.961400,0.042900,-0.131700,0.267900,0.953400,-0.047800,-0.156800,0.251800,0.953800,-0.153000,-0.184200,0.230600,0.943100,-0.283300,0.087400,0.133700,0.945600,0.140200,-0.242600,0.140400,0.949600,-0.368900,-0.610000,0.250400,0.655100,-0.419000,-0.627100,0.178200,0.632000,-0.627100,-0.584500,0.161900,0.488700,-0.086100,0.134200,-0.291000,-0.943300,-0.191600,0.339200,0.567400,0.725500,0.463100,-0.756600,-0.211500,-0.410200,-0.639100,0.615600,0.187700,0.421200
0.911034,1.142066,0.192774,1.868646,2.830923,4.815529,2.410073,0.899188,0.035764,24.284680,1.997553,0.858423,1.058845,0.782071,0.000000,0.000000,-4.564500,-7.210200,-0.683400,-4.459600,-7.184400,-0.639500,-4.461500,-7.592600,-0.603000,-4.446400,-7.947300,-0.705000,-4.660400,-7.234800,-0.721800,-4.614100,-7.641900,-0.724500,-4.619500,-7.977700,-0.875300,-4.589800,-7.128800,-0.684100,-4.658000,-6.955000,-0.669800,-4.721900,-6.837800,-0.657500,-4.825100,-6.669400,-0.640200,-4.847800,-6.625200,-0.645100,-4.867300,-6.582200,-0.661600,-4.779500,-6.702200,-0.630300,-4.638200,-6.660400,-0.531800,-4.586400,-6.506900,-0.316800,-4.536600,-6.339200,-0.125000,-4.815400,-6.734400,-0.661600,-4.954700,-6.833000,-0.722300,-5.004500,-7.034700,-0.551500,-4.953000,-6.884500,-0.345600,0.589500,0.984800,0.894600,0.116500,-0.002600,-0.002400,0.000900,-0.409900,-0.000800,0.000700,-0.369300,0.002200,-0.106200,0.001600,0.003900,0.000700,-0.409700,0.000600,0.000300,-0.368200,0.001300,-0.003200,0.084900,-0.007300,-0.004400,0.187200,-0.003200,-0.006900,0.133800,0.001400,0.000800,0.198200,0.000100,0.001400,0.049900,-0.000200,0.000300,0.050000,-0.000400,0.026500,0.147400,0.003300,0.177000,0.005300,0.007600,0.269000,-0.006100,0.008500,0.259600,-0.004300,-0.004300,-0.029600,0.136200,-0.002800,-0.181200,-0.000800,-0.001500,-0.268900,0.001500,-0.001200,-0.260100,0.001400,0.001200,-0.071700,0.195000,-0.137900,-0.968400,-0.129300,0.099400,-0.119600,0.979300,0.185100,-0.118700,-0.037300,0.974800,0.098300,0.032300,0.248800,0.963000,-0.052500,0.247500,-0.087300,0.963500,0.215600,0.111400,-0.014500,0.970000,0.334000,-0.003200,0.171200,0.926900,-0.019400,0.001900,-0.023700,-0.999500,-0.019100,0.002200,-0.039500,-0.999000,-0.014200,0.009900,-0.051000,-0.998500,0.097800,-0.001900,-0.020000,-0.995000,0.114000,-0.002400,-0.020700,-0.993300,-0.082700,0.363400,-0.017100,0.927800,0.012300,0.055000,0.101400,-0.993200,-0.161300,-0.255900,0.285500,0.909400,-0.149200,-0.005600,0.041700,0.987900,-0.086100,0.169700,-0.160500,0.968500,0.018900,0.067800,0.040700,0.996700,0.083700,-0.481600,-0.316200,-0.813000,0.069800,0.689700,-0.053500,0.718700,0.059500,0.015700,0.190200,-0.979800,-0.071700,0.195000,-0.137900,-0.968400,0.045400,0.103900,-0.001100,-0.993500,-0.143600,0.220700,0.011300,-0.964600,-0.178600,0.218200,-0.255500,-0.924800,-0.001100,-0.050900,-0.055800,-0.997100,-0.209100,-0.172500,-0.028800,-0.962100,-0.544800,-0.130700,-0.133200,-0.817600,0.086100,-0.195700,0.164400,0.962900,-0.097100,0.197800,-0.205800,-0.953500,0.102400,-0.209100,0.256000,0.938200,-0.005500,0.233300,-0.253200,-0.938800,-0.107000,-0.258500,0.244400,0.928500,-0.260400,0.075600,0.150500,0.950700,-0.125400,0.252000,-0.150900,-0.947600,0.072100,0.531800,-0.335100,-0.774400,0.207200,0.576600,-0.284400,-0.737400,0.219900,0.491100,-0.072200,-0.839800,0.094000,-0.144100,0.304200,0.936900,0.194100,-0.278900,-0.576800,-0.742800,0.500400,-0.742700,-0.221500,-0.385900,-0.651000,0.613400,0.195700,0.402100
0.873206,1.857169,0.230331,1.656885,1.423991,5.127228,1.497583,0.352353,0.000000,32.509075,1.360329,0.972155,1.047218,1.477444,0.000000,0.000000,-4.567600,-7.229100,-0.681300,-4.462400,-7.200600,-0.634000,-4.453700,-7.609700,-0.612400,-4.435200,-7.964900,-0.707200,-4.661500,-7.258400,-0.721200,-4.612500,-7.665900,-0.716100,-4.610300,-8.001100,-0.878500,-4.593100,-7.146900,-0.684700,-4.662100,-6.973000,-0.672000,-4.726500,-6.856300,-0.658100,-4.833300,-6.690500,-0.637300,-4.856700,-6.646500,-0.641000,-4.876000,-6.602400,-0.655100,-4.782200,-6.726400,-0.627400,-4.643700,-6.678600,-0.526300,-4.602500,-6.539600,-0.298500,-4.564900,-6.399800,-0.083500,-4.822700,-6.753900,-0.659500,-4.959500,-6.853800,-0.724200,-5.015300,-7.063900,-0.565500,-4.968800,-6.910700,-0.360500,0.586400,0.965900,0.896700,0.118700,-0.001300,-0.000900,0.001100,-0.409700,-0.000500,0.000700,-0.368100,0.003400,-0.106100,-0.002500,0.003600,0.000900,-0.410400,0.000900,-0.000700,-0.372400,0.004000,-0.003400,0.085700,-0.007900,-0.003700,0.187500,-0.003800,-0.005400,0.133900,0.001300,0.000000,0.198300,-0.000100,0.001000,0.050000,-0.000200,0.000600,0.050100,-0.000100,0.028200,0.141900,0.002800,0.177900,0.000900,0.007400,0.269900,-0.005800,0.008600,0.259200,-0.003200,-0.003000,-0.029900,0.137400,-0.002000,-0.181400,-0.000300,-0.001200,-0.269100,0.001800,-0.001200,-0.260100,0.001400,0.001100,-0.060600,0.200700,-0.140900,-0.967600,-0.100600,0.074400,-0.114300,0.985500,0.155700,-0.116400,-0.043700,0.979900,0.064600,0.042700,0.197900,0.977200,-0.050900,0.236500,-0.084600,0.966600,0.239500,0.096100,-0.012300,0.966100,0.335500,-0.010700,0.173600,0.925800,-0.028900,0.003300,-0.023300,-0.999300,-0.028400,0.003700,-0.038800,-0.998800,-0.021400,0.017200,-0.050000,-0.998400,0.096200,-0.001400,-0.014500,-0.995300,0.112100,-0.001700,-0.015000,-0.993600,-0.080500,0.364300,-0.020700,0.927600,0.068000,0.043200,0.076400,-0.993800,0.028000,0.267800,-0.261400,-0.926900,-0.204600,-0.015300,0.008000,0.978700,0.014000,-0.199200,0.291600,-0.935500,0.003300,0.071100,0.044900,0.996500,0.076000,-0.462300,-0.314900,-0.825400,0.052700,0.714200,-0.037300,0.696900,0.046400,0.016900,0.192000,-0.980200,-0.060600,0.200700,-0.140900,-0.967600,0.025200,0.133000,-0.012600,-0.990700,-0.136800,0.244800,0.007300,-0.959800,-0.147500,0.225800,-0.204500,-0.941000,0.007100,-0.032800,-0.058400,-0.997700,-0.226100,-0.141500,-0.035700,-0.963100,-0.557400,-0.093400,-0.150300,-0.811200,0.084300,-0.201100,0.168900,0.961200,-0.104300,0.202900,-0.211500,-0.950400,0.117900,-0.219600,0.261200,0.932600,-0.024100,0.244100,-0.252500,-0.936000,-0.085100,-0.269600,0.237600,0.929300,-0.234700,0.067600,0.148500,0.958300,-0.081900,0.267300,-0.168300,-0.945300,0.024700,-0.527100,0.373700,0.762900,-0.130500,-0.604100,0.263600,0.740600,0.008800,0.459400,0.003800,-0.888200,0.092100,-0.156900,0.311300,0.932700,0.188200,-0.249000,-0.581300,-0.751400,0.516000,-0.733800,-0.229600,-0.377500,-0.660300,0.603200,0.195300,0.402500
1.043689,2.015606,0.078958,1.622041,1.104207,2.907529,1.149261,0.408595,0.000000,25.980823,0.930503,1.028251,0.841987,1.289186,0.000000,0.000000,-4.573300,-7.248800,-0.677800,-4.466800,-7.217800,-0.628000,-4.448700,-7.626900,-0.621500,-4.423100,-7.983000,-0.708100,-4.666600,-7.281100,-0.716200,-4.614300,-7.688400,-0.703700,-4.605500,-8.020300,-0.875200,-4.599200,-7.166600,-0.681700,-4.667700,-6.992400,-0.670100,-4.730900,-6.875100,-0.655700,-4.837500,-6.709200,-0.635100,-4.860700,-6.665000,-0.638300,-4.879400,-6.620300,-0.650900,-4.781600,-6.746500,-0.627200,-4.641100,-6.696700,-0.527100,-4.613500,-6.584000,-0.282200,-4.592200,-6.488300,-0.042600,-4.827700,-6.772600,-0.656400,-4.961800,-6.871700,-0.727800,-5.021200,-7.089700,-0.581100,-4.985000,-6.937100,-0.373700,0.580700,0.946200,0.900200,0.121600,0.000500,0.000500,0.001400,-0.409500,-0.000100,0.000800,-0.367400,0.003300,-0.105700,-0.005100,0.005100,0.000900,-0.410900,0.002000,-0.003900,-0.373500,0.007800,-0.003700,0.085900,-0.007200,-0.003100,0.187500,-0.003400,-0.004100,0.133900,0.001700,-0.000400,0.198300,0.000000,0.000500,0.050000,-0.000200,0.000500,0.050100,0.000100,0.030100,0.137900,0.000600,0.179500,-0.003000,0.005000,0.270800,-0.006200,0.003800,0.258800,-0.003300,-0.002100,-0.030200,0.137700,-0.001700,-0.181400,0.000000,-0.001200,-0.269300,0.001900,-0.001200,-0.260100,0.001300,0.000600,-0.054300,0.201500,-0.141200,-0.967700,-0.075600,0.048600,-0.109300,0.989900,0.125700,-0.113400,-0.039500,0.984800,0.015700,0.037200,0.139600,0.989400,-0.052800,0.222200,-0.078600,0.970400,0.262900,0.081700,-0.010900,0.961300,0.335400,-0.016400,0.177100,0.925100,-0.030700,0.001500,-0.022700,-0.999300,-0.030100,0.002000,-0.037900,-0.998800,-0.021800,0.009000,-0.049200,-0.998500,0.092500,-0.000400,-0.004400,-0.995700,0.107800,-0.000500,-0.004600,-0.994200,-0.075900,0.339500,-0.024200,0.937200,0.075300,0.054500,0.063000,-0.993700,0.014900,0.331800,-0.213400,-0.918800,0.232400,0.025000,0.026200,-0.971900,-0.018000,-0.241400,0.363600,-0.899500,-0.001200,-0.038800,-0.051400,-0.997900,0.063500,-0.452600,-0.317100,-0.831000,0.039400,0.728200,-0.041400,0.683000,0.036700,0.016500,0.188500,-0.981200,-0.054300,0.201500,-0.141200,-0.967700,0.004300,0.157200,-0.021400,-0.987300,-0.128500,0.264300,-0.002400,-0.955900,-0.105100,0.243800,-0.144700,-0.953200,0.013900,-0.016300,-0.062300,-0.997800,-0.243700,-0.113400,-0.043600,-0.962200,-0.568900,-0.060700,-0.168700,-0.802600,0.079600,-0.199800,0.169200,0.961800,-0.101300,0.199400,-0.211300,-0.951500,0.113900,-0.208100,0.261200,0.935700,-0.025900,0.231400,-0.245000,-0.941100,-0.076900,-0.256200,0.223000,0.937400,-0.212800,0.059400,0.140700,0.965100,-0.070100,0.270200,-0.178700,-0.943500,0.052100,-0.579000,0.338300,0.740100,0.097800,0.658400,-0.173500,-0.725800,0.122700,-0.449500,-0.119500,0.876700,-0.094000,0.176900,-0.313400,-0.928300,-0.178800,0.223400,0.586100,0.758100,-0.528200,0.720300,0.230000,0.386400,0.664500,-0.592400,-0.188000,-0.415000
1.107984,1.671752,0.000000,1.278567,1.293103,1.571031,1.451175,0.422027,0.056172,21.001475,0.984099,1.853408,0.877471,1.120173,0.000000,0.038184,-4.585200,-7.271700,-0.674800,-4.478600,-7.238800,-0.622100,-4.447500,-7.646900,-0.623800,-4.410000,-8.003500,-0.700300,-4.682100,-7.301300,-0.711600,-4.624300,-7.706700,-0.681000,-4.604000,-8.026100,-0.867700,-4.609500,-7.190500,-0.678400,-4.675000,-7.016500,-0.663800,-4.735100,-6.899300,-0.647800,-4.841200,-6.733900,-0.621600,-4.864200,-6.689500,-0.623100,-4.882100,-6.644000,-0.633900,-4.784000,-6.768300,-0.615300,-4.636100,-6.720100,-0.523100,-4.631000,-6.680500,-0.254300,-4.640700,-6.660700,0.004100,-4.830700,-6.797400,-0.646000,-4.966400,-6.888600,-0.724600,-5.038000,-7.120400,-0.605200,-5.026300,-6.972900,-0.391300,0.568800,0.923300,0.903200,0.123200,0.005300,0.002600,0.001400,-0.409300,-0.000500,0.000100,-0.366600,0.002000,-0.107500,-0.003700,0.007700,0.000000,-0.410600,0.000800,-0.007000,-0.370300,0.008400,-0.004300,0.084400,-0.008000,-0.003200,0.186400,-0.004500,-0.003000,0.132700,-0.000400,-0.000400,0.198200,0.000400,0.000300,0.050000,0.000000,0.000600,0.050100,0.000200,0.032500,0.139800,-0.001500,0.180700,-0.001600,0.003000,0.271700,-0.006900,0.001400,0.259300,-0.005900,-0.001100,-0.030400,0.136300,-0.002000,-0.181400,-0.000600,-0.001500,-0.270400,0.002400,-0.001200,-0.260100,0.002400,-0.000900,-0.060500,0.201000,-0.131400,-0.968800,-0.069500,0.002600,-0.084400,0.994000,0.100800,-0.082000,-0.034100,0.990900,0.070600,-0.013800,-0.050500,-0.996100,-0.083100,0.178300,-0.052600,0.979100,0.308700,0.091400,-0.015400,0.946600,0.336300,-0.015700,0.192700,0.921700,-0.034000,0.003100,-0.023500,-0.999100,-0.033300,0.003600,-0.039200,-0.998700,-0.024700,0.016700,-0.050400,-0.998300,0.092700,-0.000200,-0.002200,-0.995700,0.108100,-0.000200,-0.002300,-0.994100,-0.075900,0.327700,-0.024800,0.941400,0.113700,0.017900,0.073400,-0.990600,-0.061900,-0.471200,0.058100,0.877900,0.130100,0.034500,0.031500,-0.990400,0.009300,-0.295800,0.420300,-0.857800,0.014700,-0.031600,-0.037700,-0.998700,0.075600,-0.408000,-0.341700,-0.843200,-0.034400,-0.750800,0.054700,-0.657400,0.038700,0.031800,0.166000,-0.984800,-0.060500,0.201000,-0.131400,-0.968800,-0.009400,0.201300,-0.035000,-0.978800,-0.117800,0.275900,-0.020800,-0.953700,0.035800,-0.269100,0.051000,0.961100,0.034100,0.031800,-0.071700,-0.996300,-0.269200,-0.082500,-0.059300,-0.957700,-0.587000,-0.029100,-0.207200,-0.782100,0.089100,-0.200900,0.160700,0.962200,-0.113700,0.202200,-0.204500,-0.951000,0.130300,-0.218400,0.255200,0.932800,-0.042700,0.241200,-0.235900,-0.940400,-0.059900,-0.265200,0.210600,0.939000,-0.190100,0.040600,0.135200,0.971600,-0.043600,0.252500,-0.157200,-0.953700,-0.038700,0.683300,-0.157200,-0.711900,-0.027300,-0.720600,0.043100,0.691500,-0.260300,0.425400,0.268500,-0.824100,-0.100100,0.197300,-0.291000,-0.930800,-0.172100,0.157200,0.589300,0.773500,0.537600,-0.694900,-0.210500,-0.428600,-0.654700,0.573400,0.180100,0.458400
1.042312,0.849737,0.000000,0.622547,1.969026,1.356160,2.385179,0.362504,0.238331,18.985698,1.522068,3.444999,1.176497,1.037725,0.000000,0.136206,-4.593700,-7.284700,-0.673900,-4.487500,-7.252400,-0.618500,-4.453100,-7.660000,-0.617200,-4.409500,-8.015500,-0.693500,-4.692100,-7.310500,-0.711000,-4.633500,-7.714400,-0.668400,-4.606000,-8.027500,-0.862800,-4.616200,-7.204000,-0.676000,-4.679000,-7.030300,-0.657800,-4.738100,-6.913500,-0.640000,-4.843200,-6.748100,-0.609900,-4.865800,-6.703500,-0.610400,-4.883400,-6.657500,-0.620100,-4.787800,-6.784100,-0.603700,-4.638400,-6.735200,-0.517000,-4.640200,-6.739400,-0.245400,-4.663800,-6.758000,0.012400,-4.833200,-6.810700,-0.637000,-4.970200,-6.896200,-0.720300,-5.043400,-7.134800,-0.618000,-5.046200,-6.995500,-0.398300,0.560300,0.910300,0.904100,0.123700,0.008300,0.003400,0.001900,-0.409000,-0.000600,0.000300,-0.366200,0.000600,-0.107800,-0.002500,0.009100,0.000100,-0.410400,0.000900,-0.007200,-0.369400,0.007800,-0.004500,0.083300,-0.007800,-0.003900,0.185500,-0.004200,-0.004000,0.132100,-0.000900,0.000000,0.198200,0.000200,0.000400,0.050000,0.000000,0.000500,0.050100,0.000200,0.031400,0.139800,-0.001200,0.179500,-0.001700,0.002900,0.271500,-0.006700,0.002700,0.259500,-0.005200,0.000200,-0.030700,0.136600,-0.002000,-0.181800,-0.000500,-0.001500,-0.269800,0.001300,-0.001300,-0.260200,0.000900,-0.000400,-0.068300,0.207300,-0.118500,-0.968700,-0.076800,-0.002800,-0.064700,0.994900,0.103700,-0.079300,-0.033900,0.990900,0.107500,-0.011600,-0.018300,-0.994000,-0.104400,0.162800,-0.032200,0.980600,0.332900,0.098800,-0.016200,0.937600,0.338800,-0.004200,0.200200,0.919300,-0.036400,0.005200,-0.024700,-0.999000,-0.035700,0.005800,-0.041300,-0.998500,-0.027400,0.026800,-0.052700,-0.997900,0.092600,-0.000400,-0.004700,-0.995700,0.108000,-0.000500,-0.004900,-0.994100,-0.076100,0.336700,-0.023800,0.938200,-0.139500,0.023000,-0.065500,0.987800,0.056100,0.512600,0.043900,-0.855600,0.018400,0.050100,0.023900,-0.998300,0.026900,-0.277500,0.431000,-0.858200,0.028300,-0.041800,-0.031000,-0.998200,0.093700,-0.374600,-0.370400,-0.844800,0.050300,0.755300,-0.053000,0.651300,0.057000,0.034400,0.142200,-0.987600,-0.068300,0.207300,-0.118500,-0.968700,-0.007200,0.213600,-0.039100,-0.976100,-0.118700,0.284800,-0.027200,-0.950800,0.010200,-0.277200,0.015200,0.960600,0.046800,0.055800,-0.074500,-0.994600,-0.280800,-0.070000,-0.067700,-0.954800,-0.595900,-0.027100,-0.228500,-0.769400,0.098900,-0.209500,0.149500,0.961200,-0.125400,0.213500,-0.195900,-0.948900,0.145100,-0.239800,0.247900,0.927300,-0.057400,0.262000,-0.229100,-0.935700,-0.045300,-0.285000,0.204100,0.935500,-0.175700,0.030900,0.132300,0.975000,0.024100,-0.240600,0.154100,0.958000,-0.056400,0.704600,-0.063900,-0.704500,0.063300,-0.738500,0.031100,0.670600,-0.346000,0.421200,0.264600,-0.795600,-0.100900,0.212100,-0.275500,-0.932200,-0.183900,0.106800,0.595900,0.774400,-0.536600,0.674700,0.202900,0.464500,0.645300,-0.562500,-0.191200,-0.480200
0.837899,1.054669,0.291343,1.224083,3.173547,1.820615,2.115001,0.786202,0.111608,32.953414,1.209581,2.428620,1.201023,1.376559,0.000000,0.093228,-4.602900,-7.297700,-0.672000,-4.496800,-7.268200,-0.614500,-4.462800,-7.675500,-0.609300,-4.414600,-8.029100,-0.687400,-4.702400,-7.318700,-0.712100,-4.644500,-7.720800,-0.655200,-4.610500,-8.028000,-0.857900,-4.622600,-7.217400,-0.671000,-4.681400,-7.043600,-0.649100,-4.740100,-6.927400,-0.630300,-4.844800,-6.761800,-0.600400,-4.867200,-6.717000,-0.600400,-4.884400,-6.670700,-0.608900,-4.791400,-6.800000,-0.593900,-4.642300,-6.751700,-0.507700,-4.644500,-6.796100,-0.240400,-4.683200,-6.850000,0.010900,-4.834900,-6.823800,-0.628200,-4.971900,-6.902800,-0.718500,-5.047500,-7.147300,-0.630400,-5.063700,-7.020700,-0.403700,0.551100,0.897300,0.906000,0.123800,0.010600,0.003200,0.002200,-0.408800,-0.000600,0.000500,-0.365300,-0.000900,-0.109000,-0.002000,0.008000,0.000100,-0.410200,0.000900,-0.006700,-0.369500,0.006100,-0.004100,0.082300,-0.006300,-0.004400,0.184700,-0.002900,-0.005600,0.131400,-0.000100,0.000000,0.198200,0.000000,0.000400,0.050100,-0.000100,0.000600,0.050100,0.000300,0.029200,0.139000,-0.000900,0.178900,-0.002100,0.002200,0.270900,-0.005600,0.003100,0.260000,-0.003800,0.002200,-0.031100,0.136900,-0.001500,-0.182100,-0.000400,-0.001500,-0.270600,0.001600,-0.001300,-0.260200,0.000500,-0.001500,-0.074900,0.215400,-0.099600,-0.968500,-0.083700,0.001800,-0.043400,0.995500,0.111300,-0.084800,-0.033200,0.989600,-0.127500,0.018100,-0.000300,0.991700,-0.126500,0.148800,-0.005500,0.980700,0.359000,0.108500,-0.017900,0.926800,0.336500,0.012600,0.208500,0.918200,-0.037200,0.006800,-0.027900,-0.998900,-0.036500,0.007500,-0.046700,-0.998200,-0.028900,0.034400,-0.059300,-0.997200,0.089800,-0.000500,-0.005100,-0.995900,0.104700,-0.000600,-0.005300,-0.994500,-0.073700,0.347500,-0.023600,0.934500,-0.131200,0.044100,-0.061500,0.988500,0.045400,0.523300,0.114700,-0.843200,0.061400,-0.076100,-0.011700,0.995100,0.036400,-0.258600,0.421100,-0.868600,0.035900,-0.042200,-0.020500,-0.998300,0.116400,-0.345800,-0.401700,-0.839900,0.071600,0.753900,-0.030100,0.652400,0.073200,0.033800,0.120800,-0.989400,-0.074900,0.215400,-0.099600,-0.968500,-0.002600,0.217900,-0.039200,-0.975200,-0.121700,0.293800,-0.030500,-0.947600,0.000500,0.278000,0.005300,-0.960600,0.062700,0.079300,-0.076300,-0.991900,-0.291100,-0.060400,-0.074700,-0.951900,-0.599300,-0.031900,-0.250400,-0.759700,0.105500,-0.220200,0.134100,0.960400,-0.131100,0.227000,-0.185900,-0.947000,0.151000,-0.261300,0.243600,0.921700,-0.066200,0.282500,-0.223900,-0.930400,-0.033100,-0.304200,0.198000,0.931200,-0.161200,0.024000,0.129100,0.978200,0.033700,-0.240400,0.156400,0.957400,-0.094300,0.706900,0.006500,-0.701000,-0.144700,0.756100,-0.021500,-0.637900,0.415300,-0.431700,-0.240000,0.763900,-0.102100,0.233800,-0.259000,-0.931600,-0.206300,0.054500,0.599900,0.771100,-0.533200,0.653700,0.208800,0.494800,0.635700,-0.550300,-0.212600,-0.497900
0.703276,1.106859,0.387434,1.382816,3.869508,1.927857,2.331004,0.931135,0.000000,35.381012,0.897112,2.413683,1.448336,1.151304,0.000000,0.000000,-4.608800,-7.308200,-0.670500,-4.503600,-7.283200,-0.612300,-4.469900,-7.690700,-0.603300,-4.418600,-8.045000,-0.684200,-4.709100,-7.325200,-0.714900,-4.653100,-7.725400,-0.645000,-4.615500,-8.027600,-0.854700,-4.627100,-7.228000,-0.666500,-4.683600,-7.054200,-0.641600,-4.741600,-6.938000,-0.622600,-4.846100,-6.772100,-0.594500,-4.868400,-6.727300,-0.594500,-4.885300,-6.680700,-0.602300,-4.793900,-6.812000,-0.587400,-4.645500,-6.764600,-0.499500,-4.643500,-6.834900,-0.238400,-4.696700,-6.913100,0.003800,-4.836500,-6.833600,-0.621500,-4.972000,-6.908700,-0.717000,-5.048400,-7.156800,-0.641100,-5.074900,-7.042900,-0.408600,0.545200,0.886800,0.907500,0.122400,0.009500,0.003400,0.001900,-0.409000,-0.000600,0.000400,-0.367000,-0.001100,-0.110800,-0.001000,0.005400,0.000000,-0.410100,0.000500,-0.006300,-0.369700,0.003900,-0.003600,0.082100,-0.004900,-0.004500,0.184400,-0.002000,-0.006000,0.131100,0.000400,0.000000,0.198100,0.000000,0.000300,0.050100,-0.000100,0.000600,0.050100,0.000400,0.027800,0.138100,0.000000,0.178800,-0.002000,0.002300,0.270300,-0.003800,0.002500,0.260000,-0.002700,0.002400,-0.030800,0.137700,-0.001300,-0.182000,-0.000100,-0.001400,-0.270600,0.001100,-0.001100,-0.260200,-0.000100,-0.001600,-0.083400,0.220700,-0.088600,-0.967700,-0.093700,0.005400,-0.028700,0.995200,0.119800,-0.085900,-0.034200,0.988500,-0.139500,0.021800,-0.011200,0.989900,-0.149600,0.136300,0.012200,0.979200,0.382000,0.118300,-0.020300,0.916300,0.325100,0.032100,0.216500,0.920000,-0.034400,0.006100,-0.030500,-0.998900,-0.033800,0.006700,-0.051000,-0.998100,-0.026700,0.031100,-0.065200,-0.997000,0.086200,-0.000100,-0.001300,-0.996300,0.100500,-0.000100,-0.001300,-0.994900,-0.070000,0.344200,-0.024800,0.936000,-0.117700,0.041600,-0.065100,0.990000,0.006800,0.525000,0.140100,-0.839400,0.063300,-0.110000,-0.000200,0.991900,0.034300,-0.253600,0.400800,-0.879700,0.039600,-0.027400,-0.013700,-0.998700,0.130200,-0.320300,-0.420800,-0.838700,0.087600,0.749500,-0.008100,0.656200,0.083800,0.031600,0.106000,-0.990300,-0.083400,0.220700,-0.088600,-0.967700,0.001800,0.220300,-0.040200,-0.974600,-0.125900,0.296700,-0.033000,-0.946100,0.004800,0.276200,0.016600,-0.960900,0.077900,0.098500,-0.076900,-0.989100,-0.299400,-0.054600,-0.078700,-0.949300,-0.593300,-0.041500,-0.269800,-0.757200,0.110400,-0.225800,0.125100,0.959800,-0.131900,0.233200,-0.180700,-0.946300,0.147200,-0.265700,0.244000,0.921000,-0.066900,0.285800,-0.221400,-0.930000,-0.027400,-0.306600,0.192800,0.931700,-0.149600,0.019500,0.126400,0.980400,0.044400,-0.243900,0.156500,0.956100,-0.147100,0.701500,0.027600,-0.696800,-0.187100,0.774200,-0.000700,-0.604600,0.454000,-0.452800,-0.220800,0.735000,-0.100200,0.251900,-0.249800,-0.929600,-0.223000,0.011800,0.600000,0.768200,-0.528800,0.634200,0.219300,0.519600,0.627600,-0.537200,-0.231900,-0.513600
0.630618,0.999896,0.268184,1.370011,4.083887,1.870482,2.789712,0.847057,0.000000,28.638729,0.618621,3.141050,1.840355,0.550447,0.000000,0.000000,-4.620000,-7.330800,-0.661300,-4.521400,-7.315800,-0.598800,-4.488100,-7.724200,-0.579400,-4.426700,-8.081100,-0.671800,-4.720000,-7.341600,-0.717500,-4.673800,-7.735800,-0.617600,-4.627500,-8.025800,-0.840100,-4.637500,-7.250500,-0.653500,-4.693600,-7.076700,-0.625600,-4.749400,-6.960300,-0.604500,-4.852100,-6.793600,-0.575200,-4.873700,-6.748500,-0.574500,-4.889600,-6.701400,-0.581100,-4.799500,-6.835200,-0.571300,-4.653700,-6.796000,-0.474800,-4.631600,-6.918000,-0.236200,-4.728900,-7.048900,-0.033200,-4.843200,-6.853000,-0.600500,-4.973500,-6.921600,-0.706800,-5.046900,-7.180400,-0.673100,-5.097400,-7.106500,-0.428300,0.534000,0.864200,0.916700,0.117600,0.001600,0.005100,0.001600,-0.410200,-0.000200,0.001100,-0.373800,-0.000600,-0.115100,0.003600,0.000200,-0.000100,-0.409300,0.000500,-0.004500,-0.368400,0.000000,-0.001300,0.082500,-0.002900,-0.002600,0.184700,-0.001200,-0.003700,0.130800,0.000300,-0.000100,0.198000,0.000000,0.000100,0.050000,0.000000,0.000700,0.050100,0.000400,0.026300,0.136200,-0.002500,0.179100,-0.002300,-0.000400,0.268900,-0.003000,0.003000,0.260300,-0.001600,0.003600,-0.029100,0.139600,-0.000100,-0.181500,0.000300,-0.001400,-0.271200,0.000200,-0.000400,-0.260700,-0.001300,-0.002900,-0.091500,0.248300,-0.088100,-0.960300,-0.111500,0.027300,-0.020100,0.993200,0.149600,-0.067400,-0.036400,0.985800,-0.165000,0.008600,-0.025200,0.985900,-0.192600,0.128300,0.025200,0.972500,0.432800,0.146700,-0.018800,0.889300,0.228600,0.078000,0.220800,0.944900,-0.035200,0.002600,-0.028100,-0.999000,-0.034500,0.003300,-0.046900,-0.998300,-0.025200,0.014900,-0.060700,-0.997700,-0.084500,-0.000200,-0.002600,0.996400,-0.098500,-0.000300,-0.002700,0.995100,-0.068000,0.332000,-0.025900,0.940500,-0.067100,0.005900,-0.072400,0.995100,-0.077600,0.499600,0.151600,-0.849300,-0.025200,0.231800,-0.031600,-0.971900,-0.015200,-0.263300,0.318100,-0.910600,-0.048200,-0.002700,0.016700,0.998700,0.138500,-0.247200,-0.442300,-0.850900,0.120700,0.745300,0.021700,0.655400,0.099500,0.023600,0.072700,-0.992100,-0.091500,0.248300,-0.088100,-0.960300,0.013500,0.228300,-0.043000,-0.972500,-0.143400,0.284700,-0.042000,-0.946900,0.008100,0.275800,0.028200,-0.960800,0.113500,0.137600,-0.073700,-0.981200,-0.315500,-0.051400,-0.090100,-0.943200,-0.518100,-0.073100,-0.306300,-0.795300,0.118500,-0.250100,0.123500,0.953000,-0.139900,0.254000,-0.176200,-0.940700,0.150500,-0.271500,0.237200,0.920500,0.072900,-0.290400,0.211000,0.930500,-0.018300,-0.309800,0.178800,0.933700,-0.132100,0.006000,0.116800,0.984300,0.106200,-0.269800,0.152100,0.944900,-0.280400,0.673300,0.046200,-0.682500,0.257800,-0.822600,-0.071400,0.501700,-0.522900,0.536100,0.144200,-0.646800,0.102000,-0.287600,0.238800,0.921900,0.227100,0.095000,-0.596400,-0.764000,0.503200,-0.584000,-0.249600,-0.586000,-0.594200,0.504200,0.275000,0.563200
0.625655,0.535975,0.020664,2.902295,3.544317,2.829615,2.035564,0.658568,0.000000,20.396609,0.642307,3.523430,1.974085,0.521590,0.000000,0.000000,-4.622500,-7.338800,-0.656200,-4.526100,-7.329000,-0.592500,-4.499800,-7.738500,-0.567500,-4.431000,-8.099100,-0.665600,-4.721700,-7.348700,-0.718000,-4.682200,-7.740500,-0.606600,-4.632200,-8.027800,-0.830700,-4.640500,-7.257600,-0.648100,-4.697800,-7.083700,-0.619500,-4.752800,-6.966700,-0.596500,-4.855900,-6.800800,-0.564700,-4.877400,-6.755600,-0.563400,-4.892800,-6.708400,-0.569700,-4.802300,-6.841500,-0.560900,-4.655600,-6.808800,-0.462300,-4.627000,-6.952800,-0.237100,-4.743400,-7.101800,-0.057800,-4.846600,-6.859500,-0.590400,-4.975700,-6.926000,-0.698700,-5.045000,-7.188000,-0.686800,-5.107800,-7.136700,-0.438800,0.531500,0.856200,0.921800,0.115800,-0.004400,0.004100,0.001500,-0.411100,-0.000500,0.001700,-0.380000,-0.000700,-0.117100,0.005100,-0.001000,-0.000400,-0.409200,0.000600,-0.004700,-0.367800,-0.001000,-0.000400,0.083600,-0.002500,-0.001200,0.185300,-0.001400,-0.001300,0.131300,0.000000,-0.000100,0.198000,0.000100,0.000100,0.050000,0.000000,0.000600,0.050000,0.000200,0.027500,0.136500,-0.003000,0.179700,-0.001400,-0.000600,0.268800,-0.001800,0.002200,0.260600,-0.001000,0.003200,-0.028600,0.139700,0.000400,-0.181100,0.000400,-0.001100,-0.271200,-0.000400,-0.000300,-0.260900,-0.002100,-0.002800,-0.091900,0.266300,-0.093300,-0.955000,-0.122500,0.046100,-0.029200,0.991000,0.169000,-0.072800,-0.029800,0.982500,-0.171400,0.011900,-0.024500,0.984800,-0.207500,0.136700,0.022800,0.968400,0.448800,0.156600,-0.011600,0.879700,0.164700,0.074800,0.223600,0.957800,-0.038900,0.001100,-0.025500,-0.998900,-0.038200,0.001700,-0.042500,-0.998400,-0.027000,0.007600,-0.055300,-0.998100,-0.087100,-0.000300,-0.003500,0.996200,-0.101600,-0.000400,-0.003600,0.994800,-0.070000,0.330400,-0.027100,0.940800,-0.056800,0.000700,-0.088200,0.994500,0.101500,-0.493000,-0.167700,0.847700,-0.043900,0.281500,-0.047600,-0.957400,-0.037200,-0.265700,0.285600,-0.920000,-0.048700,-0.003400,0.017200,0.998700,0.134400,-0.215900,-0.442200,-0.860100,0.129600,0.741000,0.010900,0.658900,0.115500,0.012100,0.036200,-0.992600,-0.091900,0.266300,-0.093300,-0.955000,0.022500,0.228600,-0.036200,-0.972600,-0.151700,0.289900,-0.046800,-0.943800,0.005800,0.278600,0.024900,-0.960100,0.128000,0.148800,-0.069500,-0.978100,-0.317200,-0.051900,-0.096500,-0.942000,-0.463300,-0.065200,-0.318200,-0.824600,0.122300,-0.265700,0.127800,0.947700,-0.147200,0.267200,-0.177800,-0.935600,0.158700,-0.277200,0.235300,0.917900,0.079100,-0.296400,0.207000,0.929000,-0.014500,-0.315900,0.172400,0.932900,-0.127400,-0.001500,0.110000,0.985700,0.129900,-0.274400,0.137500,0.942800,0.319600,-0.661700,-0.077800,0.673800,-0.282200,0.841700,0.103300,-0.448500,0.544200,-0.578500,-0.116900,0.596300,0.109800,-0.294100,0.236800,0.919500,0.210400,0.134900,-0.594400,-0.764400,0.481500,-0.556800,-0.261600,-0.624300,-0.567000,0.497500,0.307200,0.580200
0.560998,0.519420,0.000000,2.635268,3.282464,2.807258,2.614266,0.456732,0.000000,15.231528,1.167264,4.201091,1.859799,0.674036,0.000000,0.126835,-4.623800,-7.346400,-0.652200,-4.528700,-7.343000,-0.588700,-4.508400,-7.753600,-0.558800,-4.434700,-8.119800,-0.661000,-4.721600,-7.355700,-0.718300,-4.690200,-7.745100,-0.597200,-4.636500,-8.033000,-0.818500,-4.642900,-7.264100,-0.643300,-4.701300,-7.089700,-0.613300,-4.755800,-6.971900,-0.588200,-4.858900,-6.806400,-0.554000,-4.880200,-6.761200,-0.552200,-4.895100,-6.713800,-0.558000,-4.804100,-6.847700,-0.549600,-4.656400,-6.820700,-0.449700,-4.628200,-6.988000,-0.245000,-4.755800,-7.146000,-0.081000,-4.849400,-6.864800,-0.580700,-4.978000,-6.930100,-0.690200,-5.042800,-7.194000,-0.697300,-5.116000,-7.166900,-0.448000,0.530200,0.848600,0.925800,0.113800,-0.011600,0.002900,0.001300,-0.412100,-0.001100,0.002100,-0.387200,-0.001200,-0.118100,0.006200,-0.002300,-0.000500,-0.409000,0.000800,-0.004500,-0.367000,-0.001600,0.000300,0.085000,-0.002200,0.000200,0.186300,-0.001500,0.001000,0.132200,-0.000200,-0.000100,0.198000,0.000300,0.000100,0.050000,0.000000,0.000600,0.050000,0.000100,0.028900,0.135800,-0.002500,0.180400,-0.002500,-0.000200,0.265700,-0.006300,0.006600,0.260800,-0.004400,0.010000,-0.028500,0.139600,0.000700,-0.181100,0.000200,-0.001400,-0.271800,-0.000700,-0.000600,-0.261200,-0.004600,-0.004700,-0.094800,0.279500,-0.098200,-0.950400,-0.135500,0.054700,-0.035600,0.988600,0.182300,-0.082900,-0.028700,0.979300,-0.174000,0.026200,-0.019200,0.984200,-0.224200,0.145200,0.017900,0.963500,0.456900,0.161700,-0.001900,0.874700,0.113400,0.064700,0.223200,0.966000,0.040600,-0.000600,0.023200,0.998900,0.039800,-0.001200,0.038600,0.998500,-0.028000,0.005100,-0.050400,-0.998300,-0.088600,-0.000300,-0.003600,0.996100,-0.103400,-0.000400,-0.003700,0.994600,-0.071200,0.331100,-0.027700,0.940500,-0.056700,0.004300,-0.096400,0.993700,-0.101800,0.486300,0.207500,-0.842600,-0.081500,0.292900,-0.070800,-0.950000,-0.046900,-0.238300,0.282300,-0.928100,0.047100,-0.003600,-0.018800,-0.998700,0.120200,-0.193400,-0.438000,-0.869700,0.127800,0.734100,-0.010200,0.666800,-0.130100,0.011900,-0.001600,0.991400,-0.094800,0.279500,-0.098200,-0.950400,0.030500,0.234300,-0.030600,-0.971200,-0.156500,0.305300,-0.047400,-0.938100,0.004500,0.281200,0.020500,-0.959400,0.141000,0.155100,-0.062700,-0.975800,-0.312700,-0.050600,-0.101000,-0.943100,-0.413700,-0.051500,-0.322500,-0.849800,-0.126900,0.278000,-0.131400,-0.943000,-0.153700,0.278300,-0.178600,-0.931100,0.166500,-0.285400,0.232300,0.914800,0.085800,-0.304600,0.202700,0.926700,-0.009200,-0.323900,0.166600,0.931200,-0.121100,-0.008500,0.104800,0.987100,0.140000,-0.276900,0.127200,0.942100,-0.333200,0.649500,0.128300,-0.671300,0.287800,-0.847700,-0.119100,0.429500,-0.554800,0.608700,0.123500,-0.553600,-0.116900,0.295900,-0.236300,-0.918100,-0.184000,-0.159400,0.594700,0.766200,-0.459700,0.530400,0.274100,0.657500,-0.545400,0.497200,0.334200,0.586200
0.497766,0.640455,0.000000,1.464650,2.887468,2.224599,3.637967,0.292750,0.000000,12.135148,1.847361,4.874739,1.656435,0.888901,0.000000,0.316573,-4.626300,-7.352500,-0.647900,-4.532100,-7.353100,-0.584900,-4.513300,-7.764100,-0.552600,-4.438500,-8.132800,-0.655900,-4.721400,-7.361500,-0.717500,-4.699100,-7.748600,-0.587700,-4.642900,-8.041200,-0.803200,-4.646100,-7.269200,-0.637900,-4.704800,-7.094300,-0.606400,-4.758600,-6.975600,-0.579300,-4.860500,-6.809900,-0.542700,-4.881600,-6.764600,-0.540300,-4.896200,-6.717100,-0.545600,-4.805500,-6.849300,-0.538100,-4.656800,-6.828800,-0.437000,-4.625800,-7.013000,-0.245200,-4.765800,-7.181000,-0.102600,-4.851800,-6.868300,-0.569900,-4.980500,-6.932000,-0.679700,-5.038800,-7.196200,-0.706000,-5.124100,-7.188600,-0.458900,0.527700,0.842500,0.930100,0.112200,-0.015700,0.002300,0.000800,-0.412700,-0.001400,0.002100,-0.390100,-0.000600,-0.118000,0.005900,-0.004800,-0.000500,-0.409000,0.000500,-0.004100,-0.367700,-0.002100,0.000600,0.086200,-0.001300,0.001200,0.187200,-0.001100,0.002300,0.133000,0.000000,-0.000100,0.198000,0.000200,0.000000,0.050000,0.000000,0.000400,0.050000,0.000100,0.030500,0.137500,-0.003200,0.181000,-0.000400,-0.000700,0.267600,-0.004000,0.004400,0.261000,-0.002700,0.007700,-0.028600,0.139500,0.001100,-0.180800,0.000100,-0.001100,-0.271800,-0.001200,-0.000400,-0.261500,-0.001800,-0.002800,-0.096000,0.286700,-0.099700,-0.948000,-0.140700,0.052100,-0.034800,0.988100,0.186600,-0.089100,-0.033800,0.977800,-0.173900,0.041400,-0.012800,0.983800,-0.239600,0.150000,0.013100,0.959100,0.458600,0.166400,0.009500,0.872900,0.073800,0.059000,0.214300,0.972200,0.042000,0.000200,0.021200,0.998900,0.041100,-0.000400,0.035300,0.998500,-0.028800,0.001600,-0.046400,-0.998500,-0.088800,-0.000300,-0.003700,0.996000,-0.103600,-0.000400,-0.003800,0.994600,-0.071500,0.323700,-0.027200,0.943100,-0.052200,-0.004500,-0.112300,0.992300,-0.087300,0.470500,0.243800,-0.843500,-0.111800,0.329000,-0.053100,-0.936200,-0.055300,-0.241900,0.265500,-0.931600,0.046700,-0.003300,-0.020700,-0.998700,0.096500,-0.169500,-0.437600,-0.877800,0.120500,0.727500,-0.033000,0.674600,0.132200,-0.013400,-0.070900,-0.988600,-0.096000,0.286700,-0.099700,-0.948000,0.033700,0.244600,-0.030200,-0.968600,-0.158700,0.321000,-0.045500,-0.932600,0.003800,0.283100,0.016400,-0.958900,0.153800,0.157900,-0.053800,-0.973900,-0.301900,-0.050300,-0.103100,-0.946400,-0.368100,-0.047600,-0.317100,-0.872700,-0.129600,0.284100,-0.131800,-0.940800,-0.158100,0.283200,-0.176400,-0.929300,0.171800,-0.286500,0.227200,0.914800,0.091000,-0.305300,0.197400,0.927100,-0.004300,-0.324100,0.161100,0.932200,-0.114000,-0.015500,0.102000,0.988100,0.156000,-0.281000,0.107000,0.940900,-0.332500,0.632400,0.188000,-0.673900,0.291200,-0.852400,-0.178900,0.395700,-0.562700,0.631000,0.154200,-0.511200,-0.122100,0.297300,-0.233000,-0.917800,-0.150900,-0.181300,0.598200,0.765800,-0.438700,0.501900,0.290300,0.686500,0.492800,-0.498100,-0.396100,-0.593400
0.594789,0.242259,0.000000,0.779904,1.174310,1.602559,3.278737,0.334351,0.000000,10.594140,1.951546,4.773844,1.681995,0.923877,0.000000,0.295648,-4.634500,-7.361500,-0.637200,-4.539300,-7.366500,-0.573100,-4.516000,-7.778400,-0.549600,-4.442600,-8.149000,-0.650500,-4.726600,-7.369900,-0.710400,-4.715900,-7.753800,-0.569000,-4.660500,-8.060300,-0.766800,-4.654200,-7.277000,-0.624900,-4.710900,-7.100500,-0.590100,-4.763400,-6.980200,-0.560000,-4.862400,-6.813400,-0.520600,-4.882900,-6.767800,-0.517500,-4.897000,-6.720100,-0.522200,-4.807500,-6.853300,-0.515900,-4.657600,-6.839200,-0.415200,-4.625500,-7.044900,-0.243600,-4.783400,-7.226700,-0.141300,-4.855900,-6.872100,-0.548100,-4.985600,-6.932600,-0.658500,-5.026200,-7.195100,-0.716900,-5.122100,-7.225200,-0.475700,0.519500,0.833500,0.940800,0.113300,-0.018200,0.004300,0.000700,-0.413200,-0.000800,0.001900,-0.391100,0.002800,-0.117500,0.003500,-0.010200,-0.000600,-0.409300,0.000300,-0.004200,-0.368900,-0.002800,0.000800,0.087700,0.000300,0.001800,0.188600,0.000100,0.002900,0.134600,0.001000,0.000000,0.198000,0.000200,-0.000100,0.050000,0.000000,0.000300,0.050000,0.000100,0.031700,0.137900,-0.002400,0.181200,-0.000400,-0.000700,0.269800,0.000400,0.000700,0.261600,-0.000800,0.002500,-0.029300,0.139800,0.001800,-0.180700,0.000000,-0.001000,-0.272000,0.000000,-0.000100,-0.261300,-0.001000,-0.002400,-0.097700,0.283000,-0.092500,-0.949600,-0.128400,0.041300,-0.027200,0.990500,0.173900,-0.093200,-0.034800,0.979700,-0.172800,0.050900,-0.007200,0.983600,-0.259900,0.143500,0.014200,0.954800,0.445700,0.174800,0.022500,0.877700,0.029400,0.061500,0.178600,0.981600,0.042300,0.001000,0.020800,0.998900,0.041400,0.000400,0.034700,0.998500,0.028700,0.002400,0.045800,0.998500,-0.088300,-0.000400,-0.004800,0.996100,-0.103000,-0.000500,-0.004900,0.994700,-0.071400,0.305700,-0.026400,0.949100,0.040900,0.017900,0.119600,-0.991800,-0.031900,0.445900,0.321400,-0.834800,0.155500,-0.378900,-0.025100,0.911900,-0.062900,-0.261200,0.247200,-0.931000,-0.051100,-0.007600,0.021700,0.998400,0.042500,-0.120700,-0.451700,-0.882900,0.094900,0.720500,-0.043100,0.685600,0.091800,-0.023200,-0.150800,-0.984000,-0.097700,0.283000,-0.092500,-0.949600,0.021200,0.250400,-0.033400,-0.967300,-0.159200,0.330400,-0.044600,-0.929200,0.003900,0.284300,0.011800,-0.958700,0.170800,0.159400,-0.042200,-0.971400,-0.272000,-0.052600,-0.100000,-0.955600,-0.298300,-0.064700,-0.284100,-0.908900,-0.131800,0.279900,-0.124300,-0.942800,-0.160900,0.278500,-0.168400,-0.931800,-0.174200,0.278400,-0.219200,-0.918800,-0.093800,0.296200,-0.189300,-0.931500,0.001100,0.314100,-0.153100,-0.936900,0.106500,0.022700,-0.097800,-0.989200,0.172400,-0.280700,0.093000,0.939600,-0.305500,0.594900,0.292200,-0.683600,-0.289100,0.839400,0.306900,-0.343100,0.578300,-0.639700,-0.242200,0.444600,-0.122600,0.299900,-0.223200,-0.919300,-0.093300,-0.218700,0.614400,0.752300,-0.425800,0.446300,0.342400,0.708700,0.424700,-0.488400,-0.474900,-0.596300
0.603856,0.162199,0.060039,0.762947,2.932650,1.217210,2.007050,0.048620,0.000000,8.836620,1.996586,4.489548,1.762569,0.940301,0.000000,0.256915,-4.641100,-7.365600,-0.629700,-4.545100,-7.372400,-0.565700,-4.516100,-7.784500,-0.549300,-4.443900,-8.155200,-0.648900,-4.732400,-7.374000,-0.703300,-4.726300,-7.756800,-0.558600,-4.673400,-8.073400,-0.742700,-4.660300,-7.280400,-0.616200,-4.715200,-7.103000,-0.579600,-4.766800,-6.981900,-0.548300,-4.863900,-6.814200,-0.507600,-4.884000,-6.768500,-0.504200,-4.897800,-6.720600,-0.508400,-4.809600,-6.855100,-0.503300,-4.659000,-6.843500,-0.403100,-4.628800,-7.060300,-0.245600,-4.793600,-7.244500,-0.160500,-4.858700,-6.873200,-0.535400,-4.989400,-6.932300,-0.645100,-5.016600,-7.197400,-0.721500,-5.115000,-7.242100,-0.483500,0.512900,0.829400,0.948300,0.114000,-0.018600,0.006000,0.000600,-0.413400,-0.000400,0.002000,-0.390500,0.004300,-0.116900,0.001600,-0.012800,-0.000600,-0.409300,-0.000100,-0.004100,-0.370000,-0.003500,0.000700,0.088400,0.001000,0.001600,0.189300,0.000600,0.002600,0.135300,0.001400,0.000000,0.198000,0.000100,-0.000100,0.050000,0.000000,0.000300,0.050000,0.000100,0.031500,0.137600,-0.001900,0.181200,-0.000700,-0.000500,0.269700,0.000500,0.000500,0.261400,-0.001000,0.002300,-0.029700,0.139800,0.002000,-0.180600,0.000100,-0.000700,-0.277300,0.000600,0.000700,-0.261300,-0.001300,-0.007300,-0.098300,0.275000,-0.086300,-0.952500,-0.116300,0.033300,-0.019800,0.992500,0.162400,-0.090500,-0.035000,0.981900,-0.170400,0.046600,-0.003900,0.984300,-0.266800,0.132700,0.016300,0.954400,0.428800,0.179200,0.024300,0.885100,-0.008200,-0.058300,-0.156100,-0.986000,0.042000,0.000400,0.021400,0.998900,0.041100,-0.000200,0.035500,0.998500,0.028600,-0.000400,0.046700,0.998500,-0.087500,-0.000500,-0.005400,0.996100,-0.102100,-0.000600,-0.005600,0.994800,-0.070700,0.299800,-0.026200,0.951000,0.035600,0.021300,0.119700,-0.991900,-0.008300,0.432300,0.361700,-0.826000,0.181100,-0.389200,-0.053100,0.901600,-0.064000,-0.258600,0.258100,-0.928700,-0.053900,-0.010200,0.023000,0.998200,0.013400,-0.087400,-0.465600,-0.880600,0.090800,0.733500,-0.052500,0.671600,-0.080100,0.004100,0.190100,0.978500,-0.098300,0.275000,-0.086300,-0.952500,0.010700,0.249300,-0.038100,-0.967600,-0.158800,0.326500,-0.044900,-0.930700,0.003100,0.285000,0.007700,-0.958500,0.176300,0.160600,-0.037500,-0.970400,-0.249400,-0.052100,-0.094100,-0.962400,0.256400,0.069300,0.257100,0.929200,-0.132200,0.272800,-0.118100,-0.945600,-0.161200,0.272300,-0.162700,-0.934500,-0.175100,0.275100,-0.213900,-0.920800,-0.095400,0.292300,-0.183900,-0.933600,-0.001400,0.309500,-0.147900,-0.939300,0.101400,0.023200,-0.094600,-0.990100,0.178400,-0.279100,0.088400,0.939400,-0.294400,0.571400,0.341600,-0.685700,-0.287000,0.828300,0.355500,-0.324300,0.593000,-0.634000,-0.286600,0.405300,-0.121000,0.299600,-0.218100,-0.920900,-0.064400,-0.242600,0.627300,0.737200,-0.423700,0.431300,0.357400,0.711800,-0.391100,0.476900,0.517800,0.592900
0.590667,0.205878,0.336890,0.925606,5.126201,1.087035,0.825213,0.000000,0.000000,7.301224,1.946249,3.994790,1.875113,0.910275,0.000000,0.216605,-4.647900,-7.369000,-0.621900,-4.550700,-7.377100,-0.559100,-4.516300,-7.788900,-0.549200,-4.445200,-8.159100,-0.647600,-4.739300,-7.377600,-0.694500,-4.737300,-7.760600,-0.548900,-4.687600,-8.086800,-0.716700,-4.666700,-7.283400,-0.607300,-4.720000,-7.105300,-0.569200,-4.770500,-6.983500,-0.536900,-4.865400,-6.814900,-0.494600,-4.885000,-6.769000,-0.490600,-4.898300,-6.720900,-0.494200,-4.812300,-6.855900,-0.490700,-4.660600,-6.847600,-0.392400,-4.632200,-7.072900,-0.247700,-4.804600,-7.256500,-0.178100,-4.861100,-6.874000,-0.522700,-4.992500,-6.931800,-0.631800,-5.006800,-7.191100,-0.722100,-5.105700,-7.256400,-0.489400,0.506100,0.826000,0.956100,0.114200,-0.018800,0.006800,0.000600,-0.413400,-0.000400,0.002300,-0.389600,0.004800,-0.116200,0.000100,-0.014000,-0.000700,-0.409700,-0.000100,-0.004100,-0.370200,-0.003500,0.000600,0.088900,0.001400,0.001500,0.189700,0.001000,0.002200,0.135800,0.001400,0.000100,0.198000,0.000000,-0.000100,0.050000,0.000000,0.000300,0.050000,0.000100,0.031300,0.138500,-0.001600,0.180900,-0.000200,-0.000500,0.269400,-0.000200,0.000300,0.261200,-0.001700,0.002600,-0.029700,0.139700,0.002000,-0.180300,-0.000100,-0.001000,-0.274900,0.001400,0.001000,-0.261000,-0.000200,-0.005000,-0.099600,0.265600,-0.081600,-0.955400,-0.106800,0.026100,-0.013400,0.993800,0.151500,-0.088200,-0.035700,0.983900,-0.165200,0.040500,0.001000,0.985400,-0.271100,0.120300,0.015900,0.954900,0.406800,0.183900,0.025200,0.894400,0.001600,-0.048500,-0.135100,-0.989600,0.041300,-0.000400,0.021500,0.998900,0.040400,-0.001000,0.035800,0.998500,-0.028500,0.004400,-0.046800,-0.998500,-0.086600,-0.000500,-0.006200,0.996200,-0.101000,-0.000700,-0.006400,0.994900,-0.069900,0.294700,-0.026100,0.952700,0.026000,0.022900,0.124600,-0.991600,0.002400,0.426700,0.381800,-0.819900,0.202400,-0.401900,-0.068100,0.890400,-0.065000,-0.258800,0.274300,-0.923900,-0.055500,-0.010900,0.025200,0.998100,-0.006600,-0.055600,-0.478700,-0.876200,0.084400,0.726600,-0.042400,0.680600,-0.052100,0.008900,0.217700,0.974600,-0.099600,0.265600,-0.081600,-0.955400,0.001600,0.246400,-0.042600,-0.968200,-0.157600,0.321500,-0.044800,-0.932600,0.000900,0.286500,0.001600,-0.958100,0.177900,0.162400,-0.033100,-0.970000,-0.225300,-0.051000,-0.087400,-0.969000,0.224100,0.067000,0.228400,0.945100,-0.133200,0.264500,-0.113000,-0.948400,-0.162100,0.265300,-0.157300,-0.937300,0.176800,-0.272100,0.207800,0.922800,0.098100,-0.288400,0.177600,0.935800,0.005000,-0.304900,0.141500,0.941800,-0.094800,-0.022700,0.090400,0.991100,-0.190100,0.274300,-0.079900,-0.939300,0.292400,-0.553300,-0.374900,0.684000,0.285800,-0.823500,-0.385900,0.302000,-0.609400,0.629400,0.311900,-0.367700,0.120700,-0.297600,0.213600,0.922600,0.042400,0.265700,-0.637500,-0.721900,0.419900,-0.395700,-0.394900,-0.715000,0.363900,-0.462800,-0.557300,-0.585400
0.612746,0.247078,0.417955,0.854986,4.677891,1.425996,0.924425,0.000000,0.000000,6.645099,1.688701,3.101741,2.017773,0.767507,0.000000,0.191111,-4.654300,-7.371400,-0.614000,-4.555900,-7.379700,-0.552800,-4.516500,-7.790900,-0.549200,-4.446300,-8.159800,-0.646400,-4.746100,-7.380600,-0.684700,-4.747700,-7.764200,-0.540600,-4.702600,-8.100000,-0.690100,-4.672900,-7.285600,-0.598500,-4.725000,-7.107300,-0.558800,-4.774400,-6.984900,-0.525700,-4.866900,-6.815400,-0.481400,-4.885800,-6.769300,-0.476800,-4.898500,-6.721000,-0.479800,-4.814800,-6.857000,-0.478200,-4.662000,-6.850800,-0.381800,-4.634400,-7.083800,-0.249400,-4.815100,-7.263400,-0.192600,-4.863400,-6.874500,-0.510000,-4.996300,-6.931100,-0.617500,-4.997700,-7.180600,-0.719400,-5.094100,-7.271100,-0.494200,0.499700,0.823600,0.964000,0.114400,-0.018400,0.007000,0.000700,-0.413200,-0.000400,0.002800,-0.387800,0.004000,-0.115400,-0.001200,-0.014100,-0.000600,-0.409800,-0.000300,-0.003500,-0.370300,-0.003700,0.000300,0.089200,0.001700,0.001100,0.190000,0.001200,0.001700,0.136100,0.001200,0.000000,0.198000,0.000000,-0.000100,0.050000,0.000000,0.000200,0.050100,0.000200,0.030800,0.138800,-0.001300,0.180800,0.000000,-0.000500,0.269400,-0.000300,0.000000,0.261100,-0.001600,0.001900,-0.029700,0.139500,0.001700,-0.180100,-0.000200,-0.000800,-0.269600,0.001900,0.000600,-0.261200,0.001700,0.000400,-0.102200,0.256700,-0.078600,-0.957900,-0.099400,0.020100,-0.008600,0.994800,0.139900,-0.089300,-0.036500,0.985500,0.155500,-0.036300,-0.009200,-0.987100,-0.274300,0.108100,0.013400,0.955500,0.379500,0.187200,0.023000,0.905800,0.002400,-0.036200,-0.112900,-0.992900,-0.040000,0.001100,-0.021000,-0.999000,-0.039300,0.001600,-0.035100,-0.998600,-0.028000,0.007400,-0.045600,-0.998500,-0.086100,-0.000700,-0.007700,0.996300,-0.100400,-0.000800,-0.007900,0.994900,-0.069400,0.288300,-0.026400,0.954600,0.019900,0.023500,0.124400,-0.991800,0.000000,0.423600,0.400200,-0.812700,0.218800,-0.420700,-0.070600,0.877600,-0.066600,-0.256300,0.299800,-0.916500,-0.055400,-0.010400,0.027600,0.998000,0.020200,0.023100,0.492300,0.869900,0.078800,0.707700,-0.019800,0.701800,0.012400,-0.027400,-0.239500,-0.970400,-0.102200,0.256700,-0.078600,-0.957900,-0.007100,0.243000,-0.046500,-0.968900,-0.155600,0.319200,-0.043800,-0.933800,0.003800,-0.289500,0.007900,0.957100,0.177000,0.164600,-0.028500,-0.969900,-0.198600,-0.047300,-0.077500,-0.975900,0.197300,0.059800,0.194400,0.959000,0.135100,-0.256500,0.108800,0.950800,-0.163400,0.258200,-0.151900,-0.940000,0.178900,-0.267900,0.200600,0.925200,0.100700,-0.283400,0.169600,0.938500,0.008300,-0.299000,0.132700,0.944900,-0.088000,-0.022000,0.083400,0.992400,-0.197100,0.269200,-0.074400,-0.939800,0.299400,-0.538000,-0.399100,0.679500,0.281500,-0.824100,-0.406400,0.276300,-0.627600,0.627200,0.328300,-0.323900,0.121900,-0.293000,0.209000,0.925000,-0.024300,-0.289300,0.646000,0.706000,-0.412800,0.347000,0.445000,0.714900,0.338600,-0.449700,-0.596000,-0.572600
0.528201,0.224107,0.179763,0.711304,6.016027,4.565425,1.712234,0.401494,0.000000,5.807760,1.416244,1.508618,1.394799,0.503857,0.000000,0.324809,-4.658500,-7.372400,-0.607800,-4.559200,-7.379400,-0.548200,-4.516600,-7.790100,-0.549100,-4.446900,-8.156400,-0.645500,-4.750900,-7.382400,-0.677300,-4.755300,-7.766400,-0.534000,-4.714900,-8.108800,-0.669500,-4.677200,-7.286700,-0.591800,-4.728600,-7.108400,-0.551000,-4.777200,-6.985700,-0.517200,-4.867800,-6.815700,-0.471300,-4.886100,-6.769500,-0.466400,-4.898200,-6.721000,-0.468900,-4.816400,-6.857700,-0.468700,-4.662500,-6.852900,-0.374000,-4.635400,-7.090900,-0.250700,-4.822300,-7.266300,-0.202000,-4.864900,-6.874800,-0.500400,-4.999100,-6.930400,-0.606500,-4.991800,-7.176500,-0.716900,-5.085000,-7.280700,-0.496700,0.495500,0.822600,0.970200,0.114600,-0.017100,0.006300,0.000700,-0.412800,-0.000400,0.003300,-0.385200,0.002400,-0.115200,-0.002300,-0.013900,-0.000700,-0.409900,-0.000200,-0.003100,-0.370500,-0.003700,0.000100,0.089200,0.001900,0.000900,0.190000,0.001400,0.001600,0.136100,0.001300,0.000000,0.198000,0.000000,-0.000100,0.050000,0.000000,0.000300,0.050000,0.000100,0.030600,0.139100,-0.001100,0.180700,0.000000,-0.000500,0.269400,-0.000300,-0.000100,0.261000,-0.001500,0.001700,-0.029700,0.139300,0.001600,-0.179900,-0.000200,-0.000800,-0.269800,0.001800,0.000400,-0.260800,0.001700,0.000300,-0.103700,0.250700,-0.077300,-0.959400,-0.094200,0.015400,-0.006300,0.995400,0.131500,-0.091900,-0.037400,0.986300,0.146400,-0.035400,-0.017100,-0.988400,-0.276300,0.100000,0.010800,0.955800,0.359200,0.187200,0.018800,0.914100,0.000900,-0.028100,-0.097600,-0.994800,-0.039300,0.001400,-0.020500,-0.999000,-0.038500,0.002000,-0.034100,-0.998700,-0.027700,0.008800,-0.044300,-0.998600,-0.086300,-0.000800,-0.008900,0.996200,-0.100600,-0.000900,-0.009200,0.994900,-0.069400,0.282900,-0.026900,0.956300,0.016300,0.023700,0.124100,-0.991800,-0.005700,0.421900,0.412100,-0.807500,0.226800,-0.435000,-0.069700,0.868600,-0.068600,-0.251800,0.320200,-0.910700,-0.054700,-0.009900,0.029000,0.998000,0.027900,0.001000,0.501800,0.864500,0.079100,0.703400,-0.010700,0.706300,-0.004700,-0.028900,-0.259600,-0.965300,-0.103700,0.250700,-0.077300,-0.959400,-0.013200,0.241400,-0.048900,-0.969100,-0.154000,0.320200,-0.042500,-0.933800,0.008500,-0.292300,0.016500,0.956100,0.176400,0.166100,-0.025400,-0.969900,-0.179200,-0.042100,-0.068000,-0.980600,0.179600,0.051900,0.168400,0.967800,0.136300,-0.250900,0.106500,0.952400,-0.164400,0.253000,-0.148300,-0.941800,0.180400,-0.264200,0.195400,0.927100,0.102200,-0.279100,0.163500,0.940700,0.009800,-0.294100,0.125800,0.947400,-0.084100,-0.021600,0.077100,0.993200,-0.201200,0.264800,-0.070200,-0.940500,0.306600,-0.527300,-0.414300,0.675500,0.276100,-0.824400,-0.420700,0.259000,-0.639100,0.626100,0.340000,-0.289800,0.123600,-0.288700,0.205600,0.926900,-0.012400,-0.305000,0.651000,0.695000,-0.408400,0.324700,0.467800,0.713400,0.320100,-0.442300,-0.623400,-0.559700
0.412961,0.135574,0.000000,0.963384,6.489533,6.258462,2.203168,0.741511,0.000000,6.132575,1.282286,0.585910,0.836363,0.279359,0.000000,0.449007,-4.667000,-7.373200,-0.589500,-4.565600,-7.374500,-0.534200,-4.517800,-7.783300,-0.546700,-4.448700,-8.142300,-0.643100,-4.760700,-7.381700,-0.655500,-4.774500,-7.762100,-0.516000,-4.750400,-8.115000,-0.613500,-4.685800,-7.288200,-0.573000,-4.735500,-7.110100,-0.530600,-4.781800,-6.987500,-0.494700,-4.867800,-6.816200,-0.444700,-4.884800,-6.769600,-0.438700,-4.895300,-6.720700,-0.440600,-4.817800,-6.858800,-0.443500,-4.661300,-6.857700,-0.353200,-4.636200,-7.105700,-0.251100,-4.837000,-7.268900,-0.220200,-4.866300,-6.875400,-0.474800,-5.004400,-6.928700,-0.576500,-4.980100,-7.165800,-0.704000,-5.065600,-7.299500,-0.497700,0.487000,0.821800,0.988500,0.114900,-0.012000,0.003700,0.000900,-0.411700,-0.000500,0.004300,-0.378100,-0.001900,-0.114000,-0.000800,-0.014100,-0.000200,-0.405400,0.001500,-0.001300,-0.366900,-0.004300,-0.000400,0.088500,0.002600,0.000600,0.189700,0.001900,0.001500,0.135900,0.001600,0.000000,0.198100,0.000100,-0.000200,0.050000,0.000000,0.000300,0.050000,0.000000,0.030400,0.139800,-0.000500,0.180700,0.000300,-0.000400,0.269400,-0.000400,-0.000200,0.260600,-0.001200,0.001000,-0.029600,0.138600,0.001100,-0.179600,-0.000300,-0.000800,-0.270400,0.001300,-0.000100,-0.260300,0.001400,-0.000200,-0.103700,0.236300,-0.075600,-0.963200,-0.079200,-0.000300,-0.005300,0.996800,0.113200,-0.104400,-0.038900,0.987300,0.113900,-0.043300,-0.045400,-0.991500,-0.277200,0.084900,-0.003000,0.957100,0.302400,0.179100,0.007900,0.936200,0.012200,0.004100,0.067500,0.997600,-0.039100,0.001900,-0.018500,-0.999100,-0.038400,0.002400,-0.030800,-0.998800,-0.027900,0.010900,-0.039800,-0.998800,-0.088100,-0.001100,-0.011900,0.996000,-0.102700,-0.001300,-0.012400,0.994600,-0.070700,0.266100,-0.028100,0.961000,0.008700,0.025800,0.124200,-0.991900,-0.017900,0.418100,0.437800,-0.795800,0.230600,-0.466200,-0.079200,0.850400,-0.066800,-0.242300,0.366500,-0.895800,-0.050000,-0.007900,0.031300,0.998200,-0.042800,0.042100,-0.522000,-0.850800,0.075600,0.690000,-0.000400,0.719800,0.043900,0.025500,0.320700,0.945800,-0.103700,0.236300,-0.075600,-0.963200,-0.028400,0.241300,-0.051500,-0.968700,-0.152400,0.332400,-0.037500,-0.930000,0.028500,-0.300600,0.048100,0.952100,0.173400,0.165000,-0.012800,-0.970800,-0.127600,-0.024700,-0.038500,-0.990800,-0.140900,-0.020500,-0.105500,-0.984200,0.137100,-0.236900,0.102400,0.956400,-0.166500,0.239200,-0.140400,-0.946200,0.184700,-0.251900,0.182800,0.932200,0.105100,-0.265800,0.148600,0.946700,0.010800,-0.279500,0.108600,0.953900,-0.078100,-0.022200,0.060700,0.994800,-0.211100,0.252600,-0.058600,-0.942400,0.320000,-0.501500,-0.449700,0.666300,0.255800,-0.815400,-0.468700,0.223400,-0.656500,0.613900,0.385300,-0.208900,0.131300,-0.273800,0.197600,0.932100,-0.017000,0.332200,-0.660900,-0.672700,0.392800,-0.275000,-0.512400,-0.712500,0.265100,-0.426700,-0.691000,-0.519800
0.290782,0.000000,0.000000,2.030151,4.372292,3.711984,1.767096,0.257082,0.000000,8.833020,1.428274,1.330776,0.786601,0.191967,0.000000,0.475089,-4.670200,-7.373700,-0.579600,-4.568200,-7.372500,-0.526200,-4.519400,-7.780500,-0.543800,-4.451100,-8.137200,-0.641700,-4.764500,-7.382300,-0.643500,-4.784000,-7.763000,-0.507300,-4.769000,-8.120100,-0.585600,-4.688700,-7.289100,-0.563100,-4.737500,-7.111200,-0.520100,-4.782800,-6.988600,-0.483400,-4.866800,-6.817000,-0.431300,-4.883200,-6.770200,-0.424900,-4.893000,-6.721200,-0.426400,-4.817100,-6.860000,-0.431100,-4.659600,-6.860600,-0.342900,-4.635900,-7.111900,-0.249000,-4.842500,-7.269000,-0.226400,-4.866100,-6.876200,-0.461900,-5.006000,-6.928300,-0.561400,-4.975200,-7.161600,-0.695000,-5.056800,-7.306400,-0.495100,0.483800,0.821300,0.998400,0.114700,-0.009500,0.002700,0.000800,-0.411300,-0.000600,0.004200,-0.376100,-0.002900,-0.113400,-0.000800,-0.013500,-0.000300,-0.404800,0.002100,-0.001100,-0.365900,-0.003600,-0.000600,0.088100,0.002500,0.000500,0.189400,0.001900,0.001500,0.135600,0.001700,0.000100,0.198100,0.000200,-0.000200,0.050000,0.000000,0.000300,0.050000,0.000000,0.030300,0.139800,-0.000400,0.180500,0.000200,-0.000500,0.269300,-0.000600,-0.000300,0.260500,-0.001300,0.001100,-0.029600,0.138400,0.001000,-0.179500,-0.000300,-0.000800,-0.270700,0.001200,-0.000400,-0.260000,0.001000,-0.000600,-0.103300,0.229700,-0.074600,-0.964900,0.072800,0.007200,0.005700,-0.997300,0.107700,-0.111000,-0.039500,0.987200,0.094200,-0.049500,-0.061900,-0.992400,-0.275500,0.080800,-0.012300,0.957800,0.272800,0.174700,0.006000,0.946100,-0.024400,0.005500,-0.052800,-0.998300,-0.039500,0.002100,-0.017700,-0.999100,-0.038700,0.002500,-0.029500,-0.998800,-0.028200,0.011500,-0.038100,-0.998800,-0.088800,-0.001200,-0.013100,0.996000,-0.103500,-0.001400,-0.013600,0.994500,-0.071200,0.258000,-0.028400,0.963100,0.004800,0.027800,0.124000,-0.991900,-0.017400,0.415300,0.448000,-0.791600,0.229600,-0.477800,-0.093100,0.842800,-0.061600,-0.243500,0.380900,-0.889900,-0.047100,-0.007000,0.031800,0.998400,-0.052800,0.053400,-0.531600,-0.843700,0.072200,0.683900,-0.005400,0.725900,0.064900,0.016900,0.338900,0.938400,-0.103300,0.229700,-0.074600,-0.964900,0.034700,-0.240900,0.051400,0.968600,0.153800,-0.338400,0.034600,0.927700,-0.042500,0.302700,-0.067500,-0.949800,0.170100,0.161300,-0.004600,-0.972100,-0.102500,-0.019500,-0.024500,-0.994200,0.127800,0.009100,0.075900,0.988900,0.137400,-0.230400,0.100400,0.958100,-0.167800,0.232700,-0.137100,-0.948100,0.187100,-0.245900,0.177600,0.934300,0.106800,-0.259300,0.142600,0.949200,0.011700,-0.272500,0.101900,0.956700,-0.075400,-0.022600,0.054600,0.995400,-0.216500,0.247500,-0.053900,-0.942900,0.321000,-0.489500,-0.465300,0.664000,0.246300,-0.806700,-0.495000,0.208700,-0.659800,0.603700,0.410300,-0.178400,0.136200,-0.266300,0.194200,0.934200,-0.033000,0.336700,-0.667300,-0.663600,0.382700,-0.257800,-0.527700,-0.713200,0.234400,-0.418000,-0.713700,-0.510900
0.277544,0.000000,0.000000,2.407347,4.762299,2.834875,1.617496,0.266226,0.000000,7.673519,2.274956,2.091139,1.043830,0.511924,0.000000,0.500046,-4.673000,-7.374700,-0.569100,-4.570800,-7.371200,-0.517000,-4.521800,-7.778600,-0.539900,-4.454500,-8.133000,-0.640300,-4.767900,-7.383100,-0.630600,-4.793200,-7.764200,-0.499100,-4.787200,-8.124300,-0.558900,-4.691100,-7.290400,-0.552800,-4.738900,-7.112700,-0.509400,-4.783200,-6.990300,-0.472100,-4.865300,-6.818400,-0.418000,-4.881200,-6.771500,-0.411100,-4.890500,-6.722400,-0.412300,-4.815900,-6.861900,-0.418900,-4.657500,-6.864000,-0.332500,-4.634900,-7.117800,-0.245200,-4.846800,-7.268400,-0.229700,-4.865400,-6.877500,-0.449000,-5.007300,-6.928400,-0.546300,-4.971100,-7.158100,-0.684900,-5.048000,-7.311800,-0.490000,0.481000,0.820300,1.008900,0.114500,-0.007200,0.002100,0.000800,-0.411000,-0.000600,0.003900,-0.374400,-0.003400,-0.112700,-0.000600,-0.012400,-0.000300,-0.403900,0.002500,-0.000700,-0.365100,-0.002900,-0.000800,0.087700,0.002300,0.000400,0.189100,0.001700,0.001300,0.135300,0.001700,0.000100,0.198100,0.000200,-0.000200,0.050000,0.000000,0.000300,0.050000,0.000000,0.030200,0.139600,-0.000400,0.180500,0.000000,-0.000500,0.269400,-0.000700,-0.000400,0.260400,-0.001300,0.000900,-0.029700,0.138400,0.000900,-0.179500,-0.000300,-0.000700,-0.270700,0.001100,-0.000500,-0.259800,0.001000,-0.000700,-0.103100,0.224500,-0.073200,-0.966200,0.066700,0.012500,0.007000,-0.997700,0.104400,-0.116900,-0.039300,0.986900,0.073300,-0.056300,-0.079600,-0.992500,-0.272300,0.079500,-0.022400,0.958700,0.242100,0.171100,0.005600,0.955000,-0.040000,0.011400,-0.037000,-0.998400,-0.040000,0.002000,-0.016900,-0.999100,-0.039300,0.002400,-0.028200,-0.998800,-0.028600,0.011100,-0.036400,-0.998900,-0.089200,-0.001300,-0.014100,0.995900,-0.104100,-0.001500,-0.014600,0.994500,-0.071600,0.250200,-0.028600,0.965100,0.000800,0.030500,0.122800,-0.992000,-0.016000,0.413200,0.455900,-0.788200,0.226700,-0.489200,-0.107000,0.835400,-0.057200,-0.243900,0.390300,-0.886000,-0.043500,-0.006300,0.032200,0.998500,-0.065300,0.058900,-0.541200,-0.836300,0.068100,0.678700,-0.014100,0.731100,0.091500,0.008400,0.344300,0.934400,-0.103100,0.224500,-0.073200,-0.966200,0.040900,-0.240200,0.050100,0.968600,0.156800,-0.343400,0.031700,0.925500,-0.058600,0.303600,-0.088800,-0.946800,0.165100,0.156000,0.004400,-0.973900,-0.078000,-0.017500,-0.010700,-0.996700,0.118600,0.003700,0.046000,0.991900,0.138000,-0.225000,0.098300,0.959500,-0.169400,0.227100,-0.133700,-0.949700,0.189600,-0.239800,0.172700,0.936300,0.108800,-0.252700,0.137100,0.951600,0.013100,-0.265400,0.096000,0.959200,-0.072500,-0.022700,0.049500,0.995900,-0.222000,0.243300,-0.050400,-0.942900,0.321700,-0.479300,-0.478000,0.662000,0.236300,-0.798200,-0.518800,0.194400,-0.658500,0.597300,0.432200,-0.150900,0.142000,-0.258900,0.191000,0.936100,-0.051000,0.336000,-0.674900,-0.655000,0.371500,-0.245600,-0.541700,-0.712900,0.201800,-0.412900,-0.726000,-0.511600
0.332157,0.000000,0.000000,2.496224,5.062098,2.043336,1.597999,0.399311,0.000000,6.298712,2.613651,2.460524,1.253010,0.659531,0.000000,0.499354,-4.677100,-7.378600,-0.549100,-4.575200,-7.372200,-0.498200,-4.529500,-7.778900,-0.529200,-4.461300,-8.128100,-0.637900,-4.772700,-7.384800,-0.606000,-4.808300,-7.765600,-0.485300,-4.818000,-8.126800,-0.516600,-4.694300,-7.295000,-0.533500,-4.739800,-7.117500,-0.489800,-4.782300,-6.995500,-0.452000,-4.861200,-6.822900,-0.395400,-4.876400,-6.775900,-0.387900,-4.885000,-6.726600,-0.388500,-4.812600,-6.867100,-0.398100,-4.652800,-6.871700,-0.314900,-4.631500,-7.127600,-0.233600,-4.853100,-7.264200,-0.225900,-4.862900,-6.881800,-0.426800,-5.008000,-6.930900,-0.520400,-4.966500,-7.155000,-0.666200,-5.032100,-7.319900,-0.476600,0.476900,0.816400,1.028900,0.114100,-0.003100,0.002200,0.000700,-0.410400,-0.000600,0.003600,-0.372000,-0.003700,-0.110900,0.001100,-0.010200,-0.000700,-0.401100,0.003500,-0.000200,-0.362600,-0.001700,-0.001300,0.086700,0.001600,-0.000200,0.188400,0.001300,0.000700,0.134600,0.001300,0.000100,0.198000,0.000200,-0.000200,0.050000,0.000000,0.000200,0.050000,0.000000,0.029700,0.139300,-0.000700,0.180200,0.000100,-0.000500,0.269300,-0.000900,-0.000500,0.260400,-0.001100,0.000800,-0.029900,0.138400,0.000800,-0.179600,-0.000100,-0.000500,-0.270600,0.000900,-0.000500,-0.259700,0.000700,-0.000500,-0.102700,0.216700,-0.067900,-0.968400,0.058100,0.017100,0.009500,-0.998100,0.109200,-0.128500,-0.036200,0.985000,0.046900,-0.067200,-0.107600,-0.990800,-0.263200,0.080700,-0.038500,0.960600,0.191300,0.171100,0.007000,0.966500,-0.069900,0.016500,-0.013200,-0.997300,-0.040700,0.001700,-0.016400,-0.999000,-0.039900,0.002100,-0.027300,-0.998800,-0.029000,0.009700,-0.035300,-0.998900,-0.089000,-0.001400,-0.015600,0.995900,-0.103800,-0.001700,-0.016200,0.994500,-0.071400,0.238700,-0.028700,0.968000,0.009200,-0.034000,-0.122900,0.991800,-0.015500,0.417000,0.455600,-0.786300,0.219700,-0.514000,-0.120100,0.820500,-0.049300,-0.237100,0.398400,-0.884700,-0.035300,-0.004700,0.031600,0.998900,0.091800,-0.057600,0.554300,0.825200,0.059300,0.672300,-0.030000,0.737300,0.131100,0.002500,0.332600,0.933900,-0.102700,0.216700,-0.067900,-0.968400,0.049500,-0.235800,0.044300,0.969500,0.168900,-0.350200,0.027900,0.920900,-0.084600,0.304600,-0.121600,-0.940900,0.153300,0.143900,0.020800,-0.977400,-0.041300,-0.025200,0.011900,-0.998800,0.111200,0.007300,-0.001200,0.993800,0.138600,-0.217000,0.092400,0.961800,-0.171200,0.218900,-0.126900,-0.952200,0.192100,-0.230300,0.165000,0.939600,0.111500,-0.242300,0.128900,0.955100,0.015800,-0.254200,0.087400,0.963100,-0.067100,-0.022000,0.042500,0.996600,0.233000,-0.235200,0.043800,0.942600,-0.323300,0.471200,0.488500,-0.659400,-0.215600,0.794000,0.542700,-0.169100,0.644100,-0.603200,-0.457200,0.111100,0.152200,-0.246300,0.185600,0.939000,0.085900,-0.324700,0.687500,0.643900,-0.350900,0.236900,0.564600,0.708500,-0.157400,0.413700,0.731000,0.519300
0.460653,0.036546,0.054745,2.316540,4.738376,1.041809,1.704641,0.608385,0.000000,5.386231,2.099605,2.277371,1.333820,0.484103,0.000000,0.462842,-4.679500,-7.382600,-0.537000,-4.578100,-7.375000,-0.486600,-4.536200,-7.781700,-0.519500,-4.465400,-8.126200,-0.636400,-4.774900,-7.386200,-0.590700,-4.816700,-7.766100,-0.477500,-4.835200,-8.125700,-0.496700,-4.695800,-7.299300,-0.521900,-4.739500,-7.122000,-0.478200,-4.780900,-7.000100,-0.440300,-4.857900,-6.827000,-0.382500,-4.872600,-6.779900,-0.374800,-4.880900,-6.730600,-0.375100,-4.809600,-6.871700,-0.386300,-4.649100,-6.877900,-0.304900,-4.628100,-7.134200,-0.224400,-4.855200,-7.261100,-0.218800,-4.860300,-6.885900,-0.414100,-5.007100,-6.933600,-0.505800,-4.965700,-7.155200,-0.655300,-5.024000,-7.324500,-0.467100,0.474500,0.812400,1.041000,0.113400,-0.000900,0.002400,0.000600,-0.410200,-0.000400,0.003300,-0.370500,-0.003700,-0.109100,0.003100,-0.008700,-0.000700,-0.398600,0.004300,0.000400,-0.360600,-0.000700,-0.001600,0.086100,0.001100,-0.000600,0.187900,0.000900,0.000200,0.134100,0.001000,0.000100,0.198000,0.000100,-0.000200,0.050000,0.000000,0.000200,0.050000,0.000000,0.029500,0.139100,-0.001000,0.180100,0.000000,-0.000600,0.269500,-0.001100,-0.000600,0.260300,-0.001200,0.000500,-0.029900,0.138300,0.000700,-0.179600,-0.000100,-0.000400,-0.270600,0.000700,-0.000500,-0.259800,0.000700,-0.000500,-0.102700,0.213300,-0.063500,-0.969500,0.056800,0.017300,0.010100,-0.998200,0.122200,-0.135900,-0.034500,0.982600,0.038500,-0.073500,-0.123300,-0.988900,-0.255800,0.086600,-0.048700,0.961600,0.165800,0.172400,0.009000,0.970900,-0.087100,0.020700,-0.004500,-0.996000,-0.041000,0.001400,-0.016300,-0.999000,-0.040200,0.001800,-0.027100,-0.998800,-0.029100,0.008300,-0.035100,-0.998900,-0.088500,-0.001400,-0.016100,0.995900,-0.103200,-0.001700,-0.016700,0.994500,-0.071100,0.232500,-0.028400,0.969600,0.012000,-0.035400,-0.123200,0.991700,-0.014400,0.417400,0.453300,-0.787500,0.219900,-0.531900,-0.123300,0.808400,-0.041400,-0.228900,0.399800,-0.886600,-0.031500,-0.004200,0.030800,0.999000,0.107600,-0.053400,0.558200,0.821000,0.055100,0.670100,-0.035800,0.739300,0.138500,0.006200,0.325000,0.935500,-0.102700,0.213300,-0.063500,-0.969500,0.050700,-0.232200,0.039700,0.970500,0.181800,-0.353400,0.026900,0.917200,-0.098900,0.305500,-0.139500,-0.936700,0.144400,0.132300,0.031900,-0.980100,-0.026600,-0.036500,0.025100,-0.998700,0.113100,0.013400,-0.024300,0.993200,0.139000,-0.213500,0.087800,0.963000,-0.171900,0.215200,-0.122100,-0.953500,0.193000,-0.225400,0.160300,0.941400,0.112700,-0.236900,0.124300,0.956900,0.017400,-0.248200,0.083000,0.965000,-0.063900,-0.021700,0.039500,0.996900,0.236100,-0.231100,0.038900,0.943000,-0.320500,0.468100,0.492000,-0.660400,-0.200300,0.798400,0.546700,-0.153700,0.628200,-0.615300,-0.467200,0.092200,0.156900,-0.240100,0.181300,0.940700,0.105600,-0.315400,0.691400,0.641400,-0.338600,0.238500,0.576300,0.704500,-0.145200,0.417400,0.732900,0.517200
0.207576,0.038983,0.051265,1.568239,3.421318,1.164637,2.110935,0.128624,0.000000,6.615877,1.575956,2.045981,1.114298,0.483958,0.000000,0.524041,-4.682200,-7.378900,-0.524700,-4.582100,-7.370400,-0.474700,-4.544300,-7.777100,-0.507500,-4.469800,-8.115500,-0.634400,-4.777600,-7.381100,-0.575000,-4.826400,-7.761900,-0.470500,-4.851400,-8.120400,-0.480100,-4.697300,-7.296200,-0.510100,-4.739100,-7.118900,-0.466300,-4.779000,-6.997200,-0.428400,-4.853700,-6.823600,-0.369300,-4.867900,-6.776400,-0.361200,-4.875900,-6.727000,-0.361200,-4.805800,-6.868900,-0.373900,-4.644600,-6.876700,-0.294100,-4.624000,-7.133200,-0.214100,-4.856800,-7.249700,-0.209600,-4.856900,-6.882400,-0.401100,-5.005500,-6.928200,-0.491200,-4.966300,-7.148300,-0.643600,-5.017400,-7.320800,-0.456200,0.471800,0.816100,1.053300,0.112100,0.001300,0.002800,0.000100,-0.409800,-0.000300,0.002600,-0.368900,-0.004200,-0.107600,0.004200,-0.006400,-0.001200,-0.397900,0.004800,0.000500,-0.359500,0.000800,-0.001700,0.085400,0.000400,-0.000800,0.187300,0.000400,-0.000200,0.133600,0.000500,0.000100,0.198000,0.000100,-0.000200,0.050000,0.000000,0.000100,0.050000,0.000000,0.029500,0.138800,-0.001100,0.180100,-0.000100,-0.000600,0.269500,-0.001000,-0.000500,0.260300,-0.001000,0.000500,-0.029900,0.138200,0.000500,-0.179700,0.000000,-0.000400,-0.270600,0.000500,-0.000500,-0.259800,0.000500,-0.000500,-0.102900,0.210900,-0.058700,-0.970300,0.058200,0.017100,0.009300,-0.998100,0.140100,-0.141100,-0.034000,0.979400,0.032600,-0.079200,-0.139100,-0.986600,-0.246600,0.097300,-0.060100,0.962300,0.142600,0.168600,0.013900,0.975200,0.111900,-0.021100,0.001300,0.993500,-0.041300,0.000900,-0.016000,-0.999000,-0.040500,0.001300,-0.026600,-0.998800,-0.029200,0.006000,-0.034600,-0.999000,-0.088000,-0.001400,-0.016000,0.996000,-0.102700,-0.001700,-0.016500,0.994600,-0.070900,0.225700,-0.027800,0.971200,0.011900,-0.037000,-0.122100,0.991800,-0.013400,0.415700,0.453100,-0.788500,0.221800,-0.549700,-0.125200,0.795600,-0.030500,-0.218900,0.399000,-0.889900,-0.028400,-0.004900,0.030200,0.999100,0.118900,-0.048100,0.560100,0.818400,0.053700,0.667900,-0.037400,0.741400,0.138300,0.013700,0.319800,0.937200,-0.102900,0.210900,-0.058700,-0.970300,0.049300,-0.229500,0.035600,0.971400,0.197200,-0.355200,0.027000,0.913300,-0.113300,0.306500,-0.157700,-0.931900,0.133300,0.116900,0.043700,-0.983200,-0.016000,-0.047400,0.034800,-0.998100,-0.126900,-0.022100,0.038900,-0.990900,0.139600,-0.210800,0.082800,0.964000,-0.173000,0.212200,-0.116700,-0.954700,0.194000,-0.220300,0.154800,0.943300,0.113900,-0.231200,0.119400,0.958800,0.018900,-0.242000,0.079000,0.966900,-0.061300,-0.021800,0.036900,0.997200,0.236300,-0.227800,0.033700,0.944000,-0.316200,0.464500,0.496400,-0.661800,-0.183700,0.803800,0.548500,-0.138900,0.608400,-0.628400,-0.478800,0.075100,0.161200,-0.235000,0.175900,0.942300,0.120800,-0.307000,0.692000,0.642200,-0.326600,0.242900,0.586100,0.700600,-0.139600,0.422800,0.735300,0.511000
0.112827,0.000000,0.035595,1.042571,2.806158,1.774855,2.026362,0.000000,0.000000,7.105651,1.141258,1.835044,0.853870,0.492802,0.000000,0.661079,-4.687700,-7.348300,-0.503600,-4.588500,-7.337400,-0.455100,-4.564000,-7.744800,-0.480700,-4.480300,-8.069500,-0.627800,-4.784500,-7.358400,-0.548800,-4.840700,-7.756300,-0.459500,-4.871000,-8.122600,-0.461900,-4.700700,-7.266500,-0.489900,-4.738400,-7.089500,-0.445800,-4.775000,-6.968000,-0.407700,-4.844600,-6.793200,-0.346200,-4.857800,-6.745800,-0.337500,-4.865300,-6.696300,-0.337000,-4.797700,-6.839700,-0.351600,-4.635200,-6.850800,-0.274900,-4.617000,-7.107300,-0.193900,-4.858500,-7.204800,-0.190600,-4.849600,-6.851800,-0.378600,-5.001200,-6.893300,-0.466100,-4.970000,-7.112800,-0.621100,-5.009600,-7.288700,-0.434100,0.466300,0.846700,1.074400,0.110800,0.005400,0.001300,0.000300,-0.408900,-0.001100,0.000500,-0.366100,-0.006400,-0.107300,-0.004400,0.000600,-0.000800,-0.411700,0.003300,0.002400,-0.367500,0.004200,-0.001700,0.084000,-0.000700,-0.000900,0.186200,-0.000500,-0.000300,0.132500,-0.000200,0.000200,0.198000,0.000000,-0.000200,0.050000,0.000000,0.000000,0.050000,0.000100,0.029800,0.138700,-0.000700,0.180100,0.000100,-0.000300,0.269600,-0.000800,-0.000500,0.260400,-0.000800,0.000300,-0.029900,0.138000,0.000000,-0.179900,0.000100,-0.000400,-0.270500,0.000300,-0.000500,-0.259800,0.000200,-0.000500,-0.103200,0.210300,-0.049700,-0.970900,0.072000,0.013200,0.011900,-0.997200,0.188300,-0.143200,-0.027800,0.971200,0.019800,-0.086100,-0.171700,-0.981200,-0.226300,0.124300,-0.072900,0.963400,0.114600,0.153300,0.019500,0.981300,-0.112300,0.012500,-0.073200,-0.990900,0.041800,0.000300,0.014900,0.999000,0.041000,-0.000100,0.024700,0.998900,0.029200,-0.000200,0.032500,0.999000,-0.086800,-0.001300,-0.014400,0.996100,-0.101300,-0.001500,-0.014900,0.994700,-0.070500,0.214000,-0.025600,0.973900,0.006600,-0.036500,-0.121400,0.991900,-0.013100,0.412300,0.452900,-0.790400,0.224200,-0.577000,-0.132700,0.774100,-0.005600,-0.195900,0.390400,-0.899600,-0.022600,-0.006700,0.028800,0.999300,0.125600,-0.038100,0.561000,0.817300,0.059500,0.662900,-0.030900,0.745700,0.127300,0.032100,0.314200,0.940200,-0.103200,0.210300,-0.049700,-0.970900,0.036100,-0.224900,0.021400,0.973500,0.227700,-0.352700,0.030900,0.907100,-0.142200,0.307700,-0.198700,-0.919600,0.111100,0.085600,0.057700,-0.988400,-0.011400,-0.063100,0.044600,-0.996900,0.127300,0.044200,0.021600,0.990600,-0.140600,0.209200,-0.072900,-0.965000,-0.174800,0.209600,-0.105200,-0.956300,-0.195800,0.212200,-0.142300,-0.946800,-0.116000,0.222100,-0.109400,-0.961900,-0.021500,0.231700,-0.071800,-0.969900,0.056900,0.022700,-0.033300,-0.997600,-0.231400,0.220300,-0.020500,-0.947400,0.303500,-0.459700,-0.505400,0.664200,0.153200,-0.812100,-0.551400,0.113700,-0.563500,0.651500,0.505900,-0.045300,-0.169100,0.227200,-0.163400,-0.945000,-0.135700,0.296100,-0.685800,-0.650800,0.305500,-0.255700,-0.598900,-0.694700,0.137800,-0.435000,-0.739000,-0.495700
0.196646,0.000000,0.013536,0.796033,3.032005,2.787189,1.420478,0.000000,0.000000,6.675581,0.835883,1.648531,0.570640,0.505680,0.000000,0.869179,-4.690500,-7.358300,-0.491300,-4.592500,-7.346600,-0.443000,-4.578600,-7.754300,-0.462800,-4.489100,-8.071600,-0.621500,-4.787600,-7.367100,-0.533900,-4.845200,-7.766300,-0.453300,-4.876000,-8.131700,-0.458900,-4.702300,-7.276900,-0.478100,-4.737900,-7.100000,-0.434000,-4.772400,-6.978700,-0.395600,-4.839100,-6.803200,-0.332700,-4.851700,-6.755600,-0.323700,-4.858900,-6.706200,-0.322900,-4.792800,-6.850500,-0.338700,-4.629500,-6.863700,-0.264000,-4.612800,-7.119700,-0.181400,-4.858600,-7.206400,-0.179000,-4.845200,-6.861600,-0.365600,-4.998500,-6.900300,-0.451600,-4.972900,-7.120100,-0.607200,-5.006800,-7.297100,-0.420100,0.463500,0.836700,1.086700,0.109600,0.007300,0.000700,0.000100,-0.408400,-0.001100,-0.000700,-0.365800,-0.007500,-0.106300,-0.003600,0.003500,0.000300,-0.411300,0.002100,0.006300,-0.366600,0.005200,-0.001600,0.083300,-0.001300,-0.000700,0.185700,-0.000900,-0.000100,0.131900,-0.000600,0.000300,0.198000,0.000000,-0.000100,0.050000,0.000000,0.000000,0.050000,0.000100,0.029900,0.138500,-0.000600,0.180000,0.000100,-0.000200,0.269500,-0.000800,-0.000400,0.260600,-0.000500,0.000500,-0.030000,0.137900,-0.000300,-0.180000,0.000200,-0.000300,-0.270500,0.000200,-0.000500,-0.259700,-0.000100,-0.000500,-0.103100,0.213200,-0.044800,-0.970500,0.082700,0.010500,0.015700,-0.996400,0.219400,-0.141200,-0.022700,0.965100,0.009900,-0.092400,-0.197900,-0.975800,-0.216500,0.141600,-0.077500,0.962800,0.109100,0.149200,0.019700,0.982600,-0.071000,0.016900,-0.079200,-0.994200,0.042300,0.001200,0.013900,0.999000,0.041500,0.000900,0.023200,0.998900,0.029300,0.004300,0.030800,0.999100,-0.086200,-0.001200,-0.013300,0.996200,-0.100600,-0.001400,-0.013800,0.994800,-0.070400,0.208900,-0.024400,0.975100,-0.001600,0.034400,0.121200,-0.992000,-0.015600,0.411500,0.450600,-0.792100,0.221400,-0.591600,-0.138300,0.762800,0.007400,-0.179500,0.380200,-0.907300,-0.018900,-0.006800,0.027600,0.999400,0.124400,-0.032300,0.560800,0.817900,0.065300,0.660400,-0.024500,0.747700,0.117400,0.042700,0.309500,0.942700,-0.103100,0.213200,-0.044800,-0.970500,0.026200,-0.224700,0.010700,0.974000,0.245600,-0.351400,0.033800,0.902800,-0.158000,0.308400,-0.230800,-0.909200,0.100700,0.069500,0.063600,-0.990400,-0.017200,-0.074500,0.050400,-0.995800,0.092800,0.052300,0.023200,0.994000,-0.141000,0.211300,-0.067400,-0.964800,-0.176000,0.210700,-0.098600,-0.956500,-0.196900,0.208900,-0.134900,-0.948400,-0.117300,0.218200,-0.103500,-0.963300,-0.023000,0.227200,-0.067600,-0.971200,0.054500,0.022800,-0.031000,-0.997800,0.226800,-0.215700,0.012400,0.949700,-0.296800,0.459300,0.508100,-0.665500,-0.136700,0.815500,0.553400,-0.100000,0.532700,-0.665900,-0.521700,0.027700,-0.174100,0.223200,-0.155700,-0.946400,-0.140000,0.291300,-0.680200,-0.657900,0.294400,-0.264500,-0.603900,-0.691800,0.140300,-0.440900,-0.739800,-0.488500
0.228768,0.000000,0.070242,1.240351,5.418143,2.584660,0.672572,0.296651,0.000000,4.529948,1.616583,1.495799,0.418314,0.612671,0.123313,1.033292,-4.692300,-7.365300,-0.481900,-4.594900,-7.353200,-0.433700,-4.591000,-7.761100,-0.448400,-4.497300,-8.072900,-0.615800,-4.789400,-7.372900,-0.522300,-4.850300,-7.772700,-0.447900,-4.879100,-8.137700,-0.458400,-4.703500,-7.284200,-0.469100,-4.737400,-7.107500,-0.425000,-4.770600,-6.986200,-0.386400,-4.835000,-6.810300,-0.322400,-4.847200,-6.762700,-0.313200,-4.854000,-6.713100,-0.312300,-4.789300,-6.858200,-0.328800,-4.625400,-6.873000,-0.255800,-4.609100,-7.128500,-0.171500,-4.857600,-7.207000,-0.169800,-4.841900,-6.868500,-0.355600,-4.996400,-6.905200,-0.440700,-4.975300,-7.125200,-0.596500,-5.005100,-7.302700,-0.409100,0.461700,0.829700,1.096100,0.109000,0.008500,0.000100,-0.000100,-0.408200,-0.001000,-0.001300,-0.365900,-0.007900,-0.105300,-0.002700,0.005700,0.000600,-0.411200,0.002000,0.007100,-0.366200,0.006100,-0.001700,0.082800,-0.001700,-0.000700,0.185300,-0.001200,-0.000100,0.131500,-0.000800,0.000300,0.198000,0.000000,-0.000100,0.050000,0.000000,-0.000100,0.050000,0.000100,0.029900,0.138400,-0.000400,0.180000,0.000100,-0.000100,0.269600,-0.000700,-0.000300,0.260600,-0.000400,0.000500,-0.030000,0.137800,-0.000500,-0.180100,0.000200,-0.000300,-0.270500,0.000200,-0.000400,-0.259800,-0.000100,-0.000400,-0.102700,0.216000,-0.040900,-0.970100,0.092000,0.006600,0.020200,-0.995500,0.244700,-0.142100,-0.018300,0.959000,0.001100,-0.100400,-0.222800,-0.969700,-0.209800,0.149900,-0.081100,0.962800,0.109400,0.142500,0.026200,0.983400,-0.039300,0.017300,-0.071700,-0.996500,0.042900,0.002000,0.013200,0.999000,0.042000,0.001600,0.021900,0.998900,0.029600,0.007900,0.029300,0.999100,-0.086100,-0.001100,-0.012400,0.996200,-0.100400,-0.001300,-0.012800,0.994900,-0.070500,0.205700,-0.023500,0.975800,0.003300,0.031900,0.121000,-0.992100,-0.019500,0.410900,0.447800,-0.793900,0.217900,-0.603600,-0.141800,0.753800,0.016800,-0.165000,0.370500,-0.913900,-0.015600,-0.006700,0.026700,0.999500,0.122700,-0.027000,0.560400,0.818700,0.069700,0.658900,-0.019600,0.748700,0.108800,0.050100,0.304000,0.945100,-0.102700,0.216000,-0.040900,-0.970100,0.017500,-0.223200,0.000600,0.974600,0.259500,-0.352000,0.034900,0.898600,-0.168600,0.309000,-0.259700,-0.899300,0.093300,0.062800,0.069200,-0.991200,-0.025000,-0.074400,0.048500,-0.995700,0.068500,0.053200,0.019800,0.996000,-0.141200,0.213500,-0.063100,-0.964600,-0.176800,0.212100,-0.093400,-0.956600,-0.198000,0.206800,-0.129100,-0.949400,-0.118200,0.215700,-0.098800,-0.964200,-0.023700,0.224200,-0.064100,-0.972100,0.053300,0.022800,-0.028700,-0.997900,0.222400,-0.211900,0.006100,0.951600,-0.292600,0.459500,0.508500,-0.666900,-0.124100,0.818200,0.554300,-0.089500,0.506500,-0.677600,-0.533000,0.013600,-0.178400,0.220400,-0.149800,-0.947200,-0.142900,0.287600,-0.675700,-0.663600,0.286300,-0.271800,-0.607100,-0.689600,0.143300,-0.444600,-0.739500,-0.484800
0.267187,0.000000,0.130348,1.517926,6.905629,2.271237,0.454069,0.770358,0.000000,3.788128,1.837838,1.588796,0.376728,0.738142,0.261863,1.073053,-4.696200,-7.413500,-0.468800,-4.598000,-7.389100,-0.420800,-4.612800,-7.780900,-0.424800,-4.513800,-8.070600,-0.606600,-4.796000,-7.415700,-0.509800,-4.854300,-7.814800,-0.434600,-4.879100,-8.177100,-0.456400,-4.705900,-7.333700,-0.456100,-4.737200,-7.157700,-0.411500,-4.768100,-7.037200,-0.372000,-4.828900,-6.860700,-0.306100,-4.840200,-6.813000,-0.296500,-4.846400,-6.763400,-0.295600,-4.784000,-6.910200,-0.313700,-4.619300,-6.926600,-0.243200,-4.602500,-7.181200,-0.155200,-4.854800,-7.246600,-0.153900,-4.837000,-6.918900,-0.339900,-4.993200,-6.952200,-0.423400,-4.979700,-7.172700,-0.579600,-5.003300,-7.350100,-0.391200,0.457800,0.781500,1.109200,0.109800,0.021600,-0.004300,-0.000700,-0.392100,-0.000800,-0.003800,-0.355700,-0.015400,-0.107700,0.001700,0.006400,-0.000200,-0.410400,0.001500,0.005700,-0.363700,0.004500,-0.001400,0.081400,-0.001600,-0.000500,0.184300,-0.001100,0.000100,0.130500,-0.000500,0.000400,0.198000,0.000000,-0.000100,0.050000,0.000000,-0.000100,0.050000,0.000000,0.029700,0.137500,-0.000400,0.179900,-0.000500,-0.000200,0.269900,-0.000800,-0.000300,0.260600,-0.000400,0.000100,-0.030100,0.137500,-0.000500,-0.180200,0.000100,-0.000200,-0.270500,0.000200,-0.000400,-0.259800,-0.000100,-0.000400,-0.101800,0.221100,-0.034600,-0.969300,-0.111200,0.006000,-0.030300,0.993300,0.289500,-0.151300,-0.011500,0.945100,-0.018300,-0.121500,-0.272900,-0.954200,-0.209600,0.153900,-0.070000,0.963100,0.125900,0.121300,0.027200,0.984200,-0.003700,-0.001600,0.051900,0.998600,0.044000,0.003300,0.011900,0.999000,0.043100,0.003000,0.019700,0.998900,0.030100,0.014200,0.026800,0.999100,-0.087100,-0.001000,-0.011000,0.996100,-0.101500,-0.001200,-0.011400,0.994800,-0.071700,0.200400,-0.022400,0.976800,0.009400,0.028700,0.116700,-0.992700,-0.023100,0.411400,0.441700,-0.797000,0.210700,-0.624700,-0.144600,0.737900,0.033000,-0.135100,0.351500,-0.925800,-0.008000,-0.007400,0.026000,0.999600,0.119800,-0.015100,0.558900,0.820400,0.074500,0.658100,-0.013100,0.749100,0.096600,0.059600,0.289900,0.950300,-0.101800,0.221100,-0.034600,-0.969300,0.000200,0.214600,0.019000,-0.976500,-0.282100,0.356100,-0.033000,-0.890200,0.184200,-0.308000,0.315200,0.878500,0.095000,0.063900,0.065100,-0.991300,-0.037500,-0.051700,0.040600,-0.997100,-0.036300,-0.048200,-0.011300,-0.998100,-0.141600,0.217400,-0.056200,-0.964100,-0.178600,0.214600,-0.084900,-0.956500,-0.200300,0.203100,-0.119500,-0.951000,-0.119100,0.211400,-0.090700,-0.965900,-0.022900,0.219300,-0.057600,-0.973700,0.054100,0.022700,-0.023300,-0.998000,0.217000,-0.206700,0.000000,0.954000,-0.286300,0.461300,0.505900,-0.670300,-0.103100,0.824300,0.551800,-0.073000,0.457400,-0.698800,-0.549800,-0.011500,-0.188200,0.216200,-0.141100,-0.947600,-0.149100,0.280000,-0.668400,-0.672700,0.274400,-0.284700,-0.610900,-0.685900,0.148300,-0.450100,-0.735500,-0.484200
0.286390,0.000000,0.169361,1.573621,7.449643,1.920947,0.769498,1.221860,0.000000,3.985728,1.659922,1.880709,0.432806,0.864618,0.349872,1.019196,-4.699600,-7.435200,-0.453100,-4.600600,-7.405300,-0.407200,-4.641000,-7.786600,-0.391100,-4.541300,-8.062200,-0.588000,-4.799700,-7.431600,-0.492900,-4.857100,-7.828500,-0.409300,-4.882700,-8.188100,-0.448100,-4.708600,-7.357000,-0.438900,-4.737700,-7.182200,-0.392100,-4.766000,-7.062800,-0.351400,-4.822600,-6.885700,-0.283200,-4.832900,-6.837700,-0.273500,-4.838000,-6.788000,-0.273100,-4.778900,-6.936600,-0.291700,-4.612500,-6.955300,-0.226300,-4.594000,-7.207500,-0.131600,-4.849800,-7.257900,-0.127800,-4.832400,-6.943500,-0.317700,-4.990400,-6.974800,-0.398800,-4.984500,-7.196600,-0.553500,-5.003100,-7.373200,-0.363700,0.454400,0.759800,1.124900,0.109300,0.027600,-0.008800,-0.002200,-0.383800,0.000800,-0.006500,-0.352500,-0.019600,-0.107300,0.006400,0.007400,-0.000200,-0.409600,0.001200,0.003600,-0.362500,0.002300,-0.001000,0.080000,-0.001000,0.000000,0.183300,-0.000700,0.000600,0.129300,-0.000300,0.000400,0.198000,0.000200,0.000000,0.050000,0.000000,-0.000100,0.050000,-0.000100,0.029600,0.137000,0.000300,0.179800,-0.000300,0.000200,0.270000,-0.000900,-0.000200,0.260700,-0.000200,-0.000100,-0.030200,0.137300,-0.000700,-0.180400,0.000000,-0.000100,-0.270400,0.000200,-0.000300,-0.259900,-0.000200,-0.000300,-0.107200,0.225000,-0.030000,-0.968000,-0.150500,0.022500,-0.044100,0.987400,0.344000,-0.161900,-0.007200,0.924900,-0.044000,-0.141300,-0.329600,-0.932500,-0.224700,0.156800,-0.060600,0.959800,0.159100,0.070700,0.019700,0.984500,0.045300,-0.051700,-0.043400,-0.996700,0.042400,0.004700,0.010300,0.999000,0.041600,0.004400,0.017000,0.999000,0.028900,0.020800,0.023700,0.999100,-0.090300,-0.000900,-0.009800,0.995900,-0.105300,-0.001100,-0.010200,0.994400,-0.074800,0.194600,-0.021800,0.977800,0.014200,0.018900,0.117400,-0.992800,-0.034100,0.420900,0.422900,-0.801700,0.196500,-0.649700,-0.138900,0.721100,-0.055900,0.080500,-0.324400,0.940800,-0.000300,0.005400,-0.029100,-0.999600,0.121200,0.003000,0.556700,0.821800,0.070100,0.656200,-0.016600,0.751100,0.090500,0.070400,0.273800,0.954900,-0.107200,0.225000,-0.030000,-0.968000,0.030600,0.200100,0.044500,-0.978300,-0.302500,0.358900,-0.025600,-0.882600,0.198900,-0.308500,0.373300,0.852000,0.105800,0.064300,0.063600,-0.990300,-0.056700,0.001400,0.040300,-0.997600,0.013300,0.049500,0.006000,0.998700,-0.145700,0.220000,-0.050000,-0.963300,-0.181600,0.215900,-0.076200,-0.956300,-0.202400,0.197900,-0.108800,-0.952900,-0.117600,0.205800,-0.080900,-0.968100,-0.017100,0.213000,-0.048800,-0.975700,0.061000,0.021600,-0.013800,-0.997800,0.212700,-0.192300,-0.010500,0.957900,-0.280100,0.467800,0.496600,-0.675400,-0.077100,0.834700,0.542000,-0.059000,-0.383600,0.725300,0.569500,0.048800,0.197500,-0.208800,0.135400,0.948200,0.160600,-0.262300,0.665000,0.680600,-0.263700,0.298800,0.612000,0.683100,-0.151200,0.461100,0.725800,0.487600
0.115830,0.000000,0.021208,0.858337,5.831217,1.933038,2.185492,0.991243,0.131973,3.344916,1.621937,2.297623,0.608341,0.889875,0.371579,0.962800,-4.699900,-7.437700,-0.447600,-4.601200,-7.407700,-0.403200,-4.651300,-7.785400,-0.375700,-4.553300,-8.058400,-0.576400,-4.798800,-7.430900,-0.486100,-4.857700,-7.826200,-0.398600,-4.884500,-8.182600,-0.445100,-4.708900,-7.360100,-0.432700,-4.737800,-7.186200,-0.384600,-4.765500,-7.067500,-0.343100,-4.821100,-6.890600,-0.273500,-4.831100,-6.842700,-0.263700,-4.835700,-6.792900,-0.263300,-4.777600,-6.941900,-0.282500,-4.610400,-6.961900,-0.219400,-4.590900,-7.213300,-0.122500,-4.847500,-7.259300,-0.116300,-4.831400,-6.948400,-0.308300,-4.990100,-6.979000,-0.388200,-4.985700,-7.202200,-0.541000,-5.003700,-7.378800,-0.351100,0.454100,0.757300,1.130400,0.108400,0.027600,-0.010200,-0.002800,-0.382000,0.002100,-0.007300,-0.352100,-0.019500,-0.105700,0.009500,0.007100,-0.000100,-0.409100,0.001100,0.002600,-0.360400,0.001100,-0.001000,0.079500,-0.000700,0.000100,0.182800,-0.000400,0.000800,0.128700,-0.000100,0.000400,0.198000,0.000300,0.000000,0.050000,0.000000,0.000000,0.050000,-0.000200,0.029700,0.136800,0.000500,0.179800,-0.000400,0.000200,0.270200,-0.000800,-0.000200,0.260700,0.000000,-0.000200,-0.030300,0.137200,-0.000600,-0.180400,0.000000,-0.000100,-0.270500,0.000200,-0.000300,-0.259900,-0.000100,-0.000300,-0.110300,0.224500,-0.029600,-0.967800,-0.170500,0.025400,-0.048500,0.983800,0.365000,-0.161400,-0.007600,0.916900,0.058400,0.146800,0.341200,0.926600,-0.233200,0.154800,-0.060200,0.958100,0.173600,0.072700,0.020000,0.981900,0.056700,-0.054700,-0.044900,-0.995900,0.042000,0.005000,0.009800,0.999100,0.041200,0.004800,0.016100,0.999000,0.028600,0.022400,0.022600,0.999100,-0.092300,-0.000900,-0.010100,0.995700,-0.107700,-0.001100,-0.010500,0.994100,-0.076500,0.192100,-0.022200,0.978100,0.014700,0.016400,0.119500,-0.992600,-0.035800,0.424900,0.414200,-0.804100,0.191300,-0.657100,-0.135300,0.716500,-0.065300,0.052600,-0.312700,0.946100,-0.002300,0.004300,-0.029000,-0.999600,0.120900,0.012200,0.558900,0.820300,0.067000,0.652800,-0.022600,0.754300,0.089300,0.075000,0.270900,0.955500,-0.110300,0.224500,-0.029600,-0.967800,0.046400,0.196000,0.053300,-0.978100,-0.307400,0.357300,-0.022700,-0.881700,-0.211100,0.305200,-0.387900,-0.843700,0.111100,0.065500,0.065200,-0.989500,-0.066100,0.001600,0.040900,-0.997000,0.011500,0.052400,0.007500,0.998500,-0.148500,0.219200,-0.049000,-0.963100,-0.184300,0.214800,-0.074200,-0.956200,-0.205000,0.195300,-0.106000,-0.953200,-0.118200,0.203000,-0.077700,-0.968900,-0.015400,0.210000,-0.045100,-0.976500,0.063700,0.021000,-0.009400,-0.997700,0.214500,-0.186500,-0.014900,0.958600,-0.277700,0.469000,0.493500,-0.677800,-0.067900,0.838200,0.538000,-0.057500,-0.350800,0.733700,0.578300,0.065300,0.201800,-0.204900,0.133200,0.948400,0.164100,-0.253200,0.666600,0.681600,-0.260100,0.302300,0.611500,0.683400,-0.151500,0.465200,0.722900,0.487900
0.078857,0.000000,0.000000,0.776526,5.586556,1.961137,2.170147,1.117072,0.233922,3.161919,1.996860,2.083425,0.685175,0.693424,0.324048,1.033569,-4.699200,-7.436900,-0.440500,-4.601300,-7.408900,-0.398400,-4.662300,-7.782800,-0.355600,-4.568800,-8.055200,-0.558700,-4.794000,-7.423400,-0.476700,-4.857500,-7.816100,-0.386300,-4.886000,-8.162300,-0.442700,-4.708600,-7.360400,-0.425000,-4.736900,-7.187600,-0.375400,-4.764200,-7.070200,-0.332600,-4.818500,-6.894000,-0.260500,-4.828000,-6.846000,-0.250200,-4.832100,-6.796200,-0.249700,-4.775000,-6.945900,-0.271000,-4.607200,-6.967300,-0.209800,-4.587000,-7.218000,-0.110700,-4.844000,-7.261200,-0.100000,-4.829400,-6.951500,-0.295800,-4.989300,-6.981600,-0.373700,-4.985700,-7.207200,-0.523000,-5.004300,-7.384700,-0.333900,0.454800,0.758100,1.137500,0.106500,0.025900,-0.010700,-0.003800,-0.381200,0.003800,-0.008700,-0.351800,-0.017700,-0.101000,0.015300,0.005100,0.000700,-0.407900,0.001400,0.003100,-0.351900,-0.000600,-0.001500,0.078600,0.000100,-0.000200,0.182000,0.000300,0.000500,0.127900,0.000400,0.000400,0.198000,0.000400,0.000000,0.049900,0.000000,0.000000,0.050000,-0.000300,0.029600,0.136000,0.000400,0.179900,-0.000900,-0.000100,0.270200,-0.000600,0.000000,0.260900,0.000400,-0.000100,-0.030400,0.137000,-0.000400,-0.180400,0.000000,0.000000,-0.270500,0.000400,-0.000200,-0.260000,0.000000,-0.000300,-0.112000,0.220600,-0.027100,-0.968500,-0.193200,0.023400,-0.050200,0.979600,0.387800,-0.155000,-0.008800,0.908600,0.073300,0.155700,0.340800,0.924200,-0.240000,0.146300,-0.062700,0.957600,0.189600,0.104900,0.026000,0.975900,0.069100,-0.030400,-0.048200,-0.996000,0.043100,0.005000,0.009400,0.999000,0.042200,0.004700,0.015500,0.999000,0.029400,0.022200,0.021800,0.999100,-0.094500,-0.001000,-0.010700,0.995500,-0.110200,-0.001200,-0.011100,0.993800,-0.078300,0.188500,-0.022700,0.978700,0.016100,0.016900,0.118600,-0.992700,-0.031400,0.426300,0.408200,-0.806600,0.187900,-0.659800,-0.132800,0.715300,-0.075000,0.010100,-0.296500,0.952000,-0.004600,0.001300,-0.030300,-0.999500,0.113800,0.023200,0.563500,0.817900,0.064500,0.644700,-0.030100,0.761100,0.087100,0.079300,0.270800,0.955400,-0.112000,0.220600,-0.027100,-0.968500,0.067000,0.193000,0.062100,-0.976900,-0.310000,0.351500,-0.020200,-0.883200,-0.228300,0.291500,-0.393700,-0.841400,0.115300,0.069000,0.071300,-0.988400,-0.080500,-0.025800,0.043000,-0.995500,0.014000,0.055000,0.009400,0.998300,-0.151400,0.215500,-0.046200,-0.963600,-0.188300,0.211100,-0.070900,-0.956500,-0.210100,0.191700,-0.102100,-0.953200,-0.121200,0.199200,-0.073100,-0.969700,-0.015900,0.205900,-0.039800,-0.977600,0.063800,0.020000,-0.003600,-0.997800,0.217700,-0.183100,-0.018400,0.958500,-0.272600,0.468100,0.493100,-0.680800,-0.059700,0.840500,0.535100,-0.061400,-0.306800,0.741700,0.590000,0.087300,0.208800,-0.198700,0.131600,0.948500,0.163600,-0.243200,0.669500,0.682500,-0.255800,0.303100,0.610200,0.685900,-0.151000,0.466300,0.722000,0.488300
0.097857,0.000000,0.000000,0.966268,5.735534,2.001257,1.429759,1.263410,0.284669,5.032448,2.325479,1.691154,0.693356,0.446887,0.251161,1.123452,-4.698600,-7.434600,-0.432800,-4.601000,-7.412000,-0.394200,-4.674200,-7.782200,-0.326500,-4.591100,-8.059800,-0.529500,-4.787400,-7.415700,-0.467000,-4.858200,-7.805800,-0.375200,-4.886800,-8.147600,-0.442300,-4.708200,-7.358800,-0.415500,-4.734600,-7.187200,-0.362000,-4.761000,-7.070900,-0.316500,-4.811900,-6.895600,-0.239800,-4.820600,-6.847800,-0.228500,-4.823800,-6.797900,-0.227300,-4.769300,-6.947400,-0.252200,-4.600800,-6.972900,-0.194700,-4.579300,-7.222100,-0.092400,-4.835400,-7.267600,-0.072700,-4.824100,-6.952500,-0.275600,-4.986200,-6.981200,-0.349400,-4.984200,-7.211100,-0.491800,-5.005700,-7.391500,-0.305800,0.455400,0.760400,1.145200,0.104700,0.022000,-0.008600,-0.004200,-0.383300,0.006100,-0.009800,-0.353400,-0.012700,-0.095200,0.018400,-0.000900,0.001300,-0.406900,0.001400,0.006800,-0.349500,-0.001500,-0.002600,0.078300,0.001000,-0.001200,0.181700,0.000900,-0.000900,0.127600,0.001100,0.000200,0.198000,0.000400,-0.000100,0.049900,0.000000,0.000000,0.050000,-0.000300,0.029400,0.136400,0.000400,0.179800,-0.000500,-0.000100,0.270200,-0.000400,0.000100,0.260900,0.000700,-0.000200,-0.030400,0.137000,-0.000100,-0.180400,-0.000100,0.000100,-0.270400,0.000400,0.000000,-0.260000,0.000100,-0.000200,0.119300,-0.200400,0.020100,0.972200,-0.231300,-0.007800,-0.042700,0.971900,0.414500,-0.129300,-0.019700,0.900600,-0.055100,-0.159900,-0.325900,-0.930200,-0.249500,0.134700,-0.070000,0.956400,0.203000,0.140400,0.041700,0.968200,-0.084700,-0.013000,0.048800,0.995100,0.043200,0.003600,0.009700,0.999000,0.042300,0.003400,0.016100,0.999000,0.029800,0.015900,0.022200,0.999200,-0.096700,-0.001200,-0.012100,0.995200,-0.112800,-0.001400,-0.012500,0.993500,-0.080200,0.177700,-0.023200,0.980500,0.012200,0.021900,0.122100,-0.992200,-0.018700,0.429100,0.390700,-0.814200,0.181800,-0.652900,-0.137500,0.722300,0.071000,0.074700,0.256400,-0.961100,0.006400,0.001600,0.033400,0.999400,0.085500,0.031000,0.572600,0.814800,0.071000,0.627000,-0.031500,0.775200,0.081700,0.076000,0.262400,0.958500,0.119300,-0.200400,0.020100,0.972200,-0.100200,-0.201900,-0.069200,0.971800,0.307600,-0.338200,0.015200,0.889300,-0.222500,0.271700,-0.371700,-0.859400,-0.117100,-0.057300,-0.082700,0.988000,0.096300,0.071400,-0.043700,0.991800,0.014800,0.057200,0.009700,0.998200,0.159100,-0.196900,0.038700,0.966600,0.196600,-0.194400,0.063100,0.958900,0.219700,-0.181400,0.093200,0.954000,0.128700,-0.188100,0.063400,0.971600,0.020700,-0.193800,0.029500,0.980400,-0.059100,-0.017600,-0.005700,0.998100,-0.230500,0.175200,0.031000,-0.956700,0.260600,-0.463700,-0.494600,0.687300,0.054000,-0.837800,-0.537700,0.078300,-0.220900,0.759000,0.600300,0.121300,0.219500,-0.186500,0.126600,0.949200,0.149300,-0.237300,0.669400,0.688000,-0.247700,0.299600,0.607700,0.692600,-0.148400,0.454500,0.720900,0.501800
0.050728,0.000000,0.085885,0.872450,4.443077,2.056900,0.857564,0.687614,0.213018,14.566952,1.523604,1.973343,0.633986,0.489743,0.227947,1.010916,-4.700900,-7.433100,-0.430100,-4.602100,-7.412600,-0.392700,-4.679000,-7.780300,-0.313400,-4.603400,-8.062300,-0.513500,-4.790800,-7.414400,-0.465000,-4.858900,-7.804700,-0.371600,-4.887000,-8.148700,-0.442700,-4.709800,-7.357200,-0.410800,-4.734600,-7.185900,-0.354700,-4.760000,-7.069700,-0.307500,-4.808700,-6.894600,-0.228900,-4.816900,-6.846700,-0.217200,-4.819500,-6.796800,-0.215600,-4.766800,-6.946300,-0.242200,-4.597800,-6.973600,-0.187100,-4.573800,-7.223000,-0.085600,-4.829000,-7.271200,-0.061000,-4.821700,-6.951000,-0.264900,-4.985000,-6.979000,-0.336200,-4.984200,-7.211100,-0.474900,-5.006500,-7.393200,-0.290500,0.453100,0.761900,1.147900,0.105200,0.021200,-0.007700,-0.004100,-0.383900,0.007400,-0.009600,-0.353600,-0.010300,-0.096800,0.016800,-0.003100,0.000800,-0.407100,0.001000,0.007300,-0.352300,-0.000800,-0.002400,0.078800,0.001600,-0.001500,0.182000,0.001400,-0.001300,0.128000,0.001400,0.000200,0.198000,0.000400,-0.000100,0.049900,0.000000,0.000100,0.050000,-0.000200,0.029300,0.136700,0.000500,0.179900,-0.000400,-0.000100,0.270300,-0.000200,0.000200,0.260900,0.001100,-0.000200,-0.030300,0.137100,-0.000100,-0.180400,0.000000,0.000200,-0.270400,0.000400,0.000100,-0.260100,0.000400,-0.000200,0.124900,-0.189800,0.015200,0.973700,0.249600,0.029800,0.033800,-0.967300,0.419800,-0.113000,-0.031200,0.900000,-0.048600,-0.156400,-0.316400,-0.934400,-0.254200,0.140200,-0.066100,0.954600,0.210400,0.123500,0.041700,0.968900,-0.092200,-0.012500,0.047500,0.994500,0.042100,0.003100,0.010200,0.999100,0.041200,0.002900,0.016900,0.999000,0.029000,0.013500,0.023000,0.999200,-0.097300,-0.001300,-0.012800,0.995200,-0.113400,-0.001500,-0.013200,0.993500,-0.080600,0.171800,-0.023300,0.981600,0.014900,0.022500,0.122700,-0.992100,-0.018800,0.424200,0.388800,-0.817600,0.183200,-0.649200,-0.140300,0.724800,0.055800,0.116100,0.227500,-0.965200,0.005800,0.002800,0.035000,0.999400,0.070200,0.031100,0.577200,0.813000,0.078000,0.617400,-0.028600,0.782200,0.081800,0.067800,0.244200,0.963900,0.124900,-0.189800,0.015200,0.973700,0.115400,0.212200,0.069300,-0.967900,-0.301300,0.333000,-0.009600,-0.893400,0.218000,-0.266300,0.354900,0.869200,-0.117900,-0.040300,-0.080600,0.988900,0.102100,0.071000,-0.043000,0.991300,0.013000,0.057400,0.009600,0.998200,0.163800,-0.187200,0.033400,0.968000,0.200200,-0.185600,0.057900,0.960300,0.222900,-0.175500,0.088100,0.954900,0.131300,-0.181500,0.058100,0.972900,0.022600,-0.186700,0.024000,0.981900,-0.056800,-0.015900,-0.010400,0.998200,-0.230400,0.169500,0.037400,-0.957500,0.256400,-0.455900,-0.497400,0.692100,0.053700,-0.834900,-0.540600,0.088900,-0.174000,0.773800,0.594800,0.131100,0.221900,-0.180000,0.123100,0.950400,0.139400,-0.236200,0.668200,0.691500,-0.242800,0.298300,0.607400,0.695100,-0.145500,0.443600,0.714300,0.521300
0.077482,0.000000,0.120334,0.869941,4.369529,1.816107,0.700984,0.506482,0.406950,11.664902,2.827629,2.480916,0.450903,0.574311,0.305510,1.079010,-4.703700,-7.430700,-0.427500,-4.603000,-7.411500,-0.391300,-4.682700,-7.776400,-0.303200,-4.617200,-8.063400,-0.497500,-4.796300,-7.413200,-0.463300,-4.858400,-7.804500,-0.367800,-4.887300,-8.150600,-0.443500,-4.711900,-7.354400,-0.406500,-4.734900,-7.183100,-0.347900,-4.759200,-7.066700,-0.299200,-4.805800,-6.891800,-0.219000,-4.813400,-6.843900,-0.206900,-4.815600,-6.794000,-0.204900,-4.764400,-6.943800,-0.233200,-4.594800,-6.972000,-0.180300,-4.568600,-7.222300,-0.081900,-4.822400,-7.274400,-0.051700,-4.819600,-6.947800,-0.254900,-4.983900,-6.974800,-0.324000,-4.984300,-7.209100,-0.458900,-5.006800,-7.392700,-0.276100,0.450300,0.764300,1.150500,0.106500,0.020800,-0.007300,-0.003600,-0.383600,0.008300,-0.009400,-0.352500,-0.008800,-0.099700,0.014300,-0.004800,0.000600,-0.407600,0.000800,0.007400,-0.355400,0.000100,-0.002200,0.079500,0.002100,-0.001500,0.182500,0.001700,-0.001500,0.128500,0.001700,0.000200,0.198000,0.000400,-0.000100,0.050000,0.000000,0.000000,0.050000,-0.000200,0.029200,0.136500,0.000400,0.179900,-0.000800,-0.000300,0.270200,-0.000100,0.000200,0.260800,0.001000,-0.000200,-0.030200,0.137200,-0.000100,-0.180300,0.000000,0.000200,-0.270400,0.000500,0.000100,-0.260000,0.000400,0.000000,0.130200,-0.179400,0.010900,0.975100,0.264800,0.048300,0.027200,-0.962700,0.417100,-0.099500,-0.041300,0.902500,0.055100,0.148900,0.316200,0.935300,-0.258800,0.145400,-0.059100,0.953100,0.220300,0.098800,0.034700,0.969800,-0.102300,-0.003600,0.047700,0.993600,0.040800,0.002500,0.010500,0.999100,0.040000,0.002200,0.017500,0.999000,0.028300,0.010500,0.023600,0.999300,-0.097400,-0.001300,-0.013400,0.995200,-0.113500,-0.001600,-0.013800,0.993400,-0.080700,0.166700,-0.023300,0.982400,0.017000,0.022800,0.120300,-0.992300,-0.018500,0.417200,0.393100,-0.819200,0.187900,-0.644300,-0.138900,0.728200,0.031900,0.152700,0.195500,-0.968200,0.003900,0.004000,0.036200,0.999300,0.060900,0.034200,0.581800,0.810300,0.083400,0.606800,-0.030700,0.789900,0.086300,0.058000,0.212100,0.971700,0.130200,-0.179400,0.010900,0.975100,0.127400,0.219100,0.069900,-0.964800,-0.289500,0.328200,-0.001200,-0.899200,-0.216400,0.264500,-0.346600,-0.873500,-0.119200,-0.024300,-0.074700,0.989800,0.108900,0.061900,-0.044600,0.991100,0.009600,0.057300,0.008900,0.998300,0.168000,-0.177700,0.028800,0.969200,0.203500,-0.177200,0.053200,0.961400,0.225800,-0.170300,0.083000,0.955600,0.134000,-0.175700,0.053000,0.973800,0.025100,-0.180300,0.019000,0.983100,-0.053700,-0.014200,-0.014600,0.998400,-0.230200,0.164900,0.040700,-0.958200,0.254200,-0.445200,-0.502900,0.695900,0.053700,-0.831700,-0.543000,0.102300,-0.128400,0.793100,0.580500,0.132400,0.222800,-0.174100,0.119100,0.951800,0.133100,-0.230900,0.668500,0.694300,-0.235500,0.298800,0.606700,0.698000,-0.140400,0.433100,0.698200,0.552500
0.107900,0.000000,0.113768,0.869947,4.640636,1.659323,0.839609,0.499704,0.622385,5.620721,4.389482,2.697650,0.319538,0.717896,0.450091,1.150200,-4.705500,-7.427900,-0.425300,-4.603300,-7.409700,-0.389900,-4.685700,-7.773300,-0.297200,-4.627400,-8.066000,-0.486400,-4.799800,-7.411000,-0.461700,-4.858400,-7.803000,-0.366200,-4.887600,-8.150800,-0.443900,-4.713200,-7.351200,-0.403300,-4.735100,-7.179800,-0.343300,-4.758600,-7.063100,-0.293500,-4.803800,-6.888300,-0.212300,-4.811100,-6.840400,-0.199900,-4.813100,-6.790500,-0.197600,-4.762800,-6.940300,-0.226600,-4.592500,-6.969200,-0.176000,-4.565200,-7.220700,-0.080900,-4.817700,-7.275500,-0.045200,-4.818100,-6.944100,-0.248000,-4.983200,-6.970400,-0.315500,-4.984300,-7.206300,-0.447600,-5.007500,-7.391300,-0.266300,0.448500,0.767100,1.152700,0.107600,0.020100,-0.006900,-0.003500,-0.384000,0.008900,-0.008500,-0.353200,-0.007600,-0.101400,0.012900,-0.005900,0.000600,-0.407700,0.000500,0.006900,-0.357500,-0.000300,-0.001800,0.080100,0.002400,-0.001300,0.182900,0.002000,-0.001200,0.129000,0.001900,0.000200,0.198000,0.000300,-0.000100,0.050000,0.000000,0.000100,0.050000,-0.000100,0.029300,0.136800,0.000700,0.180000,-0.000600,-0.000100,0.270300,-0.000100,0.000000,0.260800,0.001100,-0.000200,-0.030100,0.137400,0.000100,-0.180300,0.000100,0.000300,-0.270300,0.000500,0.000100,-0.260100,0.000600,-0.000100,0.132500,-0.172600,0.009100,0.976000,0.272300,0.055800,0.027000,-0.960200,0.411700,-0.093200,-0.044200,0.905500,0.052600,0.139900,0.307500,0.939700,-0.259800,0.145200,-0.055700,0.953100,0.222500,0.090800,0.032200,0.970200,-0.105300,-0.002600,0.046500,0.993300,0.040400,0.002000,0.010600,0.999100,0.039600,0.001700,0.017600,0.999100,0.028000,0.008200,0.023600,0.999300,-0.097000,-0.001300,-0.013700,0.995200,-0.113100,-0.001600,-0.014200,0.993500,-0.080500,0.163500,-0.023200,0.983000,0.017400,0.019600,0.121800,-0.992200,-0.023300,0.416300,0.394200,-0.819000,0.188000,-0.640000,-0.133300,0.733000,0.013300,0.173200,0.174800,-0.969200,0.002200,0.005200,0.036600,0.999300,0.058600,0.038700,0.584600,0.808200,0.086100,0.598700,-0.037600,0.795400,0.089500,0.052600,0.184300,0.977400,0.132500,-0.172600,0.009100,0.976000,0.133400,0.219000,0.072000,-0.963900,-0.279100,0.323700,0.005200,-0.904100,-0.211000,0.263700,-0.329200,-0.881800,-0.119000,-0.017800,-0.071200,0.990200,0.110700,0.060600,-0.044000,0.991000,0.008300,0.057100,0.008500,0.998300,0.170000,-0.171500,0.026700,0.970000,0.205100,-0.171600,0.050900,0.962200,0.227500,-0.167100,0.080000,0.956000,0.136100,-0.172200,0.050000,0.974300,0.027500,-0.176400,0.016200,0.983800,-0.050700,-0.013200,-0.016600,0.998500,-0.231000,0.158200,0.044400,-0.959000,0.255400,-0.438700,-0.506900,0.696700,0.052200,-0.828700,-0.545400,0.114300,-0.099500,0.806600,0.568600,0.127400,0.222900,-0.170200,0.116500,0.952800,0.132100,-0.224100,0.669800,0.695500,-0.227600,0.300700,0.605000,0.701300,-0.136100,0.426900,0.681600,0.578400
0.073687,0.000000,0.118768,0.785717,4.627090,2.026889,1.361215,0.569012,0.630431,3.505553,4.543929,1.901306,0.451795,0.979377,0.675941,1.052534,-4.707500,-7.416900,-0.419100,-4.601800,-7.403400,-0.385800,-4.692500,-7.767400,-0.287800,-4.657200,-8.079800,-0.458400,-4.805200,-7.403200,-0.456800,-4.859200,-7.797300,-0.364600,-4.887900,-8.150600,-0.443100,-4.714900,-7.339000,-0.395200,-4.735800,-7.167100,-0.332300,-4.757600,-7.049900,-0.279900,-4.800200,-6.875700,-0.195700,-4.806900,-6.828000,-0.182600,-4.808400,-6.778100,-0.179500,-4.759800,-6.927600,-0.211400,-4.588100,-6.957600,-0.165700,-4.557400,-7.212900,-0.082600,-4.805000,-7.275500,-0.030700,-4.815500,-6.930800,-0.231100,-4.982200,-6.956300,-0.294600,-4.985000,-7.194700,-0.421700,-5.008500,-7.383900,-0.244700,0.446500,0.778100,1.158900,0.110500,0.015200,-0.005900,-0.003400,-0.387600,0.008100,-0.005300,-0.357600,-0.004200,-0.104900,0.009300,-0.007900,0.000800,-0.408300,-0.000200,0.005700,-0.363000,-0.001700,-0.001400,0.081800,0.002900,-0.000800,0.184200,0.002300,-0.000600,0.130300,0.002100,0.000100,0.198000,0.000200,-0.000100,0.050000,0.000000,0.000000,0.050000,-0.000100,0.029300,0.137100,0.000600,0.180200,-0.000400,-0.000100,0.270200,0.000100,-0.000300,0.260600,0.001000,-0.000100,-0.029900,0.137900,0.000600,-0.180200,0.000200,0.000400,-0.270100,0.000400,0.000100,-0.260100,0.000700,0.000000,0.137500,-0.159100,0.009700,0.977600,0.285500,0.051500,0.041700,-0.956100,0.384300,-0.087100,-0.036700,0.918400,0.029800,0.104500,0.259100,0.959700,-0.259500,0.134500,-0.053500,0.954800,0.216500,0.094500,0.031900,0.971200,-0.100300,-0.010100,0.042500,0.994000,0.040000,0.001100,0.009700,0.999200,0.039200,0.000800,0.016100,0.999100,0.028000,0.004100,0.021400,0.999400,-0.096900,-0.001400,-0.014300,0.995200,-0.113000,-0.001700,-0.014800,0.993500,-0.080500,0.154500,-0.022800,0.984500,0.016900,0.015700,0.122200,-0.992200,-0.039300,0.410800,0.400500,-0.818100,0.187600,-0.631800,-0.101400,0.745200,-0.002800,0.208100,0.129800,-0.969400,0.001600,-0.008700,-0.038200,-0.999200,0.067800,0.058300,0.588700,0.803400,-0.088800,-0.577600,0.070400,-0.808400,0.094300,0.041400,0.093800,0.990300,0.137500,-0.159100,0.009700,0.977600,0.140500,0.199500,0.084100,-0.966100,-0.242200,0.304800,0.023800,-0.920800,-0.183400,0.259700,-0.250100,-0.914500,-0.115200,-0.015600,-0.065900,0.991000,0.108400,0.067900,-0.039900,0.991000,0.010900,0.056900,0.008100,0.998300,0.175000,-0.158900,0.025600,0.971300,0.210300,-0.159700,0.047700,0.963300,0.233600,-0.158800,0.073600,0.956400,0.142200,-0.163200,0.043900,0.975300,0.033600,-0.166600,0.010500,0.985400,-0.044100,-0.011900,-0.020300,0.998700,-0.236200,0.145300,0.050200,-0.959500,0.268500,-0.420400,-0.516600,0.695900,0.046800,-0.822600,-0.546400,0.150200,-0.038900,0.824200,0.556600,0.096700,-0.225200,0.159400,-0.111800,-0.954700,-0.145300,0.197400,-0.675700,-0.695200,-0.197300,0.312300,0.598700,0.710700,-0.123800,0.413600,0.621900,0.653300
0.018568,0.000000,0.141760,0.711268,3.926781,1.452353,1.579820,0.519094,0.473535,3.753474,3.372633,1.296573,0.726070,1.139561,0.716255,1.169764,-4.708200,-7.410900,-0.416500,-4.601600,-7.399900,-0.384300,-4.695000,-7.765800,-0.286100,-4.673700,-8.087400,-0.443700,-4.807100,-7.399800,-0.454900,-4.859200,-7.795200,-0.365200,-4.887800,-8.151700,-0.442800,-4.715500,-7.332200,-0.391800,-4.736100,-7.160000,-0.327400,-4.757400,-7.042600,-0.273600,-4.798900,-6.868900,-0.187900,-4.805400,-6.821200,-0.174500,-4.806800,-6.771400,-0.171300,-4.758600,-6.920600,-0.204700,-4.586400,-6.950800,-0.160800,-4.554000,-7.208500,-0.085200,-4.798600,-7.274900,-0.024800,-4.814800,-6.923600,-0.223300,-4.982100,-6.949200,-0.285000,-4.986400,-7.188300,-0.410600,-5.008500,-7.379600,-0.235700,0.445800,0.784100,1.161500,0.111000,0.012700,-0.005600,-0.003600,-0.390100,0.007500,-0.004800,-0.358700,-0.002200,-0.106100,0.006400,-0.008400,0.000900,-0.408800,-0.000300,0.005400,-0.365900,-0.001800,-0.001300,0.082700,0.003000,-0.000700,0.184900,0.002400,-0.000400,0.130900,0.002300,0.000200,0.198000,0.000300,-0.000100,0.050000,0.000000,0.000000,0.050000,-0.000100,0.029300,0.137000,0.000200,0.180300,-0.000700,-0.000600,0.270500,0.000300,-0.000400,0.260600,0.001200,-0.000300,-0.029900,0.138200,0.000700,-0.180200,0.000200,0.000500,-0.270200,0.000400,0.000200,-0.260200,0.000900,-0.000100,0.140100,-0.154700,0.009500,0.977900,0.288000,0.040600,0.049300,-0.955500,0.362900,-0.088600,-0.030000,0.927100,0.024900,0.085600,0.237500,0.967300,-0.258500,0.130000,-0.052000,0.955800,0.211400,0.097400,0.030800,0.972100,-0.095700,-0.013500,0.040900,0.994500,0.040100,0.000900,0.009400,0.999200,0.039300,0.000700,0.015600,0.999100,0.028200,0.003500,0.020700,0.999400,-0.098000,-0.001400,-0.014200,0.995100,-0.114200,-0.001700,-0.014700,0.993300,-0.081500,0.151200,-0.022700,0.984900,0.017300,0.016000,0.120600,-0.992400,-0.043000,0.403000,0.409500,-0.817300,0.182500,-0.627100,-0.093500,0.751400,-0.004200,0.215300,0.119900,-0.969100,0.002400,-0.010800,-0.039200,-0.999200,0.074500,0.069000,0.587900,0.802500,-0.087800,-0.568800,0.082900,-0.813600,0.094800,0.036600,0.050400,0.993500,0.140100,-0.154700,0.009500,0.977900,0.139800,0.183400,0.089400,-0.968900,-0.219600,0.292500,0.033100,-0.930100,-0.168900,0.256300,-0.215000,-0.927100,-0.112000,-0.015900,-0.063600,0.991500,0.106400,0.071100,-0.038800,0.991000,0.013400,0.056700,0.007300,0.998300,0.177800,-0.154600,0.025000,0.971500,0.213400,-0.155500,0.046300,0.963400,0.237000,-0.155200,0.071300,0.956400,0.144500,-0.159400,0.041800,0.975700,0.034400,-0.162700,0.008800,0.986000,-0.044100,-0.011000,-0.021800,0.998700,-0.238600,0.142000,0.051000,-0.959300,0.273800,-0.407100,-0.524600,0.695800,0.041900,-0.812400,-0.556600,0.168500,-0.018800,0.821000,0.565200,0.078600,-0.227600,0.154200,-0.111000,-0.955000,-0.155400,0.183400,-0.677700,-0.694900,-0.182800,0.318400,0.598300,0.712200,-0.120000,0.408400,0.593400,0.683200
0.000000,0.000000,0.231969,0.790054,3.366762,1.458433,1.638155,0.760943,0.403582,4.380343,2.901001,1.834236,1.184687,1.175251,0.689921,1.228469,-4.709600,-7.404200,-0.414600,-4.602300,-7.396400,-0.383700,-4.696800,-7.765500,-0.286800,-4.690400,-8.097000,-0.428700,-4.810200,-7.395200,-0.453400,-4.859600,-7.792000,-0.367600,-4.887500,-8.150800,-0.442500,-4.716700,-7.324900,-0.388900,-4.736700,-7.152500,-0.323000,-4.757600,-7.034800,-0.268000,-4.798300,-6.861700,-0.180800,-4.804600,-6.814000,-0.167100,-4.805800,-6.764100,-0.163900,-4.758000,-6.913000,-0.197800,-4.585100,-6.943300,-0.156000,-4.551700,-7.203100,-0.089000,-4.792600,-7.274900,-0.020600,-4.814600,-6.915900,-0.216300,-4.982600,-6.941600,-0.276300,-4.988800,-7.181600,-0.400200,-5.008100,-7.375300,-0.227600,0.444400,0.790800,1.163400,0.111400,0.009600,-0.005100,-0.003400,-0.393100,0.006200,-0.004100,-0.360600,-0.000700,-0.107700,0.003900,-0.008800,0.000300,-0.408900,-0.000900,0.004200,-0.367600,-0.002700,-0.001200,0.083600,0.003100,-0.000700,0.185600,0.002500,-0.000300,0.131600,0.002300,0.000100,0.198100,0.000300,-0.000100,0.050000,0.000000,0.000000,0.050000,-0.000100,0.029600,0.137300,0.000400,0.180400,-0.000300,-0.000300,0.270400,0.000600,-0.000300,0.260500,0.001200,-0.000100,-0.030000,0.138300,0.000700,-0.180200,0.000200,0.000400,-0.270100,0.000500,0.000200,-0.260200,0.000900,-0.000200,0.143200,-0.149600,0.009000,0.978300,0.288700,0.025800,0.057200,-0.955400,0.335300,-0.092100,-0.022000,0.937300,0.019700,0.065500,0.212700,0.974700,-0.256400,0.128500,-0.049700,0.956700,0.201700,0.100100,0.031400,0.973800,-0.087200,-0.021100,0.037300,0.995300,0.040000,0.000900,0.009200,0.999200,0.039300,0.000700,0.015400,0.999100,0.028100,0.003200,0.020400,0.999400,-0.099300,-0.001400,-0.014400,0.995000,-0.115700,-0.001700,-0.014900,0.993200,-0.082600,0.147200,-0.022700,0.985400,0.013900,0.014800,0.121200,-0.992400,-0.042200,0.396000,0.419600,-0.815700,0.175600,-0.618300,-0.094000,0.760300,-0.011100,0.222000,0.111700,-0.968600,0.002800,-0.012000,-0.040200,-0.999100,0.079700,0.080100,0.586200,0.802300,-0.085200,-0.559100,0.090300,-0.819800,0.092300,0.033800,0.010300,0.995100,0.143200,-0.149600,0.009000,0.978300,0.136800,0.162500,0.094300,-0.972600,-0.192800,0.276500,0.042600,-0.940500,-0.150400,0.249800,-0.176600,-0.940100,-0.107500,-0.012600,-0.059900,0.992300,0.101000,0.078400,-0.035400,0.991200,0.016300,0.056400,0.006300,0.998300,0.180900,-0.149500,0.024200,0.971800,0.216600,-0.150600,0.045100,0.963500,0.240300,-0.150600,0.069600,0.956400,0.146400,-0.154600,0.040200,0.976200,0.034800,-0.157700,0.007200,0.986800,-0.044700,-0.010000,-0.023200,0.998700,-0.244500,0.135400,0.052500,-0.958700,0.275900,-0.389700,-0.536200,0.696100,0.037100,-0.794900,-0.575200,0.189400,0.000900,0.814200,0.577700,0.057600,-0.230500,0.148800,-0.110500,-0.955300,-0.165000,0.169200,-0.678900,-0.695100,-0.169800,0.322700,0.600400,0.711700,-0.120300,0.402300,0.569300,0.706800
0.011496,0.179805,0.439872,1.151391,3.373084,2.967095,1.529874,1.600513,0.569213,4.673850,4.324195,4.424632,1.925363,1.022640,0.621356,1.084867,-4.713500,-7.392800,-0.412900,-4.605200,-7.390900,-0.384200,-4.701200,-7.768400,-0.293300,-4.719500,-8.115700,-0.401000,-4.817700,-7.387100,-0.452200,-4.860600,-7.786300,-0.372100,-4.887200,-8.149000,-0.441800,-4.719800,-7.312600,-0.385600,-4.738900,-7.140000,-0.317200,-4.758900,-7.021800,-0.260200,-4.798400,-6.849600,-0.170800,-4.804500,-6.802000,-0.156700,-4.805700,-6.752100,-0.153300,-4.757900,-6.900300,-0.188900,-4.584200,-6.930800,-0.149900,-4.550700,-7.194100,-0.098200,-4.783400,-7.277800,-0.016600,-4.815400,-6.903400,-0.206400,-4.984500,-6.929000,-0.263400,-4.994700,-7.170600,-0.383800,-5.009400,-7.368800,-0.215900,0.440500,0.802200,1.165100,0.111900,0.003700,-0.003700,-0.003000,-0.400000,0.004000,-0.003000,-0.364000,0.002300,-0.111100,0.000200,-0.009400,0.000100,-0.409400,-0.001200,0.002300,-0.370200,-0.004400,-0.000400,0.084900,0.003200,-0.000200,0.186600,0.002500,0.000200,0.132700,0.002300,0.000100,0.198100,0.000300,-0.000100,0.050000,0.000000,0.000000,0.050000,-0.000100,0.030100,0.137600,0.000300,0.180600,-0.000300,-0.000500,0.270400,0.000900,-0.000300,0.260400,0.001600,-0.000100,-0.030100,0.138600,0.000800,-0.180300,0.000300,0.000500,-0.270100,0.000700,0.000200,-0.260100,0.001000,-0.000300,0.148400,-0.140500,0.008800,0.978900,-0.282600,0.010200,-0.075100,0.956300,0.275600,-0.103200,-0.002300,0.955700,0.014400,0.035400,0.165700,0.985400,-0.252900,0.128900,-0.045500,0.957800,0.185400,0.097600,0.030200,0.977300,-0.072000,-0.029300,0.032900,0.996400,0.039700,0.000800,0.009200,0.999200,0.039000,0.000500,0.015300,0.999100,0.027900,0.002700,0.020200,0.999400,-0.100600,-0.001500,-0.014800,0.994800,-0.117300,-0.001800,-0.015300,0.993000,-0.083800,0.140500,-0.022600,0.986300,0.012100,0.016700,0.121200,-0.992400,-0.029800,0.373300,0.446900,-0.812400,0.166700,-0.596600,-0.109200,0.777400,-0.023400,0.235400,0.102000,-0.966300,0.004100,-0.012800,-0.039800,-0.999100,0.086700,0.097800,0.582600,0.802200,-0.076100,-0.541900,0.094500,-0.831600,-0.074700,-0.038500,0.036900,-0.995800,0.148400,-0.140500,0.008800,0.978900,-0.124300,-0.115800,-0.103200,0.980100,0.141000,-0.240500,-0.056100,0.958700,0.114800,-0.227200,0.112000,0.960500,-0.100200,-0.003900,-0.052500,0.993600,0.091300,0.086500,-0.030300,0.991600,0.021600,0.056300,0.005900,0.998200,0.185800,-0.140600,0.023500,0.972200,0.221400,-0.141900,0.043900,0.963800,0.245200,-0.142500,0.068000,0.956500,0.149900,-0.146400,0.038800,0.977000,0.036600,-0.149300,0.006100,0.988100,-0.044200,-0.008200,-0.023700,0.998700,-0.250100,0.128400,0.054300,-0.958100,0.268800,-0.351900,-0.561900,0.698700,0.028700,-0.754700,-0.614800,0.227100,0.034700,0.794200,0.606300,0.021600,-0.234600,0.140100,-0.108600,-0.955800,-0.178800,0.146200,-0.679000,-0.696900,-0.152400,0.324700,0.606900,0.709300,0.134100,-0.390300,-0.548100,-0.727500
0.000000,0.149489,0.424304,1.250694,3.253372,2.751513,1.363398,1.753113,0.540625,3.901109,2.750773,5.885883,2.543642,1.210840,0.532170,0.978114,-4.716400,-7.387100,-0.412900,-4.608100,-7.388500,-0.385500,-4.703100,-7.771600,-0.300100,-4.734800,-8.127000,-0.384300,-4.822400,-7.383200,-0.452300,-4.861700,-7.783600,-0.374600,-4.887300,-8.148500,-0.441500,-4.722200,-7.306500,-0.384800,-4.740800,-7.133800,-0.315200,-4.760200,-7.015500,-0.257200,-4.799200,-6.843700,-0.166600,-4.805200,-6.796200,-0.152300,-4.806400,-6.746400,-0.148600,-4.758500,-6.894300,-0.185400,-4.584400,-6.924600,-0.147500,-4.551900,-7.189500,-0.104800,-4.779400,-7.280800,-0.016900,-4.816400,-6.897400,-0.202200,-4.986100,-6.922800,-0.257400,-4.998800,-7.165300,-0.375600,-5.011100,-7.366000,-0.210500,0.437600,0.807900,1.165100,0.111700,0.000300,-0.002900,-0.002300,-0.403800,0.002500,-0.002500,-0.366600,0.003000,-0.112800,-0.001600,-0.009600,-0.000100,-0.409700,-0.001400,0.001500,-0.371800,-0.005600,0.000100,0.085500,0.003200,0.000200,0.187100,0.002500,0.000500,0.133200,0.002200,0.000100,0.198100,0.000300,-0.000100,0.050000,0.000000,0.000000,0.050000,-0.000100,0.030300,0.137700,0.000100,0.180700,-0.000300,-0.000600,0.270300,0.001100,-0.000300,0.260300,0.001500,0.000000,-0.030100,0.138600,0.000800,-0.180300,0.000300,0.000500,-0.270100,0.000700,0.000200,-0.260100,0.000900,-0.000300,0.150900,-0.135400,0.009300,0.979200,-0.275800,0.031400,-0.084000,0.957000,0.233300,-0.106600,0.006200,0.966500,0.015200,0.022800,0.140200,0.989700,-0.251600,0.128700,-0.043300,0.958300,0.176800,0.095900,0.029000,0.979100,-0.062400,-0.032600,0.031300,0.997000,0.039700,0.000700,0.009100,0.999200,0.038900,0.000500,0.015100,0.999100,0.027900,0.002500,0.019900,0.999400,-0.100700,-0.001500,-0.014900,0.994800,-0.117400,-0.001800,-0.015400,0.993000,-0.084000,0.136200,-0.022300,0.986900,0.012300,0.019000,0.120200,-0.992500,-0.019400,0.357100,0.466000,-0.809300,0.165100,-0.582000,-0.118900,0.787300,-0.024000,0.245400,0.095000,-0.964500,0.005400,-0.013000,-0.039100,-0.999100,0.090200,0.107300,0.580300,0.802300,-0.069600,-0.531800,0.095200,-0.838600,-0.057000,-0.045500,0.051400,-0.996000,0.150900,-0.135400,0.009300,0.979200,-0.114600,-0.088800,-0.105900,0.983800,0.106900,-0.214600,-0.063400,0.968800,0.091900,-0.206200,0.078800,0.971000,-0.097100,0.000500,-0.048100,0.994100,0.085300,0.090100,-0.027600,0.991900,0.025100,0.056600,0.006300,0.998100,0.188400,-0.135500,0.023700,0.972400,0.224000,-0.136800,0.043700,0.963900,0.247900,-0.137500,0.067300,0.956600,0.152500,-0.141400,0.038500,0.977400,0.038900,-0.144300,0.006300,0.988700,-0.042300,-0.007400,-0.022600,0.998800,-0.252100,0.125700,0.054700,-0.957900,0.261700,-0.327400,-0.578300,0.700000,0.024000,-0.729500,-0.636700,0.248600,0.057800,0.777600,0.626100,0.000400,-0.236300,0.135000,-0.107100,-0.956300,-0.186000,0.133200,-0.678300,-0.698200,-0.143500,0.324600,0.610600,0.708000,0.147100,-0.382900,-0.546700,-0.730000
0.000000,0.000000,0.475483,1.387230,4.746998,2.011181,1.465580,1.422069,0.566298,3.541393,1.421050,5.169659,2.215280,1.032455,0.520174,0.946661,-4.719100,-7.383500,-0.413200,-4.611100,-7.387200,-0.387000,-4.704100,-7.775100,-0.305400,-4.744900,-8.135200,-0.371600,-4.826100,-7.380600,-0.452600,-4.862400,-7.781600,-0.376000,-4.887200,-8.147800,-0.441000,-4.724500,-7.302600,-0.384700,-4.742600,-7.129800,-0.314400,-4.761600,-7.011500,-0.255600,-4.800100,-6.840000,-0.164200,-4.806100,-6.792600,-0.149600,-4.807400,-6.742800,-0.145700,-4.759400,-6.890400,-0.183100,-4.585000,-6.920500,-0.146800,-4.553400,-7.186600,-0.110200,-4.776900,-7.283100,-0.018000,-4.817500,-6.893600,-0.199800,-4.987800,-6.918900,-0.253600,-5.002100,-7.162200,-0.370000,-5.012700,-7.364500,-0.206800,0.434900,0.811500,1.164800,0.111200,-0.002200,-0.002500,-0.001900,-0.407100,0.001900,-0.001900,-0.368400,0.004000,-0.113600,-0.002600,-0.009800,0.000000,-0.409900,-0.001500,0.001100,-0.372700,-0.006500,0.000500,0.085800,0.003300,0.000500,0.187400,0.002500,0.000800,0.133500,0.002300,0.000100,0.198100,0.000300,-0.000100,0.050000,0.000000,-0.000100,0.050000,0.000000,0.030400,0.137800,0.000400,0.180700,-0.000300,-0.000500,0.270400,0.001200,-0.000300,0.260300,0.001800,-0.000100,-0.030100,0.138700,0.000900,-0.180300,0.000300,0.000500,-0.270100,0.000700,0.000200,-0.260100,0.000800,-0.000300,0.151600,-0.131900,0.009400,0.979500,-0.269500,0.043200,-0.087100,0.958100,0.201800,-0.105300,0.007800,0.973700,0.016300,0.017800,0.125100,0.991900,-0.250400,0.128600,-0.041200,0.958700,0.171900,0.094400,0.027900,0.980200,-0.055900,-0.034300,0.030300,0.997400,0.040100,0.000800,0.009000,0.999200,0.039300,0.000500,0.015000,0.999100,0.028200,0.002600,0.019800,0.999400,-0.100600,-0.001500,-0.014700,0.994800,-0.117300,-0.001800,-0.015200,0.993000,-0.084000,0.133100,-0.021900,0.987300,0.010500,0.018400,0.120000,-0.992500,-0.012200,0.348700,0.477700,-0.806200,0.165200,-0.572200,-0.124200,0.793700,0.023100,-0.252600,-0.088100,0.963300,0.006500,-0.013300,-0.038500,-0.999100,0.091900,0.113700,0.578600,0.802400,-0.065100,-0.524900,0.094900,-0.843300,-0.043600,-0.050400,0.057500,-0.996100,0.151600,-0.131900,0.009400,0.979500,-0.107600,-0.073400,-0.105200,0.985900,0.082500,-0.195700,-0.068700,0.974800,0.074500,-0.188100,0.058400,0.977600,-0.095700,0.003400,-0.044800,0.994400,0.081500,0.092100,-0.025800,0.992100,0.027800,0.056800,0.006700,0.998000,0.189600,-0.132100,0.023600,0.972700,0.225600,-0.133300,0.043400,0.964100,0.249900,-0.134000,0.066900,0.956600,0.154500,-0.137700,0.038600,0.977600,0.040900,-0.140700,0.007000,0.989200,-0.040600,-0.007000,-0.021200,0.998900,-0.255300,0.121300,0.054500,-0.957700,0.256400,-0.310400,-0.589000,0.700700,0.020800,-0.712700,-0.650000,0.262900,-0.075300,-0.766100,-0.638100,0.015500,-0.237500,0.131200,-0.106100,-0.956600,-0.190500,0.124200,-0.677800,-0.699200,-0.137900,0.324500,0.613300,0.706800,0.156100,-0.377700,-0.549200,-0.728900
0.000000,0.000000,0.654157,1.618324,8.427509,0.859556,1.937965,0.558274,0.697806,3.917796,0.927530,1.722859,0.637178,0.304121,0.615484,1.010921,-4.723600,-7.379500,-0.413700,-4.616100,-7.386500,-0.388700,-4.704600,-7.781100,-0.313000,-4.756000,-8.146100,-0.356200,-4.831500,-7.377700,-0.452900,-4.863600,-7.779300,-0.376800,-4.887100,-8.146600,-0.440100,-4.728100,-7.298300,-0.385200,-4.745400,-7.125300,-0.314400,-4.763800,-7.007000,-0.254700,-4.801800,-6.836200,-0.161900,-4.807900,-6.788800,-0.147000,-4.809400,-6.739000,-0.142900,-4.761200,-6.886300,-0.181300,-4.586400,-6.915800,-0.146800,-4.556000,-7.182900,-0.118000,-4.774200,-7.286200,-0.020700,-4.819500,-6.889400,-0.197600,-4.990300,-6.914800,-0.249400,-5.007000,-7.159200,-0.363200,-5.014800,-7.363300,-0.202100,0.430400,0.815500,1.164300,0.110400,-0.005300,-0.001400,-0.001100,-0.411400,0.001100,-0.001000,-0.371100,0.004800,-0.114400,-0.003700,-0.010100,0.000000,-0.410000,-0.001600,0.000600,-0.373400,-0.007800,0.001000,0.086200,0.003200,0.000900,0.187700,0.002500,0.001100,0.133800,0.002500,0.000200,0.198100,0.000300,-0.000100,0.050000,0.000000,-0.000100,0.050000,0.000000,0.030500,0.137900,0.000500,0.180600,-0.000300,-0.000400,0.270400,0.001200,-0.000200,0.260300,0.001900,0.000000,-0.030100,0.138800,0.000800,-0.180300,0.000400,0.000500,-0.270100,0.000700,0.000100,-0.260100,0.000700,-0.000300,0.150700,-0.127000,0.008800,0.980300,-0.258500,0.054300,-0.087200,0.960500,0.160400,-0.097000,0.005100,0.982300,0.016800,0.014800,0.108800,0.993800,-0.248000,0.128900,-0.037200,0.959400,0.167400,0.092000,0.026400,0.981200,-0.047400,-0.037100,0.028800,0.997800,0.041600,0.000800,0.009100,0.999100,0.040700,0.000600,0.015100,0.999100,0.029200,0.002800,0.020000,0.999400,-0.100700,-0.001500,-0.014400,0.994800,-0.117400,-0.001800,-0.014900,0.993000,-0.084200,0.128900,-0.021300,0.987800,0.008100,0.018200,0.119200,-0.992700,-0.002200,0.337900,0.492800,-0.801900,0.166700,-0.559900,-0.128600,0.801300,0.021300,-0.263100,-0.076700,0.961500,0.008300,-0.014000,-0.037800,-0.999200,0.093100,0.122000,0.576200,0.802800,-0.059100,-0.516200,0.093200,-0.849300,-0.026200,-0.055700,0.062600,-0.996100,0.150700,-0.127000,0.008800,0.980300,-0.098000,-0.057900,-0.101700,0.988300,0.052100,-0.168600,-0.076000,0.981400,0.051000,-0.159900,0.034800,0.985200,-0.094900,0.007900,-0.040100,0.994600,0.077200,0.095100,-0.023100,0.992200,0.031900,0.057000,0.007200,0.997800,0.190200,-0.127100,0.023100,0.973200,0.227700,-0.128400,0.043000,0.964300,0.253100,-0.128900,0.066600,0.956500,0.157400,-0.132700,0.039100,0.977800,0.043600,-0.135700,0.008400,0.989700,-0.038400,-0.006300,-0.018600,0.999100,-0.260000,0.115800,0.053500,-0.957100,0.249600,-0.288300,-0.602200,0.701400,0.016800,-0.692000,-0.664500,0.281600,-0.099500,-0.752300,-0.650200,0.037400,-0.239100,0.125500,-0.105200,-0.957100,-0.195900,0.112000,-0.676700,-0.700800,-0.131100,0.324800,0.617200,0.704600,0.166800,-0.370800,-0.554900,-0.725800
0.000158,0.000000,0.394183,1.383437,7.840705,1.915419,2.053235,1.561401,0.670815,3.996625,1.062455,1.427406,0.531995,0.298714,0.627414,1.004021,-4.734100,-7.374400,-0.416700,-4.627500,-7.381400,-0.391900,-4.703400,-7.780600,-0.328300,-4.768800,-8.144900,-0.339100,-4.842800,-7.373600,-0.453300,-4.866300,-7.775500,-0.375100,-4.886600,-8.143800,-0.437500,-4.737300,-7.292800,-0.388400,-4.752600,-7.119900,-0.316300,-4.769800,-7.001900,-0.255100,-4.806900,-6.832600,-0.159300,-4.813000,-6.785400,-0.143800,-4.815000,-6.735700,-0.139300,-4.766500,-6.881800,-0.180900,-4.591100,-6.909900,-0.149300,-4.562400,-7.178200,-0.132900,-4.769400,-7.293700,-0.025400,-4.824800,-6.885300,-0.195300,-4.996700,-6.911600,-0.242700,-5.018000,-7.158100,-0.350600,-5.020200,-7.364900,-0.192900,0.419900,0.820600,1.161300,0.109600,-0.004400,0.001600,-0.000800,-0.411300,0.001400,0.000600,-0.370200,0.005700,-0.114100,-0.004900,-0.010400,0.000100,-0.410100,-0.001800,0.000400,-0.374000,-0.009900,0.001500,0.086400,0.002200,0.001300,0.187900,0.001900,0.001300,0.134000,0.002100,0.000200,0.198100,0.000300,-0.000100,0.050000,0.000000,-0.000200,0.050000,0.000000,0.030300,0.138000,-0.000100,0.180500,-0.000300,-0.000800,0.270200,0.001100,-0.000200,0.260300,0.001900,0.000100,-0.029800,0.139000,0.000500,-0.180300,0.000400,0.000500,-0.270000,0.000600,0.000100,-0.260000,0.000400,-0.000200,0.152900,-0.113100,0.007100,0.981700,-0.240200,0.063300,-0.079900,0.965400,0.097700,-0.066400,-0.010100,0.992900,0.011400,0.010400,0.099800,0.994900,-0.251000,0.128900,-0.029500,0.958900,0.166300,0.087600,0.024900,0.981900,-0.034000,-0.046100,0.025700,0.998000,0.043300,0.000800,0.009600,0.999000,0.042500,0.000500,0.016000,0.999000,0.030500,0.002400,0.021200,0.999300,-0.101600,-0.001400,-0.013600,0.994700,-0.118400,-0.001700,-0.014100,0.992900,-0.085300,0.118400,-0.020000,0.989100,0.004100,0.023700,0.115900,-0.993000,0.016500,0.319400,0.515000,-0.795300,0.170000,-0.540500,-0.126600,0.814200,-0.008400,0.286500,0.054200,-0.956500,0.010600,-0.015100,-0.037700,-0.999100,-0.090800,-0.138000,-0.569300,-0.805400,-0.048400,-0.500500,0.088400,-0.859800,0.000200,-0.062100,0.068200,-0.995700,0.152900,-0.113100,0.007100,0.981700,-0.079600,-0.036500,-0.089100,0.992200,0.012400,-0.111700,-0.089600,0.989600,0.013400,-0.103100,0.011100,0.994500,-0.097400,0.020800,-0.030900,0.994500,0.072900,0.104900,-0.017500,0.991700,0.040900,0.057600,0.008200,0.997500,0.194200,-0.113500,0.021500,0.974100,0.233500,-0.115100,0.042000,0.964600,0.260200,-0.116300,0.066500,0.956200,0.163400,-0.120200,0.041000,0.978400,0.048100,-0.123600,0.012400,0.991100,-0.036000,-0.005000,-0.012300,0.999300,-0.269500,0.108300,0.051400,-0.955500,0.237900,-0.251700,-0.620900,0.703300,0.009500,-0.660500,-0.680300,0.317500,0.147300,0.727900,0.665200,-0.077500,-0.244400,0.112200,-0.105200,-0.957400,0.205300,-0.087900,0.673700,0.704500,0.118800,-0.327800,-0.624000,-0.699400,-0.179500,0.361600,0.566300,0.718600
0.000000,0.000000,0.236276,1.428732,6.029528,2.249532,1.509729,1.587608,0.657252,3.765418,2.240218,2.370750,1.056737,0.890618,0.678955,0.937240,-4.740400,-7.373500,-0.418300,-4.634100,-7.380300,-0.393000,-4.702000,-7.781700,-0.334600,-4.770600,-8.145100,-0.341300,-4.848800,-7.372800,-0.452600,-4.867900,-7.774400,-0.372000,-4.886600,-8.142500,-0.435900,-4.743000,-7.291900,-0.390300,-4.757100,-7.119300,-0.317500,-4.773600,-7.001500,-0.255900,-4.809600,-6.832700,-0.158600,-4.815700,-6.785700,-0.142900,-4.817900,-6.736000,-0.138100,-4.769700,-6.881600,-0.180900,-4.594000,-6.909600,-0.151600,-4.565100,-7.177900,-0.139900,-4.766600,-7.298400,-0.027700,-4.827700,-6.885300,-0.194800,-5.000100,-6.912100,-0.239600,-5.024100,-7.159600,-0.344400,-5.024000,-7.367300,-0.188000,0.413600,0.821500,1.159700,0.109300,-0.003300,0.004400,-0.000700,-0.411200,0.001700,0.001600,-0.369800,0.006400,-0.113100,-0.005000,-0.010400,0.000200,-0.410100,-0.001800,0.000800,-0.373900,-0.010500,0.001500,0.086300,0.001600,0.001200,0.187800,0.001400,0.001200,0.134000,0.001600,0.000200,0.198100,0.000300,-0.000200,0.050000,0.000000,-0.000200,0.050000,0.000000,0.030100,0.138200,0.000100,0.180300,-0.000100,-0.000400,0.270100,0.001000,-0.000100,0.260300,0.001700,0.000200,-0.029600,0.138900,0.000300,-0.180200,0.000400,0.000400,-0.269900,0.000500,0.000100,-0.260000,0.000300,-0.000100,0.155100,-0.102900,0.005700,0.982500,-0.232700,0.066400,-0.073600,0.967500,0.085300,-0.054200,-0.021000,0.994700,0.005200,0.009000,0.107600,0.994100,-0.255200,0.128000,-0.026100,0.958000,0.170300,0.084800,0.025100,0.981400,-0.030300,-0.052200,0.024100,0.997900,0.043600,0.000600,0.010100,0.999000,0.042700,0.000300,0.016700,0.998900,0.030700,0.001500,0.022100,0.999300,-0.102000,-0.001400,-0.013200,0.994700,-0.118900,-0.001600,-0.013700,0.992800,-0.085900,0.111100,-0.019100,0.989900,-0.002700,0.026000,0.116000,-0.992900,0.023300,0.317200,0.517800,-0.794200,0.168800,-0.534700,-0.122100,0.818900,0.004100,0.297700,0.042400,-0.953700,0.010300,-0.015200,-0.038000,-0.999100,-0.087600,-0.145800,-0.565400,-0.807100,-0.044200,-0.493100,0.087400,-0.864400,-0.007700,0.064800,-0.070400,0.995400,0.155100,-0.102900,0.005700,0.982500,-0.071400,-0.024300,-0.080400,0.993900,0.009900,-0.086400,-0.095000,0.991700,0.006600,-0.078500,0.012800,0.996800,-0.100100,0.029700,-0.026600,0.994200,0.074000,0.111500,-0.014800,0.990900,0.045700,0.058200,0.008700,0.997200,0.196700,-0.103600,0.020200,0.974800,0.236400,-0.105600,0.040900,0.965000,0.263500,-0.108100,0.065900,0.956300,0.166000,-0.112100,0.041500,0.978900,0.050000,-0.115500,0.014200,0.991900,-0.035000,-0.004400,-0.009200,0.999300,-0.278400,0.101400,0.052100,-0.953700,0.234900,-0.237700,-0.625800,0.704800,0.005700,-0.648500,-0.684000,0.334000,0.172100,0.714900,0.670800,-0.096500,-0.248300,0.104200,-0.105000,-0.957300,0.210000,-0.075700,0.671400,0.706700,0.111700,-0.331100,-0.625500,-0.697600,0.180400,-0.362200,-0.568800,-0.716100
0.000000,0.059423,0.202426,1.720013,3.342232,1.816282,0.415819,0.633670,0.660789,3.303361,4.346213,4.298587,2.088374,1.979948,0.781737,0.815659,-4.745400,-7.373600,-0.419500,-4.639100,-7.380200,-0.393900,-4.701200,-7.783000,-0.338900,-4.770100,-8.146100,-0.347600,-4.853500,-7.372700,-0.451700,-4.869200,-7.773900,-0.368500,-4.886500,-8.141600,-0.434700,-4.747700,-7.292100,-0.391800,-4.760800,-7.119700,-0.318600,-4.776600,-7.002000,-0.256700,-4.811700,-6.833700,-0.158300,-4.817700,-6.786800,-0.142300,-4.820000,-6.737100,-0.137400,-4.772100,-6.882300,-0.181200,-4.596100,-6.910500,-0.154100,-4.566800,-7.178800,-0.145200,-4.764400,-7.302300,-0.029500,-4.829900,-6.886200,-0.194400,-5.002900,-6.913300,-0.237100,-5.028600,-7.161600,-0.339800,-5.027200,-7.369800,-0.184000,0.408600,0.821400,1.158500,0.109400,-0.002500,0.006400,-0.000600,-0.411200,0.001900,0.002800,-0.369700,0.007000,-0.112200,-0.004900,-0.010400,0.000400,-0.410000,-0.001800,0.001300,-0.373800,-0.010800,0.001300,0.086100,0.001100,0.001100,0.187700,0.001000,0.001000,0.133900,0.001200,0.000200,0.198100,0.000300,-0.000200,0.050000,0.000000,-0.000300,0.050000,0.000000,0.030000,0.138300,0.000000,0.180300,-0.000100,-0.000500,0.270100,0.001000,0.000000,0.260200,0.001700,0.000200,-0.029500,0.138800,0.000200,-0.180200,0.000400,0.000400,-0.269900,0.000400,0.000100,-0.260000,0.000200,-0.000100,0.156800,-0.094100,0.004500,0.983100,-0.228100,0.066900,-0.068700,0.968900,0.084100,-0.050100,-0.028300,0.994800,0.002800,0.008500,0.119500,0.992800,-0.259500,0.126000,-0.023400,0.957200,0.176100,0.083100,0.025300,0.980500,-0.029000,-0.057200,0.023000,0.997700,0.043700,0.000300,0.010400,0.999000,0.042800,0.000000,0.017300,0.998900,0.030800,0.000300,0.022700,0.999300,-0.102200,-0.001300,-0.013000,0.994700,-0.119200,-0.001600,-0.013400,0.992800,-0.086200,0.105200,-0.018500,0.990500,0.004300,-0.028000,-0.116400,0.992800,0.024000,0.315300,0.518200,-0.794600,0.166200,-0.532200,-0.118000,0.821700,0.013200,0.304900,0.032500,-0.951700,0.010300,-0.015300,-0.038600,-0.999100,-0.085400,-0.150600,-0.563000,-0.808100,-0.042300,-0.488400,0.088400,-0.867100,-0.010100,0.066400,-0.071800,0.995200,0.156800,-0.094100,0.004500,0.983100,-0.066100,-0.015700,-0.074100,0.994900,0.014700,-0.073600,-0.097200,0.992400,0.009400,-0.066600,0.022400,0.997500,-0.103300,0.036300,-0.023300,0.993700,0.076500,0.116700,-0.012700,0.990100,0.049600,0.058400,0.009000,0.997000,0.198600,-0.095200,0.018900,0.975300,0.238600,-0.097600,0.039800,0.965400,0.265900,-0.101400,0.064800,0.956500,0.168100,-0.105400,0.041300,0.979200,0.051700,-0.108800,0.015100,0.992600,-0.033900,-0.003700,-0.007400,0.999400,0.281700,-0.096200,-0.054000,0.953100,-0.233900,0.229700,0.627900,-0.705900,-0.002400,0.641200,0.685500,-0.344800,-0.190500,-0.706300,-0.672800,0.110400,-0.250900,0.097700,-0.104600,-0.957400,0.213700,-0.067000,0.669700,0.708100,0.105900,-0.334900,-0.625300,-0.696900,0.178000,-0.365600,-0.568600,-0.715100
0.000000,0.000000,0.367538,1.079426,4.383214,1.669469,1.054513,0.505325,0.635717,4.161908,4.964352,3.691431,1.870757,1.753378,1.092992,0.719525,-4.752700,-7.374700,-0.421500,-4.646000,-7.381000,-0.396400,-4.701500,-7.785200,-0.346100,-4.770600,-8.148200,-0.359800,-4.860200,-7.373500,-0.449900,-4.870700,-7.773700,-0.362400,-4.886600,-8.140500,-0.432900,-4.754500,-7.293400,-0.394000,-4.766200,-7.121400,-0.320200,-4.780900,-7.004100,-0.257900,-4.814300,-6.836400,-0.157900,-4.820100,-6.789500,-0.141600,-4.822500,-6.739800,-0.136400,-4.775100,-6.884600,-0.182100,-4.598800,-6.913000,-0.158200,-4.568000,-7.181600,-0.151600,-4.761400,-7.308000,-0.031700,-4.833000,-6.888800,-0.194100,-5.006600,-6.916300,-0.233500,-5.034700,-7.165300,-0.333900,-5.031700,-7.373800,-0.178600,0.401300,0.820300,1.156500,0.109400,-0.001500,0.008500,-0.000300,-0.411100,0.001700,0.002200,-0.369700,0.006600,-0.110700,-0.004300,-0.010000,0.000700,-0.409900,-0.001800,0.002100,-0.373600,-0.011100,0.001000,0.085800,0.000500,0.000900,0.187500,0.000600,0.000800,0.133700,0.000800,0.000200,0.198100,0.000300,-0.000200,0.050000,0.000000,-0.000300,0.050000,0.000000,0.030000,0.138400,-0.000200,0.180200,-0.000100,-0.000500,0.270400,0.001600,0.000100,0.260200,0.002500,-0.000200,-0.029300,0.138700,0.000200,-0.180100,0.000400,0.000400,-0.269900,0.000300,0.000100,-0.260000,0.000100,0.000000,0.159200,-0.081100,0.003100,0.983900,-0.222600,0.065700,-0.063500,0.970600,0.084600,-0.050500,-0.034000,0.994600,0.009600,0.009900,0.133500,0.991000,-0.266500,0.122000,-0.019600,0.955900,0.187000,0.080800,0.025000,0.978700,-0.028900,-0.063500,0.021600,0.997300,0.043800,-0.000100,0.010700,0.999000,0.043000,-0.000400,0.017800,0.998900,-0.030900,0.001700,-0.023400,-0.999200,-0.102400,-0.001300,-0.012800,0.994700,-0.119400,-0.001600,-0.013200,0.992800,-0.086600,0.096800,-0.017600,0.991400,0.004900,-0.029700,-0.116800,0.992700,0.022000,0.315100,0.516800,-0.795700,0.163500,-0.530900,-0.114100,0.823600,0.025300,0.311100,0.015400,-0.949900,0.011100,-0.015400,-0.039500,-0.999000,-0.083300,-0.155700,-0.560500,-0.809100,-0.040600,-0.483400,0.091300,-0.869700,-0.010400,0.067500,-0.074100,0.994900,0.159200,-0.081100,0.003100,0.983900,-0.059600,-0.004700,-0.067100,0.996000,0.021800,-0.062600,-0.097200,0.993100,0.023700,-0.056000,0.037000,0.997500,-0.108900,0.044800,-0.018500,0.992900,0.081700,0.123300,-0.010400,0.988900,0.054900,0.058800,0.009400,0.996700,0.201200,-0.082700,0.017200,0.975900,0.241500,-0.085800,0.038000,0.965900,-0.269300,0.091900,-0.062800,-0.956600,-0.171100,0.095600,-0.040500,-0.979800,-0.054200,0.099100,-0.015500,-0.993500,0.032000,0.002500,0.005400,-0.999500,-0.284600,0.087800,0.056900,-0.952900,0.232900,-0.221900,-0.629400,0.707400,-0.001400,-0.634600,-0.686500,0.354900,0.214100,0.695900,0.673200,-0.129100,0.253800,-0.088400,0.103600,0.957600,-0.219400,0.056100,-0.667400,-0.709400,-0.097900,0.341300,0.624000,0.696100,-0.172000,0.372700,0.566200,0.714700
0.000000,0.000000,0.495799,1.116990,4.044594,1.058552,1.613751,0.805137,0.494592,5.159855,3.775324,3.146563,1.570324,1.310472,1.128183,0.712270,-4.765700,-7.379500,-0.425300,-4.656900,-7.384500,-0.403500,-4.709200,-7.789800,-0.360800,-4.771600,-8.151300,-0.391500,-4.872300,-7.377100,-0.446000,-4.871700,-7.774800,-0.348000,-4.886600,-8.138100,-0.430200,-4.767100,-7.298900,-0.398500,-4.776100,-7.127600,-0.323900,-4.788700,-7.011000,-0.260900,-4.818000,-6.844500,-0.157800,-4.823200,-6.797700,-0.140800,-4.825500,-6.748100,-0.135200,-4.779900,-6.892300,-0.184200,-4.602800,-6.920500,-0.167500,-4.570700,-7.189000,-0.163300,-4.756100,-7.319100,-0.035100,-4.838100,-6.896600,-0.193900,-5.013000,-6.924800,-0.226400,-5.045300,-7.174500,-0.323700,-5.039200,-7.382700,-0.168200,0.388300,0.815500,1.152700,0.110500,0.000100,0.010700,-0.000300,-0.410900,0.001700,0.000100,-0.368100,0.005000,-0.108200,-0.002300,-0.009100,0.001100,-0.409600,-0.001600,0.003600,-0.372600,-0.011100,0.000200,0.085000,-0.000300,0.000300,0.187000,-0.000100,0.000200,0.133200,0.000100,0.000200,0.198000,0.000300,-0.000200,0.050000,0.000000,-0.000400,0.050000,0.000000,0.029900,0.138400,-0.000400,0.180100,-0.000100,-0.000500,0.270400,0.000900,-0.000100,0.260200,0.001800,-0.000300,-0.029300,0.138400,0.000100,-0.180100,0.000300,0.000400,-0.269900,0.000200,0.000100,-0.260000,0.000000,0.000000,0.161900,-0.053400,0.000900,0.985400,-0.212500,0.067600,-0.066300,0.972600,0.097700,-0.074600,-0.024100,0.992100,0.030900,-0.009000,-0.100800,-0.994400,-0.281400,0.113400,-0.012500,0.952800,0.216600,0.074900,0.023300,0.973100,-0.032600,-0.076200,0.019100,0.996400,-0.044500,0.001200,-0.011000,-0.998900,-0.043700,0.001500,-0.018300,-0.998900,-0.031700,0.007000,-0.023700,-0.999200,-0.103100,-0.001300,-0.012500,0.994600,-0.120200,-0.001600,-0.012900,0.992700,-0.087400,0.079700,-0.016000,0.992800,-0.002400,0.030300,0.115600,-0.992800,0.014500,0.320200,0.511400,-0.797400,0.149500,-0.528300,-0.105200,0.829100,-0.038500,-0.318200,0.008900,0.947200,0.013700,-0.016300,-0.041600,-0.998900,-0.081000,-0.161200,-0.557300,-0.810500,-0.038000,-0.478800,0.098000,-0.871600,-0.006500,0.066900,-0.081300,0.994400,0.161900,-0.053400,0.000900,0.985400,-0.048500,0.025200,-0.064800,0.996400,0.043800,-0.056700,-0.087200,0.993600,-0.007900,0.049200,-0.012100,-0.998700,-0.122400,0.062600,-0.008100,0.990500,0.097400,0.136200,-0.007500,0.985800,0.066900,0.059000,0.008400,0.996000,-0.205000,0.056200,-0.013900,-0.977000,0.246400,-0.060800,0.034000,0.966700,-0.275600,0.072300,-0.057000,-0.956800,-0.176500,0.075600,-0.037000,-0.980700,-0.058400,0.078700,-0.014600,-0.995100,0.029000,-0.000800,0.003600,-0.999600,0.286100,-0.068700,-0.062200,0.953700,-0.229500,0.213000,0.629900,-0.710800,0.013800,0.622100,0.686500,-0.376200,0.251500,0.682400,0.666400,-0.164000,0.258300,-0.068900,0.100300,0.958400,-0.232400,0.037200,-0.662600,-0.711000,-0.084000,0.356000,0.620500,0.693700,-0.158500,0.389600,0.557300,0.715900
0.100682,0.134299,0.570463,1.534975,2.910565,0.264628,1.938724,1.302387,0.298952,5.980197,1.580026,2.805062,1.274618,0.811913,0.974474,0.752646,-4.773700,-7.383500,-0.428500,-4.663700,-7.387300,-0.411000,-4.715600,-7.792500,-0.370300,-4.772800,-8.154400,-0.405800,-4.880200,-7.380200,-0.444700,-4.871300,-7.775300,-0.338500,-4.886100,-8.135800,-0.428700,-4.774900,-7.303400,-0.401700,-4.782300,-7.132700,-0.326600,-4.793400,-7.016600,-0.262900,-4.819800,-6.850600,-0.158200,-4.824500,-6.804000,-0.140900,-4.826600,-6.754300,-0.135100,-4.782400,-6.898300,-0.185700,-4.604900,-6.926100,-0.174500,-4.571900,-7.194300,-0.170300,-4.752000,-7.325900,-0.036400,-4.841000,-6.902700,-0.194200,-5.016700,-6.931000,-0.222500,-5.051600,-7.180900,-0.318300,-5.042800,-7.388600,-0.162200,0.380300,0.811500,1.149500,0.111100,0.000800,0.009600,-0.000100,-0.410500,0.001000,-0.000400,-0.368100,0.003400,-0.107400,-0.000800,-0.008500,0.001200,-0.409300,-0.001500,0.003900,-0.371700,-0.011100,-0.000200,0.084500,-0.000400,0.000000,0.186600,-0.000100,-0.000100,0.132900,0.000100,0.000200,0.198000,0.000300,-0.000300,0.050000,0.000000,-0.000400,0.050000,0.000000,0.030000,0.138500,-0.000300,0.180100,0.000000,-0.000300,0.270200,0.000900,0.000000,0.260200,0.001800,-0.000200,-0.029400,0.138200,0.000200,-0.180200,0.000300,0.000400,-0.269900,0.000100,0.000100,-0.260000,-0.000100,0.000000,0.163000,-0.037200,-0.000200,0.985900,-0.209900,0.069300,-0.069800,0.972800,0.101000,-0.094900,-0.015000,0.990200,0.046200,-0.013400,-0.084100,-0.995300,-0.292500,0.109800,-0.007100,0.949900,0.238600,0.070200,0.022300,0.968300,-0.032400,-0.084900,0.016800,0.995700,-0.044900,0.002000,-0.010900,-0.998900,-0.044100,0.002300,-0.018200,-0.998900,-0.032100,0.010600,-0.023300,-0.999200,-0.103800,-0.001300,-0.012000,0.994500,-0.121000,-0.001500,-0.012400,0.992600,-0.088300,0.070300,-0.014900,0.993500,0.000600,0.025100,0.115500,-0.993000,0.007200,0.326300,0.507100,-0.797700,0.140600,-0.526400,-0.100600,0.832500,-0.041200,-0.319900,0.019800,0.946400,0.015500,-0.017800,-0.043000,-0.998800,-0.080400,-0.163100,-0.556200,-0.810900,-0.036400,-0.478300,0.100700,-0.871600,0.005300,-0.065600,0.086400,-0.994100,0.163000,-0.037200,-0.000200,0.985900,-0.045700,0.043600,-0.065600,0.995800,0.048400,-0.058600,-0.079900,0.993900,0.001600,0.045400,-0.002000,-0.999000,-0.133300,0.074100,-0.000200,0.988300,0.108500,0.144100,-0.005200,0.983600,0.078200,0.058300,0.006800,0.995200,-0.206700,0.040900,-0.011900,-0.977500,0.248800,-0.046300,0.031000,0.966900,-0.279000,0.061300,-0.052300,-0.956900,-0.178900,0.064300,-0.033800,-0.981200,-0.059700,0.067100,-0.013300,-0.995900,0.028500,-0.003000,0.003300,-0.999600,0.284800,-0.052800,-0.065600,0.954900,-0.225700,0.208700,0.629900,-0.713300,0.022400,0.615100,0.685600,-0.388800,0.268700,0.677700,0.659300,-0.183900,0.260200,-0.057000,0.097400,0.958900,-0.240400,0.026700,-0.659400,-0.711800,-0.077200,0.365400,0.619000,0.690900,0.152600,-0.398700,-0.552500,-0.715900
0.000000,0.000000,0.451863,1.229473,3.097346,0.512074,1.001837,1.039417,0.303894,4.841156,1.367254,3.591257,1.430099,1.010415,0.877660,0.684830,-4.790000,-7.390500,-0.437300,-4.680500,-7.391800,-0.430100,-4.720700,-7.796500,-0.380000,-4.770400,-8.158400,-0.420600,-4.896600,-7.385900,-0.445200,-4.869600,-7.773900,-0.319000,-4.883600,-8.130000,-0.422600,-4.790000,-7.311500,-0.409400,-4.794000,-7.142300,-0.332000,-4.802100,-7.027600,-0.266600,-4.822900,-6.862800,-0.158700,-4.826600,-6.816300,-0.140900,-4.828300,-6.766600,-0.135200,-4.787000,-6.910500,-0.188800,-4.609000,-6.937300,-0.187700,-4.574100,-7.205100,-0.183800,-4.744100,-7.338000,-0.038300,-4.846300,-6.914500,-0.194800,-5.023000,-6.943100,-0.216100,-5.062800,-7.193500,-0.309100,-5.048000,-7.399800,-0.151500,0.364000,0.804500,1.140700,0.109600,0.001400,0.005100,-0.000200,-0.409800,0.000600,-0.001600,-0.367500,0.001300,-0.106800,0.001500,-0.006900,0.001200,-0.408900,-0.001000,0.003500,-0.371000,-0.010100,-0.000200,0.083700,0.000200,0.000000,0.186100,0.000200,-0.000200,0.132300,0.000400,0.000300,0.198100,0.000400,-0.000200,0.050000,0.000000,-0.000400,0.050000,-0.000200,0.030000,0.138100,-0.000700,0.180100,-0.000200,-0.000700,0.270100,0.000200,-0.000100,0.260300,0.001000,-0.000100,-0.029700,0.137900,0.000300,-0.180300,0.000200,0.000500,-0.270000,0.000100,0.000100,-0.260000,-0.000200,0.000100,0.168100,-0.009300,-0.002700,0.985700,-0.225100,0.051500,-0.057000,0.971300,0.117200,-0.097400,-0.016400,0.988200,0.057700,-0.012500,-0.060800,-0.996400,-0.323000,0.103300,0.005500,0.940700,0.285200,0.061600,0.021400,0.956200,-0.018200,-0.103400,0.012300,0.994400,-0.045000,0.003900,-0.010600,-0.998900,-0.044200,0.004200,-0.017800,-0.998900,-0.032600,0.019600,-0.022200,-0.999000,-0.106900,-0.001100,-0.010100,0.994200,-0.124600,-0.001300,-0.010400,0.992200,-0.091300,0.058500,-0.012700,0.994000,0.010800,0.012400,0.113300,-0.993400,-0.002700,0.332000,0.501900,-0.798600,0.125000,-0.525800,-0.091900,0.836400,-0.045300,-0.318000,0.028100,0.946600,0.020300,-0.024000,-0.047300,-0.998400,-0.080100,-0.166400,-0.552900,-0.812500,-0.032500,-0.480000,0.101800,-0.870700,-0.007700,0.063200,-0.095400,0.993400,0.168100,-0.009300,-0.002700,0.985700,-0.057900,0.051900,-0.052200,0.995600,0.053500,-0.052800,-0.068300,0.994800,0.006500,0.039400,0.009900,-0.999200,-0.160100,0.093100,0.017300,0.982600,0.128100,0.157900,0.001100,0.979100,0.111700,0.054200,0.002800,0.992300,-0.212100,0.015000,-0.007600,-0.977100,0.254800,-0.022600,0.024700,0.966400,-0.286100,0.046300,-0.041900,-0.956200,-0.182700,0.048700,-0.026800,-0.981600,-0.059500,0.051000,-0.010000,-0.996900,0.031700,-0.007400,0.003800,-0.999500,0.279600,-0.025900,-0.070700,0.957200,-0.215400,0.198300,0.629700,-0.719600,0.042800,0.603100,0.681200,-0.412700,0.292800,0.670100,0.646900,-0.216100,0.263000,-0.037700,0.092900,0.959600,-0.254200,0.008900,-0.652900,-0.713500,-0.067900,0.381900,0.618200,0.683700,-0.148200,0.411300,0.547600,0.713500
0.871745,0.009931,0.519262,1.136306,3.868868,1.531935,0.553272,0.637484,0.397020,6.178923,2.016715,3.393354,0.999664,0.854125,0.913777,0.562379,-4.799200,-7.391700,-0.440900,-4.689300,-7.392200,-0.434900,-4.722000,-7.797000,-0.380600,-4.769000,-8.158400,-0.425000,-4.905400,-7.386400,-0.445100,-4.869400,-7.769600,-0.307400,-4.881200,-8.123300,-0.416900,-4.798300,-7.313700,-0.412300,-4.799500,-7.145900,-0.333100,-4.806000,-7.032300,-0.266700,-4.823700,-6.868700,-0.156500,-4.826900,-6.822200,-0.138500,-4.828300,-6.772600,-0.133000,-4.788800,-6.916500,-0.187700,-4.611000,-6.943500,-0.192500,-4.574000,-7.211000,-0.189400,-4.737400,-7.344800,-0.037100,-4.848400,-6.919800,-0.193200,-5.025300,-6.949500,-0.211500,-5.068100,-7.200300,-0.302300,-5.049700,-7.405800,-0.144200,0.354800,0.803300,1.137100,0.109800,0.003800,0.006300,-0.000100,-0.409700,0.001800,-0.001300,-0.367100,0.003100,-0.106200,0.001500,-0.006300,0.001300,-0.408800,-0.000900,0.003600,-0.370300,-0.009000,-0.000700,0.083100,-0.000100,-0.000600,0.185600,0.000100,-0.000900,0.131700,0.000300,0.000400,0.198100,0.000500,-0.000100,0.049900,0.000100,-0.000400,0.050000,-0.000300,0.029900,0.138100,-0.000800,0.180000,-0.000100,-0.000700,0.270100,0.000100,0.000000,0.260300,0.001600,-0.000200,-0.030000,0.137700,0.000500,-0.180300,0.000100,0.000500,-0.270100,0.000100,0.000100,-0.260000,-0.000200,0.000000,-0.175000,-0.003800,0.009300,-0.984500,-0.235900,0.036500,-0.042200,0.970200,0.128700,-0.081100,-0.020600,0.988100,-0.065800,-0.000400,0.054500,0.996300,-0.345700,0.097900,0.016000,0.933100,0.310100,0.059300,0.024100,0.948500,-0.001600,0.116600,-0.008600,-0.993100,-0.044200,0.005600,-0.011300,-0.998900,-0.043400,0.005900,-0.019000,-0.998900,-0.032500,0.027500,-0.023200,-0.998800,-0.110000,-0.000800,-0.007100,0.993900,-0.128200,-0.000900,-0.007300,0.991700,-0.094200,0.060600,-0.010900,0.993600,-0.018500,0.003000,-0.115200,0.993200,-0.005800,0.331700,0.497600,-0.801500,0.120500,-0.526400,-0.090100,0.836800,-0.046900,-0.317500,0.027000,0.946700,0.020000,-0.035600,-0.052800,-0.997800,-0.076800,-0.171000,-0.547100,-0.815800,-0.029400,-0.480700,0.100400,-0.870600,-0.011300,0.063500,-0.098900,0.993000,-0.175000,-0.003800,0.009300,-0.984500,0.062200,-0.049100,0.043300,-0.995900,-0.062200,0.039100,0.064600,-0.995200,0.005700,0.038500,0.012700,-0.999200,0.176100,-0.100300,-0.025600,-0.978900,-0.137500,-0.165400,-0.006300,-0.976600,0.140200,0.049200,-0.001700,0.988900,0.218400,-0.004100,0.000700,0.975900,-0.260400,0.014000,-0.018200,-0.965200,0.291700,-0.046000,0.033900,0.954800,0.185200,-0.048100,0.021600,0.981300,0.058200,-0.050000,0.007900,0.997000,-0.036000,0.010600,-0.004200,0.999300,0.277200,-0.009800,-0.076400,0.957700,-0.207300,0.188100,0.629700,-0.724700,0.053700,0.596000,0.678700,-0.425700,0.302400,0.666100,0.642000,-0.229500,-0.268300,0.028000,-0.093600,-0.958400,0.261200,0.001400,0.648800,0.714700,0.063600,-0.390200,-0.618600,-0.679000,0.148700,-0.417200,-0.547500,-0.710000
2.106658,0.217989,0.627070,1.187526,4.922050,2.670081,0.522206,0.359036,0.508298,8.633378,2.759470,2.541259,0.371726,0.554747,0.977969,0.495449,-4.806200,-7.390200,-0.444800,-4.694400,-7.391600,-0.440000,-4.726300,-7.796100,-0.381900,-4.769300,-8.158100,-0.430500,-4.913000,-7.382300,-0.445800,-4.869000,-7.760500,-0.297600,-4.878000,-8.110100,-0.412100,-4.804300,-7.313200,-0.415300,-4.803100,-7.147200,-0.333900,-4.808100,-7.035100,-0.266400,-4.823300,-6.872900,-0.153700,-4.825900,-6.826600,-0.135300,-4.827200,-6.776900,-0.130000,-4.789400,-6.920900,-0.185700,-4.611900,-6.948400,-0.195800,-4.572800,-7.215600,-0.194400,-4.729900,-7.351000,-0.037000,-4.849100,-6.923400,-0.191000,-5.026000,-6.954500,-0.206900,-5.071100,-7.205800,-0.295300,-5.049800,-7.410900,-0.136900,0.347800,0.804800,1.133200,0.111700,0.004400,0.007300,0.000400,-0.409900,0.001600,0.000500,-0.367800,0.003700,-0.106800,0.003100,-0.006000,0.001400,-0.408600,-0.000500,0.003600,-0.367800,-0.008500,-0.001100,0.082400,-0.000200,-0.001100,0.184900,0.000100,-0.001400,0.130900,0.000100,0.000500,0.198100,0.000600,0.000000,0.049900,0.000100,-0.000400,0.050000,-0.000400,0.029700,0.137900,-0.000500,0.180000,-0.000100,-0.000400,0.270100,0.000200,0.000000,0.260300,0.000900,0.000000,-0.030200,0.137600,0.000700,-0.180400,0.000100,0.000500,-0.270100,0.000100,0.000100,-0.260000,-0.000300,0.000100,-0.183000,-0.013200,0.015800,-0.982900,-0.248200,0.031200,-0.037900,0.967500,0.140400,-0.079800,-0.016300,0.986700,-0.071800,-0.006400,0.051300,0.996100,-0.367700,0.092200,0.026700,0.925000,0.331600,0.057500,0.026600,0.941300,0.024200,-0.129000,0.001400,0.991400,-0.043700,0.006500,-0.012000,-0.999000,-0.042900,0.006900,-0.020100,-0.998900,-0.032400,0.031900,-0.024500,-0.998700,-0.113400,-0.000500,-0.004600,0.993500,-0.132200,-0.000600,-0.004700,0.991200,-0.097300,0.061800,-0.009400,0.993300,-0.025000,0.015000,-0.117600,0.992600,-0.005400,0.329700,0.494400,-0.804200,0.117200,-0.526100,-0.089200,0.837600,-0.049700,-0.317100,0.034300,0.946500,0.015300,-0.044600,-0.058300,-0.997200,-0.069400,-0.180200,-0.539500,-0.819500,-0.025300,-0.479500,0.099700,-0.871500,-0.014100,0.064400,-0.100500,0.992700,-0.183000,-0.013200,0.015800,-0.982900,0.067000,-0.054300,0.043500,-0.995300,-0.069300,0.033100,0.061400,-0.995200,0.004400,0.038500,0.012900,-0.999200,0.190400,-0.103700,-0.033300,-0.975600,-0.145200,-0.169900,-0.012000,-0.974600,-0.169300,-0.042800,0.009600,-0.984600,0.225800,0.003900,-0.005700,0.974200,-0.267300,0.007600,-0.012200,-0.963500,0.298400,-0.044500,0.027400,0.953000,0.188600,-0.046400,0.017700,0.980800,0.057500,-0.048100,0.006700,0.997200,-0.039800,0.013800,-0.003900,0.999100,0.277200,0.004500,-0.081500,0.957300,-0.199100,0.175300,0.630300,-0.729600,0.063700,0.586900,0.677100,-0.439300,0.316900,0.659000,0.634800,-0.249800,-0.279200,0.019600,-0.095600,-0.955300,0.267300,0.012100,0.645400,0.715500,0.059700,-0.396600,-0.619000,-0.675300,0.148500,-0.422500,-0.548400,-0.706200
2.186370,0.352816,0.521970,1.382878,5.913648,2.723347,1.157155,0.846432,0.515704,10.527750,2.140806,1.082412,0.139755,0.402741,0.889294,0.759104,-4.812200,-7.387600,-0.454300,-4.699400,-7.390500,-0.457400,-4.736800,-7.792200,-0.383800,-4.773500,-8.155800,-0.438800,-4.923500,-7.377800,-0.451200,-4.865800,-7.746200,-0.284600,-4.869000,-8.091300,-0.403800,-4.809100,-7.311500,-0.423000,-4.806200,-7.147600,-0.338200,-4.809500,-7.037600,-0.267900,-4.823200,-6.878400,-0.150700,-4.825800,-6.832400,-0.131600,-4.827100,-6.782700,-0.126400,-4.790000,-6.925700,-0.185500,-4.612800,-6.953300,-0.199800,-4.571900,-7.220300,-0.204400,-4.715000,-7.362000,-0.039400,-4.849300,-6.928100,-0.188600,-5.026100,-6.960700,-0.201300,-5.073600,-7.213800,-0.283200,-5.050400,-7.419000,-0.125200,0.341800,0.807400,1.123700,0.112800,0.000500,0.003200,0.000600,-0.410100,0.000300,0.002500,-0.369600,0.002000,-0.111500,0.006000,-0.005700,0.000900,-0.408400,0.000100,0.001600,-0.365000,-0.007300,0.000000,0.082300,0.000500,-0.000400,0.184600,0.000500,-0.000600,0.130600,0.000600,0.000400,0.198100,0.000700,-0.000100,0.049900,0.000100,-0.000300,0.050000,-0.000500,0.029400,0.137300,-0.000600,0.179900,-0.000400,-0.000700,0.270200,0.000300,0.000100,0.260300,0.001100,-0.000200,-0.030100,0.137700,0.000600,-0.180300,0.000100,0.000400,-0.270200,0.000100,0.000100,-0.260100,-0.000200,0.000100,-0.191100,-0.025300,0.014700,-0.981100,-0.274600,0.024000,-0.050500,0.959900,0.166900,-0.095000,-0.003300,0.981400,-0.077600,0.003200,0.046400,0.995900,0.399500,-0.079200,-0.038500,-0.912500,0.364700,0.058300,0.027800,0.928900,0.066100,-0.149600,-0.029200,0.986100,-0.045100,0.006000,-0.012100,-0.998900,-0.044300,0.006300,-0.020300,-0.998800,-0.033300,0.029500,-0.024700,-0.998700,-0.118900,-0.000700,-0.005400,0.992900,-0.138600,-0.000800,-0.005600,0.990300,-0.102000,0.051900,-0.009400,0.993400,-0.028100,0.007600,-0.119600,0.992400,0.013400,0.315300,0.499900,-0.806500,0.115300,-0.520000,-0.088600,0.841700,-0.046800,-0.321100,0.038900,0.945100,0.013100,-0.042400,-0.059900,-0.997200,-0.059900,-0.200600,-0.527600,-0.823300,-0.015300,-0.468900,0.103100,-0.877100,-0.017300,0.062000,-0.098500,0.993000,-0.191100,-0.025300,0.014700,-0.981100,0.086900,-0.061500,0.052100,-0.993000,-0.075300,0.042900,0.056300,-0.994600,0.004000,0.038700,0.013000,-0.999200,-0.215500,0.099300,0.049700,0.970200,0.153600,0.172800,0.024300,0.972600,0.214300,0.031000,-0.038800,0.975500,0.235400,0.016400,-0.005100,0.971700,-0.278500,-0.005200,-0.012400,-0.960400,0.310500,-0.029500,0.027700,0.949700,0.195500,-0.031500,0.018600,0.980000,0.058000,-0.033500,0.008400,0.997700,-0.044300,0.018200,-0.001500,0.998800,0.284800,0.014200,-0.084600,0.954700,-0.183100,0.146100,0.635100,-0.736000,0.078300,0.562700,0.678200,-0.466200,0.335500,0.646700,0.624000,-0.282600,-0.294300,0.008100,-0.097300,-0.950700,0.275400,0.034600,0.641200,0.715400,0.051700,-0.404000,-0.617200,-0.673200,0.141100,-0.427200,-0.550400,-0.703300
1.111814,0.387784,0.485196,1.791762,5.780253,1.579458,1.353453,1.049900,0.508911,9.160149,1.746726,0.825036,0.325241,0.469191,0.759402,0.946827,-4.814400,-7.385200,-0.458400,-4.703300,-7.388100,-0.463300,-4.738400,-7.789800,-0.388200,-4.774300,-8.153800,-0.444200,-4.928400,-7.375500,-0.454600,-4.864100,-7.739000,-0.280000,-4.862100,-8.083200,-0.400900,-4.810600,-7.309300,-0.426500,-4.807500,-7.146000,-0.340200,-4.810000,-7.037000,-0.268400,-4.823700,-6.879100,-0.149400,-4.826400,-6.833300,-0.130000,-4.827900,-6.783600,-0.124800,-4.790300,-6.925900,-0.185100,-4.613200,-6.953100,-0.201100,-4.573100,-7.220300,-0.209600,-4.707100,-7.367400,-0.041800,-4.849600,-6.928600,-0.187400,-5.026500,-6.961500,-0.199000,-5.073200,-7.215700,-0.277500,-5.050300,-7.421600,-0.120200,0.339600,0.809800,1.119600,0.111300,-0.000700,0.002300,0.000200,-0.410200,0.000500,0.002200,-0.370000,0.002500,-0.114100,0.006600,-0.006100,0.000700,-0.408300,0.000300,0.000300,-0.364800,-0.007300,0.001000,0.082400,0.000900,0.000400,0.184700,0.000900,0.000300,0.130600,0.001200,0.000300,0.198200,0.000800,-0.000100,0.049900,0.000100,-0.000300,0.050000,-0.000500,0.029500,0.137200,-0.000400,0.179900,-0.000500,-0.000600,0.270300,0.000500,0.000000,0.260300,0.001500,-0.000300,-0.029900,0.137800,0.000700,-0.180300,0.000100,0.000600,-0.270100,0.000200,0.000200,-0.260100,-0.000200,0.000100,-0.192900,-0.028700,0.011700,-0.980700,-0.277800,0.018200,-0.049800,0.959200,0.170200,-0.096900,-0.006200,0.980600,0.079600,-0.008000,-0.044600,-0.995800,0.411300,-0.070200,-0.045300,-0.907700,0.377300,0.061400,0.028000,0.923600,0.080900,-0.158500,-0.060600,0.982200,-0.046400,0.005500,-0.011800,-0.998800,-0.045500,0.005800,-0.019800,-0.998800,-0.034000,0.027000,-0.024300,-0.998800,-0.121400,-0.000800,-0.006100,0.992600,-0.141500,-0.000900,-0.006300,0.989900,-0.104100,0.047500,-0.009600,0.993400,-0.022100,0.002900,-0.121200,0.992400,0.032200,0.308500,0.506600,-0.804500,0.116600,-0.511400,-0.089200,0.846700,-0.038400,-0.322500,0.041000,0.944900,0.014700,-0.038200,-0.058400,-0.997500,-0.056700,-0.210200,-0.525700,-0.822300,-0.014400,-0.460000,0.107600,-0.881200,-0.019200,0.055200,-0.097900,0.993500,-0.192900,-0.028700,0.011700,-0.980700,0.088700,-0.058300,0.048500,-0.993200,-0.077000,0.047900,0.055100,-0.994400,-0.004200,-0.038900,-0.013700,0.999100,-0.226200,0.091000,0.059100,0.968000,0.155200,0.172100,0.033500,0.972200,0.226000,0.027000,-0.064500,0.971600,0.238400,0.020500,-0.002500,0.970900,-0.282700,-0.010000,-0.014400,-0.959000,0.315600,-0.022300,0.029700,0.948200,0.198300,-0.024500,0.020800,0.979600,0.057900,-0.026900,0.010700,0.997900,-0.046700,0.020100,0.001000,0.998700,0.294900,0.018200,-0.084900,0.951600,-0.171200,0.126800,0.640800,-0.737600,0.085400,0.544000,0.681100,-0.482500,0.341200,0.640000,0.617200,-0.305200,-0.298400,0.004900,-0.096800,-0.949500,0.276300,0.044200,0.641800,0.714000,0.046300,-0.406400,-0.615200,-0.674000,0.132600,-0.424600,-0.550500,-0.706500
0.000000,0.354399,0.459645,1.925068,6.212116,0.288083,1.146775,0.980441,0.498486,7.085185,1.460464,0.917492,0.658585,0.580882,0.629806,1.014528,-4.815700,-7.382200,-0.461100,-4.706000,-7.384900,-0.466300,-4.738400,-7.787200,-0.392700,-4.774300,-8.151800,-0.448400,-4.931900,-7.373500,-0.457200,-4.862400,-7.734000,-0.278100,-4.853800,-8.077900,-0.400600,-4.811500,-7.306300,-0.428700,-4.808300,-7.143500,-0.341400,-4.810300,-7.035100,-0.268400,-4.824100,-6.878300,-0.148100,-4.826900,-6.832600,-0.128400,-4.828600,-6.782900,-0.123200,-4.790400,-6.924600,-0.184200,-4.613200,-6.951100,-0.201300,-4.575700,-7.218500,-0.214200,-4.700200,-7.372400,-0.045100,-4.849800,-6.927700,-0.186200,-5.026700,-6.960400,-0.197000,-5.071900,-7.216000,-0.271900,-5.049600,-7.422900,-0.116000,0.338300,0.812800,1.116900,0.109900,-0.001200,0.002100,-0.000100,-0.410300,0.000600,0.001300,-0.370500,0.004000,-0.116200,0.006100,-0.006000,0.000500,-0.408400,0.000400,-0.000500,-0.365100,-0.006800,0.001800,0.082600,0.001000,0.001100,0.184700,0.001000,0.001100,0.130700,0.001400,0.000300,0.198200,0.000800,-0.000100,0.049900,0.000100,-0.000300,0.050000,-0.000500,0.029700,0.137200,-0.000300,0.180000,-0.000500,-0.000500,0.270300,0.000700,0.000100,0.260400,0.001700,-0.000400,-0.029800,0.137800,0.000700,-0.180300,0.000100,0.000500,-0.270100,0.000300,0.000300,-0.260100,-0.000100,0.000000,-0.195200,-0.029500,0.009000,-0.980300,-0.278500,0.015300,-0.048200,0.959100,0.169700,-0.095400,-0.008900,0.980800,0.080800,-0.009000,-0.043100,-0.995800,0.419000,-0.061600,-0.052900,-0.904300,0.385300,0.061900,0.026400,0.920300,0.080300,-0.163500,-0.091800,0.979000,-0.047100,0.004900,-0.011400,-0.998800,-0.046200,0.005200,-0.019200,-0.998700,-0.034400,0.024300,-0.023700,-0.998800,-0.123200,-0.000700,-0.006000,0.992400,-0.143600,-0.000900,-0.006200,0.989600,-0.105800,0.045200,-0.009400,0.993300,-0.018200,-0.000100,-0.121600,0.992400,0.051800,0.297500,0.518900,-0.799800,0.120000,-0.498700,-0.090900,0.853600,-0.024500,-0.324800,0.041400,0.944500,0.015600,-0.035000,-0.056700,-0.997700,-0.049900,-0.218300,-0.525700,-0.820600,-0.016900,-0.450000,0.109200,-0.886200,-0.021100,0.045100,-0.100000,0.993700,-0.195200,-0.029500,0.009000,-0.980300,0.087100,-0.055200,0.044700,-0.993700,-0.078400,0.049000,0.053800,-0.994300,-0.003900,-0.038900,-0.014000,0.999100,-0.232100,0.080600,0.068100,0.967000,0.156900,0.166400,0.042800,0.972600,0.223400,0.021700,-0.086400,0.970700,0.241500,0.022100,-0.000200,0.970200,-0.286400,-0.012300,-0.016200,-0.957900,0.319700,-0.017200,0.031500,0.946800,0.200700,-0.019700,0.023200,0.979200,0.058100,-0.022500,0.013900,0.998000,-0.048200,0.021800,0.004600,0.998600,0.302100,0.021100,-0.084200,0.949300,-0.156500,0.104400,0.648700,-0.737400,0.092000,0.520500,0.686200,-0.499700,0.343600,0.633300,0.610400,-0.329000,-0.302100,0.002700,-0.096000,-0.948400,0.272900,0.050800,0.643500,0.713400,0.041200,-0.406700,-0.614300,-0.675000,0.123600,-0.417500,-0.549600,-0.713000
0.000000,0.234678,0.402469,1.162727,9.094731,0.000000,0.298894,0.465809,0.492467,6.111218,1.249778,0.833598,0.997942,0.613657,0.539847,0.843701,-4.816600,-7.378900,-0.463300,-4.708100,-7.381700,-0.468500,-4.737300,-7.784700,-0.395700,-4.774100,-8.150500,-0.450900,-4.934100,-7.371800,-0.459100,-4.860300,-7.730800,-0.278500,-4.844500,-8.074300,-0.401900,-4.812100,-7.302900,-0.430300,-4.808900,-7.140500,-0.341800,-4.810500,-7.032300,-0.268100,-4.824200,-6.876300,-0.146600,-4.827100,-6.830700,-0.126800,-4.829200,-6.781000,-0.121400,-4.790300,-6.922200,-0.183000,-4.612900,-6.947900,-0.200700,-4.579700,-7.215400,-0.218500,-4.694500,-7.377200,-0.049700,-4.849800,-6.925500,-0.185000,-5.026700,-6.958100,-0.195300,-5.069800,-7.215000,-0.266800,-5.048100,-7.423400,-0.112800,0.337400,0.816100,1.114700,0.108600,-0.001900,0.002100,-0.000200,-0.410500,0.000600,0.000300,-0.371700,0.005800,-0.117600,0.005200,-0.005200,0.000200,-0.408600,0.000400,-0.000900,-0.365300,-0.005600,0.002400,0.082900,0.000900,0.001700,0.185000,0.000900,0.001800,0.130900,0.001300,0.000300,0.198100,0.000700,-0.000100,0.049900,0.000100,-0.000300,0.050000,-0.000400,0.030000,0.137400,-0.000300,0.180000,-0.000400,-0.000500,0.270200,0.000900,0.000100,0.260400,0.001600,-0.000200,-0.029700,0.137800,0.000600,-0.180200,0.000100,0.000400,-0.270100,0.000300,0.000200,-0.260000,0.000000,0.000000,-0.198800,-0.028500,0.007000,-0.979600,-0.281300,0.017000,-0.046000,0.958400,0.170000,-0.091700,-0.012200,0.981100,0.081600,-0.004900,-0.042600,-0.995700,0.423700,-0.052300,-0.061800,-0.902200,0.389400,0.059900,0.021800,0.918900,0.069900,-0.165200,-0.108000,0.977800,-0.047100,0.004400,-0.011000,-0.998800,-0.046200,0.004800,-0.018500,-0.998700,-0.034200,0.022100,-0.022800,-0.998900,-0.124400,-0.000600,-0.005000,0.992200,-0.144900,-0.000800,-0.005100,0.989400,-0.106800,0.045400,-0.008700,0.993200,-0.017100,-0.000500,-0.120800,0.992500,0.069400,0.283600,0.535600,-0.792400,0.122700,-0.482200,-0.092300,0.862500,0.006400,0.328800,-0.039300,-0.943600,0.016100,-0.034200,-0.055400,-0.997700,-0.040500,-0.224200,-0.527300,-0.818600,-0.020600,-0.439200,0.107600,-0.891700,-0.022700,0.033900,-0.106400,0.993500,-0.198800,-0.028500,0.007000,-0.979600,0.086300,-0.055100,0.040400,-0.993900,-0.079900,0.045000,0.053200,-0.994400,-0.003200,-0.039100,-0.013900,0.999100,-0.233600,0.067600,0.076700,0.966900,0.158800,0.155000,0.051300,0.973700,0.215000,0.011500,-0.092100,0.972200,0.245000,0.021600,0.001500,0.969300,-0.289900,-0.012500,-0.017300,-0.956800,0.323000,-0.014700,0.032300,0.945700,0.203000,-0.017600,0.025300,0.978700,0.059100,-0.020700,0.017300,0.997900,-0.048500,0.023300,0.009000,0.998500,0.306200,0.023400,-0.082600,0.948100,-0.140900,0.080500,0.658400,-0.735000,0.098400,0.491600,0.693800,-0.517000,-0.343600,-0.625500,-0.605100,0.352800,-0.305100,0.000700,-0.095400,-0.947500,0.266400,0.054900,0.646200,0.713100,0.037500,-0.404100,-0.615300,-0.675800,0.116500,-0.406400,-0.547300,-0.722300
0.000000,0.270417,0.391594,0.973947,8.090957,0.000000,0.557663,1.176226,0.468483,6.905546,0.982410,0.532095,0.918523,0.602231,0.532001,0.670241,-4.817000,-7.376300,-0.464900,-4.709500,-7.379500,-0.470200,-4.735900,-7.782700,-0.397200,-4.773900,-8.149500,-0.452300,-4.934800,-7.370600,-0.460600,-4.858100,-7.729200,-0.280100,-4.836600,-8.072200,-0.403500,-4.812300,-7.300100,-0.431400,-4.809200,-7.137900,-0.341900,-4.810400,-7.029800,-0.267700,-4.824000,-6.874400,-0.145600,-4.827000,-6.828800,-0.125600,-4.829300,-6.779100,-0.120000,-4.789900,-6.919800,-0.182200,-4.612500,-6.944900,-0.200100,-4.583300,-7.212800,-0.221200,-4.691000,-7.380700,-0.053900,-4.849600,-6.923300,-0.184200,-5.026500,-6.956000,-0.194000,-5.067800,-7.213800,-0.263400,-5.046400,-7.423500,-0.111200,0.337000,0.818700,1.113100,0.107600,-0.002600,0.002000,-0.000300,-0.410700,0.000400,-0.000400,-0.372800,0.006700,-0.117900,0.004200,-0.004400,0.000300,-0.408800,0.000400,-0.000700,-0.365200,-0.004300,0.002700,0.083300,0.000800,0.002000,0.185200,0.000800,0.002200,0.131100,0.001100,0.000300,0.198100,0.000600,-0.000100,0.049900,0.000100,-0.000300,0.050000,-0.000400,0.030300,0.137600,-0.000400,0.180000,-0.000300,-0.000700,0.270300,0.001000,0.000100,0.260400,0.001800,-0.000300,-0.029600,0.137800,0.000500,-0.180100,0.000100,0.000400,-0.270200,0.000300,0.000200,-0.260000,0.000100,-0.000100,-0.201900,-0.027700,0.006000,-0.979000,-0.285000,0.017700,-0.043400,0.957400,0.171300,-0.086600,-0.015400,0.981300,-0.081700,0.000000,0.043000,0.995700,0.425800,-0.044400,-0.068900,-0.901100,0.390200,0.058000,0.016900,0.918800,0.056500,-0.160100,-0.108400,0.979500,-0.046800,0.004300,-0.010700,-0.998800,-0.045900,0.004600,-0.017900,-0.998800,-0.034000,0.021300,-0.022200,-0.999000,-0.124800,-0.000500,-0.004000,0.992200,-0.145500,-0.000600,-0.004100,0.989400,-0.107200,0.046400,-0.008100,0.993100,-0.018200,-0.000400,-0.120000,0.992600,0.078800,0.273500,0.548000,-0.786600,0.121700,-0.468600,-0.091900,0.870100,-0.007200,0.331400,-0.036500,-0.942800,0.016000,-0.035100,-0.054900,-0.997700,-0.033300,-0.227700,-0.528900,-0.816900,-0.022100,-0.431400,0.105100,-0.895800,-0.023800,0.027200,-0.114600,0.992800,-0.201900,-0.027700,0.006000,-0.979000,0.086800,-0.054300,0.036800,-0.994100,-0.081000,0.040500,0.053200,-0.994500,0.002300,0.039400,0.013500,-0.999100,-0.232800,0.057000,0.082800,0.967300,0.159700,0.144800,0.056700,0.974800,0.204900,0.006300,-0.083900,0.975200,0.247800,0.021000,0.002300,0.968600,-0.292300,-0.012200,-0.017600,-0.956100,0.325100,-0.014000,0.032200,0.945000,0.204700,-0.017100,0.026300,0.978300,0.060300,-0.020500,0.019400,0.997800,-0.047800,0.024300,0.011800,0.998500,0.307300,0.024100,-0.081900,0.947800,-0.131400,0.065400,0.665900,-0.731400,0.102700,0.468700,0.700300,-0.528600,-0.342200,-0.618300,-0.603500,0.369300,-0.307400,-0.000800,-0.095200,-0.946800,0.261400,0.056900,0.648500,0.712700,0.035800,-0.400200,-0.617500,-0.676200,0.114300,-0.396900,-0.544000,-0.730300
0.012522,0.368086,0.420791,0.900277,5.906756,0.197551,0.909565,1.539575,0.494116,7.426200,0.761908,0.578618,0.809639,0.543483,0.525652,0.497865,-4.814400,-7.371700,-0.468000,-4.708100,-7.377500,-0.472500,-4.733400,-7.781500,-0.399000,-4.773900,-8.153600,-0.453400,-4.932000,-7.369100,-0.464200,-4.850100,-7.729400,-0.288500,-4.814300,-8.073000,-0.409200,-4.810200,-7.294700,-0.433300,-4.807700,-7.132700,-0.341600,-4.808800,-7.024200,-0.266300,-4.822300,-6.869900,-0.142900,-4.825400,-6.824400,-0.122400,-4.828100,-6.774900,-0.116100,-4.787800,-6.914900,-0.179600,-4.610000,-6.938000,-0.196300,-4.593900,-7.205900,-0.226200,-4.685700,-7.390700,-0.067600,-4.847800,-6.918300,-0.181800,-5.024600,-6.951100,-0.190500,-5.061200,-7.210600,-0.255700,-5.040100,-7.424600,-0.109600,0.339600,0.823300,1.110000,0.106400,-0.005500,0.003300,-0.000400,-0.411400,0.000300,-0.001100,-0.378100,0.008500,-0.117600,0.002200,-0.003100,0.000300,-0.409100,0.000300,-0.000600,-0.366000,-0.001700,0.003000,0.084600,0.000300,0.002500,0.186100,0.000200,0.002900,0.132000,0.000300,0.000300,0.198100,0.000400,0.000000,0.050000,0.000100,-0.000200,0.050000,-0.000200,0.030700,0.137800,-0.000300,0.180100,-0.000300,-0.000500,0.270100,0.001300,0.000200,0.260200,0.001800,0.000000,-0.029400,0.137900,0.000200,-0.180000,0.000100,0.000300,-0.270100,0.000300,0.000100,-0.260000,0.000300,-0.000200,0.209400,0.024500,-0.002400,0.977500,-0.293100,0.016300,-0.044200,0.954900,0.172000,-0.076500,-0.018400,0.982000,-0.079000,-0.005900,0.046300,0.995800,-0.424500,0.024800,0.084500,0.901100,0.381500,0.059400,0.007600,0.922400,-0.000500,0.117000,0.097000,-0.988400,-0.045800,0.003900,-0.009700,-0.998900,-0.045000,0.004100,-0.016300,-0.998800,-0.033200,0.019200,-0.020100,-0.999100,-0.124200,-0.000300,-0.002200,0.992300,-0.144700,-0.000300,-0.002300,0.989500,-0.106800,0.049700,-0.007100,0.993000,-0.016200,-0.001400,-0.113100,0.993500,0.096900,0.254300,0.582500,-0.765900,0.108400,-0.429700,-0.083900,0.892500,-0.048500,0.340000,-0.035800,-0.938500,0.013100,-0.038300,-0.053200,-0.997800,-0.022300,-0.240200,-0.531600,-0.811900,-0.014600,-0.410300,0.100100,-0.906300,-0.030500,0.020700,-0.144000,0.988900,0.209400,0.024500,-0.002400,0.977500,-0.087600,0.049300,-0.034900,0.994300,0.081400,-0.035300,-0.054300,0.994600,0.000600,-0.040500,-0.011300,0.999100,-0.224100,0.029500,0.096000,0.969400,0.157600,0.123200,0.071300,0.977200,-0.152700,-0.022800,0.042800,-0.987100,-0.254200,-0.018500,-0.005200,-0.967000,0.297800,0.010600,0.019000,0.954400,-0.329700,0.013100,-0.032100,-0.943400,-0.210100,0.016500,-0.028000,-0.977100,-0.066500,0.020300,-0.023000,-0.997300,0.041400,-0.027400,-0.017000,-0.998600,-0.313800,-0.022400,0.075500,-0.946200,0.116400,-0.033400,-0.686600,0.716900,-0.110600,-0.402500,-0.719300,0.555200,0.335900,0.597500,0.598100,-0.415300,0.314700,0.005100,0.094700,0.944500,-0.256600,-0.065900,-0.654400,-0.708200,-0.032200,0.385500,0.626500,0.676600,-0.120900,0.371500,0.533300,0.750300
0.000000,0.515196,0.503676,0.807905,3.137197,0.062074,0.994821,0.806665,0.615777,6.769923,0.646952,1.329981,0.811729,0.417808,0.491124,0.328788,-4.811600,-7.370800,-0.469000,-4.706700,-7.377700,-0.473100,-4.731300,-7.781900,-0.399200,-4.773900,-8.155500,-0.453400,-4.928000,-7.369400,-0.465900,-4.845700,-7.732200,-0.295200,-4.803300,-8.076800,-0.412000,-4.807800,-7.293400,-0.433700,-4.806300,-7.131400,-0.341300,-4.807700,-7.022700,-0.265600,-4.821500,-6.868700,-0.141800,-4.824700,-6.823400,-0.121100,-4.827500,-6.773900,-0.114300,-4.786800,-6.913400,-0.178400,-4.608900,-6.935600,-0.193900,-4.598600,-7.203500,-0.227500,-4.684700,-7.396000,-0.075100,-4.846800,-6.916900,-0.180700,-5.023500,-6.950000,-0.189100,-5.057600,-7.210000,-0.253600,-5.036600,-7.426000,-0.110500,0.342400,0.824200,1.109000,0.104900,-0.007000,0.003700,-0.000600,-0.411700,0.000300,-0.002000,-0.379800,0.008300,-0.116500,0.001600,-0.002900,0.000400,-0.409300,0.000200,0.000000,-0.366300,-0.000700,0.003100,0.085100,0.000200,0.002700,0.186500,0.000100,0.003100,0.132400,0.000100,0.000200,0.198100,0.000300,0.000000,0.050000,0.000100,-0.000200,0.050000,-0.000100,0.030700,0.138000,-0.000300,0.180000,-0.000200,-0.000500,0.270200,0.001200,0.000000,0.260200,0.001800,-0.000100,-0.029400,0.138100,0.000200,-0.180000,0.000100,0.000300,-0.270100,0.000300,0.000100,-0.260000,0.000300,-0.000200,0.211400,0.022600,0.000700,0.977100,-0.295700,0.013800,-0.044500,0.954100,0.171200,-0.074200,-0.022300,0.982200,-0.076200,-0.003800,0.048900,0.995900,-0.419000,0.018000,0.086800,0.903600,0.370300,0.068100,0.009400,0.926400,0.027400,0.094500,0.085100,-0.991500,-0.045700,0.003700,-0.009200,-0.998900,-0.044800,0.004000,-0.015400,-0.998900,-0.033000,0.018300,-0.019000,-0.999100,-0.123300,-0.000300,-0.002300,0.992400,-0.143800,-0.000300,-0.002300,0.989600,-0.106000,0.050700,-0.007200,0.993000,0.014600,0.003500,0.110000,-0.993800,0.101700,0.248000,0.596100,-0.756900,0.098800,-0.411700,-0.079200,0.902500,-0.067600,0.345300,-0.041500,-0.935200,0.011600,-0.039100,-0.051900,-0.997800,-0.024300,-0.247700,-0.532200,-0.809200,-0.006400,-0.401300,0.101600,-0.910300,-0.035900,0.022500,-0.156500,0.986800,0.211400,0.022600,0.000700,0.977100,-0.088300,0.044300,-0.033200,0.994600,0.080100,-0.038000,-0.055900,0.994500,0.001900,-0.041200,-0.010200,0.999100,-0.216500,0.019400,0.098700,0.971100,0.152500,0.122700,0.078700,0.977500,-0.121400,-0.040100,0.016200,-0.991700,-0.256000,-0.017000,-0.007800,-0.966500,0.299300,0.009600,0.020900,0.953900,-0.331100,0.012900,-0.033200,-0.942900,-0.212300,0.016400,-0.029100,-0.976600,-0.069800,0.020200,-0.024100,-0.997100,0.037500,-0.028400,-0.018200,-0.998700,0.316900,0.019900,-0.072100,0.945500,-0.114000,0.023200,0.694700,-0.709800,0.111200,0.372800,0.727800,-0.564800,-0.332500,-0.588200,-0.593600,0.437200,0.317500,0.006500,0.094900,0.943500,-0.259800,-0.072200,-0.657300,-0.703700,-0.030100,0.378800,0.630700,0.676700,-0.127500,0.361700,0.529400,0.756800
0.026383,0.506925,0.499306,1.258786,4.150789,0.202356,0.957904,0.919710,0.692890,6.369235,0.747584,2.406751,1.075342,0.600996,0.469952,0.126596,-4.809000,-7.370800,-0.469500,-4.705400,-7.377900,-0.473200,-4.729200,-7.782300,-0.399200,-4.773700,-8.156200,-0.453300,-4.924500,-7.370100,-0.466900,-4.842600,-7.735400,-0.301300,-4.795800,-8.081300,-0.414000,-4.805700,-7.293100,-0.434000,-4.805000,-7.131100,-0.341100,-4.806800,-7.022300,-0.265000,-4.821200,-6.868500,-0.141000,-4.824500,-6.823200,-0.120200,-4.827200,-6.773800,-0.113100,-4.786300,-6.912900,-0.177300,-4.608200,-6.934600,-0.192100,-4.601500,-7.202100,-0.228000,-4.684200,-7.400100,-0.080800,-4.846200,-6.916700,-0.179900,-5.022900,-6.949900,-0.188300,-5.055000,-7.210200,-0.252500,-5.034000,-7.427600,-0.111500,0.345000,0.824200,1.108500,0.103600,-0.007800,0.004000,-0.000800,-0.411800,0.000200,-0.002800,-0.380400,0.007700,-0.115500,0.001400,-0.002800,0.000400,-0.409400,0.000200,-0.000200,-0.366800,-0.000300,0.003100,0.085400,0.000200,0.002800,0.186800,0.000100,0.003300,0.132700,0.000000,0.000200,0.198100,0.000200,0.000000,0.050000,0.000000,-0.000100,0.050000,-0.000100,0.030800,0.138300,-0.000200,0.180000,0.000000,-0.000400,0.270000,0.001200,0.000200,0.260200,0.001700,0.000100,-0.029400,0.138200,0.000100,-0.179900,0.000100,0.000200,-0.270000,0.000300,0.000100,-0.260000,0.000300,-0.000200,0.212900,0.021100,0.003400,0.976900,-0.297800,0.010300,-0.044200,0.953600,0.170500,-0.071600,-0.026600,0.982400,-0.073900,-0.001100,0.051300,0.995900,-0.413500,0.014900,0.086500,0.906300,0.357900,0.077500,0.013500,0.930500,0.043200,0.077500,0.072900,-0.993400,-0.045500,0.003600,-0.008800,-0.998900,-0.044600,0.003800,-0.014700,-0.998900,-0.032900,0.017700,-0.018200,-0.999100,-0.122800,-0.000300,-0.002700,0.992400,-0.143100,-0.000400,-0.002700,0.989700,-0.105600,0.051000,-0.007500,0.993100,0.014300,0.004500,0.109600,-0.993900,0.102100,0.244700,0.603600,-0.751900,0.091200,-0.398400,-0.075400,0.909600,-0.080000,0.349100,-0.048000,-0.932400,0.010400,-0.039300,-0.050900,-0.997900,-0.027600,-0.253900,-0.532000,-0.807300,0.000000,-0.394800,0.104200,-0.912800,-0.040700,0.025100,-0.164200,0.985300,0.212900,0.021100,0.003400,0.976900,-0.088900,0.038500,-0.031500,0.994800,0.079000,-0.041100,-0.057600,0.994400,0.003000,-0.041800,-0.009500,0.999100,-0.209300,0.013800,0.099400,0.972700,0.145900,0.126600,0.084500,0.977500,-0.100000,-0.057100,-0.006900,-0.993300,-0.257300,-0.015900,-0.010200,-0.966200,0.300400,0.008800,0.022800,0.953500,-0.332000,0.012900,-0.034500,-0.942500,-0.213800,0.016400,-0.030100,-0.976300,-0.071900,0.020400,-0.024600,-0.996900,0.034900,-0.028600,-0.018600,-0.998800,0.318100,0.018900,-0.070700,0.945200,-0.114000,0.017900,0.699600,-0.705200,0.109300,0.352400,0.733200,-0.571200,-0.329100,-0.581400,-0.590000,0.453500,0.319500,0.007000,0.095400,0.942800,-0.263500,-0.077600,-0.659500,-0.699700,-0.028000,0.374600,0.633100,0.676800,-0.132500,0.355700,0.527200,0.760200
0.144532,0.565598,0.524505,1.488990,4.649775,1.467542,1.083803,1.213525,0.699859,5.563909,1.224724,2.938195,1.104467,0.749841,0.505527,0.011274,-4.801800,-7.373200,-0.471400,-4.700000,-7.379700,-0.473100,-4.722500,-7.783600,-0.396500,-4.772200,-8.156000,-0.452800,-4.915100,-7.375200,-0.470600,-4.833900,-7.747200,-0.319300,-4.777800,-8.096200,-0.418700,-4.799900,-7.295300,-0.434900,-4.801700,-7.133600,-0.340300,-4.804800,-7.024700,-0.263500,-4.820700,-6.871800,-0.138700,-4.824200,-6.826600,-0.117500,-4.826900,-6.777300,-0.109900,-4.785600,-6.915500,-0.174900,-4.607600,-6.936300,-0.188000,-4.605700,-7.203400,-0.228400,-4.682300,-7.413300,-0.095100,-4.845100,-6.919600,-0.178000,-5.021500,-6.953800,-0.186800,-5.049800,-7.214600,-0.250500,-5.028900,-7.434600,-0.113500,0.352200,0.821800,1.106600,0.101700,-0.007800,0.005100,-0.001100,-0.411700,0.000100,-0.004700,-0.379800,0.005900,-0.113300,-0.000200,-0.002700,0.000300,-0.409700,0.000000,0.000700,-0.367200,-0.000100,0.003000,0.085900,-0.000200,0.002800,0.187300,-0.000300,0.003300,0.133200,-0.000600,0.000100,0.198000,0.000100,0.000000,0.050000,0.000000,0.000000,0.050000,0.000000,0.030500,0.138600,-0.000200,0.179700,0.000000,-0.000400,0.270100,0.000900,0.000100,0.260200,0.001500,-0.000100,-0.029300,0.138200,-0.000200,-0.179800,0.000100,0.000100,-0.270000,0.000100,0.000000,-0.260000,0.000300,-0.000200,0.219100,0.017300,0.009800,0.975500,-0.307600,0.001800,-0.044700,0.950500,0.173500,-0.061300,-0.036000,0.982300,-0.070800,0.001200,0.057800,0.995800,-0.400900,0.014800,0.082300,0.912300,0.320500,0.092100,0.021200,0.942500,0.045100,0.046800,0.017900,-0.997700,-0.044300,0.003200,-0.008000,-0.999000,-0.043500,0.003400,-0.013400,-0.999000,-0.031900,0.015800,-0.016600,-0.999200,-0.122000,-0.000500,-0.004300,0.992500,-0.142200,-0.000600,-0.004500,0.989800,-0.104800,0.049400,-0.008500,0.993200,0.011700,0.009300,0.108200,-0.994000,0.102700,0.242100,0.613500,-0.744600,0.082300,-0.369000,-0.065400,0.923400,-0.091200,0.356400,-0.064800,-0.927600,0.007200,-0.039300,-0.049900,-0.998000,-0.034100,-0.268000,-0.528500,-0.804800,0.011000,-0.381400,0.111200,-0.917600,-0.049500,0.034700,-0.170200,0.983600,0.219100,0.017300,0.009800,0.975500,-0.092600,0.025000,-0.028500,0.995000,0.079000,-0.044800,-0.062500,0.993900,0.005800,-0.043600,-0.007900,0.999000,-0.189900,0.008300,0.099400,0.976700,0.125100,0.133600,0.094200,0.978600,-0.082600,-0.085500,-0.076600,-0.989900,-0.262200,-0.012900,-0.016100,-0.964800,0.304100,0.006800,0.027600,0.952200,-0.334800,0.012500,-0.038300,-0.941400,-0.217500,0.016100,-0.032200,-0.975400,-0.076700,0.020200,-0.025100,-0.996500,0.029300,-0.027200,-0.018100,-0.999000,0.323600,0.014600,-0.067100,0.943700,-0.118700,0.012200,0.705700,-0.698300,0.092500,0.319300,0.740200,-0.584500,-0.317000,-0.566000,-0.586600,0.484800,0.325200,0.007600,0.098300,0.940500,-0.271500,-0.089600,-0.663100,-0.691800,-0.021300,0.369000,0.636100,0.677300,-0.139400,0.351300,0.527900,0.760600
0.339822,0.732418,0.600335,1.357994,3.943372,4.134747,1.435859,1.617145,0.623561,4.203343,2.153449,2.723555,0.795227,0.810150,0.612416,0.012301,-4.798100,-7.375700,-0.472500,-4.696400,-7.381500,-0.473000,-4.719200,-7.784700,-0.393300,-4.771100,-8.155500,-0.452400,-4.910400,-7.378400,-0.472400,-4.831100,-7.753700,-0.328500,-4.772200,-8.101400,-0.423800,-4.796900,-7.298000,-0.435600,-4.800000,-7.136700,-0.340200,-4.804000,-7.028000,-0.263000,-4.820500,-6.875600,-0.137600,-4.824100,-6.830600,-0.116200,-4.826700,-6.781300,-0.108300,-4.785300,-6.919000,-0.173800,-4.607200,-6.939800,-0.186400,-4.605900,-7.206600,-0.228000,-4.680500,-7.421400,-0.101600,-4.844700,-6.923300,-0.177200,-5.020900,-6.958000,-0.186300,-5.047700,-7.219000,-0.249700,-5.026800,-7.439800,-0.114100,0.355900,0.819300,1.105500,0.101400,-0.007200,0.005500,-0.001200,-0.411600,0.000100,-0.005200,-0.379000,0.005000,-0.112300,-0.000400,-0.002500,0.000200,-0.409600,-0.000200,0.001600,-0.365400,-0.001400,0.002700,0.086000,-0.000400,0.002600,0.187400,-0.000500,0.003100,0.133400,-0.000800,0.000000,0.198000,0.000100,0.000000,0.050000,0.000000,0.000000,0.050000,0.000000,0.030300,0.138800,-0.000200,0.179700,0.000100,-0.000300,0.270000,0.000800,0.000300,0.260100,0.001300,0.000100,-0.029300,0.138200,-0.000300,-0.179800,0.000100,0.000000,-0.269900,0.000100,0.000000,-0.260000,0.000300,-0.000100,0.222400,0.014500,0.012500,0.974800,-0.314700,0.000800,-0.046200,0.948100,0.179600,-0.056500,-0.039100,0.981300,-0.071500,0.000400,0.060900,0.995600,-0.394900,0.016900,0.078400,0.915200,0.304200,0.088300,0.022300,0.948200,0.015200,0.043100,0.028400,-0.998600,-0.043900,0.002900,-0.007500,-0.999000,-0.043100,0.003100,-0.012600,-0.999000,-0.031600,0.014200,-0.015700,-0.999300,-0.122100,-0.000600,-0.005100,0.992500,-0.142300,-0.000800,-0.005300,0.989800,-0.104800,0.048000,-0.009000,0.993300,0.012000,0.010900,0.109100,-0.993900,0.100200,0.243300,0.613700,-0.744400,0.082900,-0.356100,-0.060200,0.928800,-0.086900,0.359900,-0.070300,-0.926300,0.005700,-0.039600,-0.049800,-0.998000,-0.035600,-0.274000,-0.526500,-0.804000,0.014200,-0.376500,0.114400,-0.919200,-0.049100,0.041800,-0.167200,0.983800,0.222400,0.014500,0.012500,0.974800,-0.096600,0.020900,-0.028400,0.994700,0.081500,-0.044600,-0.065100,0.993500,0.007400,-0.044300,-0.007400,0.999000,-0.180400,0.007400,0.097300,0.978700,0.118200,0.127000,0.095900,0.980100,-0.103700,-0.086500,-0.064800,-0.988700,-0.265200,-0.010600,-0.018500,-0.964000,0.306600,0.005100,0.029400,0.951400,-0.336900,0.012400,-0.039900,-0.940600,-0.219600,0.016000,-0.033000,-0.974900,-0.078800,0.020100,-0.025100,-0.996400,0.027200,-0.025900,-0.017600,-0.999100,0.325400,0.013700,-0.066800,0.943100,-0.123000,0.012900,0.706300,-0.697000,0.078700,0.311300,0.740800,-0.590100,-0.310100,-0.559500,-0.589300,0.493500,0.328700,0.008000,0.099900,0.939100,-0.274500,-0.094200,-0.664600,-0.688600,-0.018400,0.367800,0.636800,0.677400,-0.139500,0.355800,0.530600,0.756600
1.164446,0.761375,0.547008,1.493153,4.507977,2.722263,0.962290,1.324409,0.575780,4.061967,1.553825,1.165650,1.134272,0.541045,0.543482,0.000000,-4.794600,-7.379300,-0.473700,-4.692400,-7.384100,-0.472800,-4.716300,-7.786400,-0.389600,-4.769800,-8.155300,-0.452000,-4.906400,-7.382300,-0.474100,-4.828700,-7.760200,-0.336200,-4.772000,-8.108900,-0.432300,-4.794100,-7.301800,-0.436600,-4.798300,-7.140900,-0.340400,-4.803100,-7.032600,-0.262700,-4.820100,-6.881000,-0.136400,-4.823800,-6.836100,-0.114800,-4.826400,-6.786700,-0.106900,-4.784900,-6.924100,-0.172700,-4.606800,-6.944900,-0.185100,-4.605000,-7.211500,-0.228000,-4.678000,-7.430300,-0.107600,-4.844200,-6.928500,-0.176500,-5.020300,-6.963800,-0.185800,-5.045700,-7.224900,-0.249400,-5.024500,-7.446300,-0.114800,0.359400,0.815700,1.104300,0.101900,-0.006300,0.005700,-0.001100,-0.411400,0.000100,-0.005300,-0.377900,0.004200,-0.111900,-0.000500,-0.002100,0.000000,-0.409700,-0.000200,-0.000800,-0.366100,-0.003100,0.002400,0.085900,-0.000600,0.002300,0.187500,-0.000700,0.002800,0.133400,-0.000900,0.000000,0.198000,0.000200,-0.000100,0.050000,0.000000,0.000000,0.050000,0.000000,0.030200,0.138900,0.000000,0.179800,0.000100,-0.000200,0.270000,0.000800,0.000200,0.260200,0.001200,-0.000100,-0.029400,0.138100,-0.000400,-0.179800,0.000000,0.000000,-0.269900,0.000000,0.000000,-0.260000,0.000200,-0.000100,0.225000,0.010900,0.013900,0.974200,-0.321500,0.004000,-0.048700,0.945700,0.187500,-0.055600,-0.040300,0.979900,-0.074200,-0.000100,0.062900,0.995300,-0.389800,0.021200,0.075500,0.917600,0.296000,0.080100,0.021400,0.951600,0.037700,0.031000,0.060100,-0.997000,-0.044000,0.002400,-0.007200,-0.999000,-0.043200,0.002600,-0.012100,-0.999000,-0.031600,0.012000,-0.015100,-0.999300,-0.122800,-0.000700,-0.005700,0.992400,-0.143100,-0.000900,-0.005900,0.989700,-0.105400,0.046700,-0.009300,0.993300,0.014000,0.011800,0.110100,-0.993800,0.095700,0.245200,0.612100,-0.745700,0.083900,-0.345900,-0.056100,0.932800,-0.080200,0.363200,-0.072600,-0.925400,0.005200,-0.040500,-0.050000,-0.997900,-0.036600,-0.278000,-0.525000,-0.803600,0.016900,-0.373500,0.116800,-0.920100,-0.044200,0.050000,-0.162400,0.984500,0.225000,0.010900,0.013900,0.974200,-0.101000,0.020700,-0.029900,0.994200,0.085000,-0.044600,-0.067600,0.993100,0.008100,-0.044900,-0.008100,0.998900,-0.172700,0.008200,0.095300,0.980300,0.118400,0.118200,0.095400,0.981300,-0.076900,-0.091000,-0.036900,-0.992200,-0.267800,-0.007600,-0.019900,-0.963200,0.309300,0.002700,0.030500,0.950500,-0.339500,0.012400,-0.041100,-0.939600,-0.221700,0.016100,-0.033700,-0.974400,-0.080100,0.020200,-0.025100,-0.996300,0.026400,-0.024500,-0.017200,-0.999200,0.326000,0.013400,-0.066700,0.942900,-0.128300,0.015200,0.705500,-0.696800,0.065000,0.307100,0.740400,-0.594400,-0.303700,-0.554800,-0.593800,0.497400,0.331700,0.008600,0.101700,0.937900,-0.277100,-0.097200,-0.666000,-0.685800,-0.016700,0.366600,0.637800,0.677100,-0.137800,0.363900,0.533300,0.751100
1.253151,0.743510,0.619172,1.305167,4.353561,1.688218,1.394092,1.522146,0.580169,4.201399,1.028853,0.861357,1.244558,0.613955,0.600658,0.000000,-4.791100,-7.383400,-0.474800,-4.688100,-7.387300,-0.472800,-4.713900,-7.788500,-0.385800,-4.768700,-8.155200,-0.451700,-4.902500,-7.386200,-0.475100,-4.826700,-7.766800,-0.343800,-4.772600,-8.116000,-0.440200,-4.791200,-7.306200,-0.437600,-4.796200,-7.146000,-0.340700,-4.801800,-7.038200,-0.262400,-4.819300,-6.887500,-0.135100,-4.823100,-6.842600,-0.113300,-4.825800,-6.793300,-0.105300,-4.784100,-6.930300,-0.171600,-4.606000,-6.951100,-0.183900,-4.602600,-7.217400,-0.228100,-4.674600,-7.439300,-0.113000,-4.843400,-6.934700,-0.175700,-5.019300,-6.970900,-0.185400,-5.043900,-7.231900,-0.249600,-5.022100,-7.453700,-0.115800,0.362900,0.811600,1.103200,0.102800,-0.005200,0.005700,-0.001100,-0.411200,0.000100,-0.005100,-0.376600,0.003500,-0.111400,0.000100,-0.001300,-0.000200,-0.409700,-0.000300,-0.002200,-0.366200,-0.003800,0.002000,0.085600,-0.000900,0.001900,0.187300,-0.000900,0.002300,0.133300,-0.001100,0.000000,0.198000,0.000200,-0.000100,0.050000,0.000100,0.000000,0.050000,0.000000,0.030100,0.138800,0.000000,0.179700,0.000100,-0.000100,0.270000,0.000700,0.000200,0.260100,0.001000,0.000000,-0.029500,0.138100,-0.000500,-0.179900,0.000000,0.000000,-0.269900,0.000100,0.000000,-0.260000,0.000100,-0.000100,0.227700,0.007200,0.014300,0.973600,-0.328400,0.008800,-0.051900,0.943100,0.196200,-0.057300,-0.040200,0.978100,-0.078200,0.000300,0.064100,0.994900,0.384400,-0.029800,-0.071300,-0.919900,0.287600,0.073900,0.022200,0.954600,0.070200,0.028400,0.074000,-0.994400,-0.044400,0.001900,-0.007100,-0.999000,-0.043500,0.002100,-0.011900,-0.999000,-0.031700,0.009700,-0.015000,-0.999300,-0.123900,-0.000800,-0.006100,0.992300,-0.144400,-0.000900,-0.006300,0.989500,-0.106300,0.046000,-0.009600,0.993200,0.016500,0.012000,0.110900,-0.993600,0.089800,0.247600,0.608700,-0.748400,0.081900,-0.338100,-0.054200,0.936000,-0.075900,0.366300,-0.073600,-0.924500,0.005600,-0.042000,-0.051300,-0.997800,-0.038200,-0.280300,-0.522600,-0.804300,0.019800,-0.372400,0.118100,-0.920300,-0.035800,0.059200,-0.156000,0.985300,0.227700,0.007200,0.014300,0.973600,-0.105500,0.022400,-0.032700,0.993600,0.089000,-0.045600,-0.070300,0.992500,0.008100,-0.045300,-0.009800,0.998900,0.164700,-0.013800,-0.092100,-0.981900,-0.118600,-0.115900,-0.093600,-0.981700,0.043100,0.089600,0.025100,0.994700,-0.270700,-0.004300,-0.020400,-0.962400,0.312400,-0.000100,0.031100,0.949400,-0.342700,0.013000,-0.042300,-0.938400,-0.223900,0.016800,-0.034300,-0.973900,-0.081100,0.021000,-0.025200,-0.996200,0.026300,-0.023000,-0.016900,-0.999200,0.327000,0.013200,-0.066400,0.942600,-0.135600,0.018600,0.703200,-0.697600,0.052700,0.303500,0.740300,-0.597500,-0.296800,-0.551800,-0.598100,0.499700,0.334200,0.008600,0.104600,0.936600,-0.279700,-0.098800,-0.667000,-0.683400,-0.016200,0.365200,0.639300,0.676500,-0.135000,0.374400,0.536500,0.744100
0.656668,0.689505,0.801356,0.864722,3.442324,1.110053,2.574523,2.119055,0.634859,4.549465,0.625092,1.741640,1.163741,0.979801,0.757813,0.000000,-4.785400,-7.390400,-0.476300,-4.681200,-7.392500,-0.472600,-4.709500,-7.791800,-0.380600,-4.768100,-8.153600,-0.451700,-4.895600,-7.391600,-0.476200,-4.823300,-7.775600,-0.353300,-4.776000,-8.126400,-0.447800,-4.785900,-7.314200,-0.439100,-4.791500,-7.155300,-0.340900,-4.798400,-7.048900,-0.261600,-4.817100,-6.899800,-0.132600,-4.821100,-6.855200,-0.110500,-4.823900,-6.805900,-0.102400,-4.781800,-6.942300,-0.169400,-4.603900,-6.963800,-0.182200,-4.595100,-7.230000,-0.229300,-4.666500,-7.455300,-0.120800,-4.840700,-6.946900,-0.173900,-5.016300,-6.984100,-0.185000,-5.041800,-7.244800,-0.250600,-5.019000,-7.467100,-0.117700,0.368600,0.804600,1.101700,0.104100,-0.002600,0.005600,-0.001000,-0.410700,0.000200,-0.005100,-0.373300,0.002900,-0.110200,0.001400,-0.000700,-0.000200,-0.409600,-0.000200,-0.002300,-0.366300,-0.003700,0.001500,0.084800,-0.001100,0.001200,0.186800,-0.000900,0.001300,0.132900,-0.000900,-0.000100,0.198100,0.000200,-0.000100,0.050000,0.000100,0.000000,0.050000,-0.000100,0.029800,0.138700,0.000200,0.179700,0.000000,0.000000,0.270400,0.000500,-0.000400,0.260100,0.000600,-0.000800,-0.029500,0.137900,-0.000400,-0.179900,-0.000100,0.000000,-0.270000,-0.000100,0.000000,-0.260000,0.000000,0.000000,0.232000,0.003500,0.012300,0.972600,-0.338400,0.014400,-0.053800,0.939400,0.209200,-0.060800,-0.042900,0.975000,-0.085900,0.001800,0.067600,0.994000,0.379200,-0.047600,-0.063200,-0.921900,0.275100,0.061700,0.020400,0.959200,0.103100,0.028600,0.076600,-0.991300,-0.045000,0.001400,-0.007800,-0.999000,-0.044100,0.001600,-0.013000,-0.998900,-0.032100,0.007600,-0.016700,-0.999300,-0.125800,-0.000800,-0.006700,0.992000,-0.146600,-0.001000,-0.006900,0.989200,-0.107900,0.045500,-0.010100,0.993100,0.019200,0.011800,0.116200,-0.993000,0.076800,0.254500,0.595600,-0.758000,0.067300,-0.334200,-0.056400,0.938400,-0.077600,0.366700,-0.075100,-0.924000,0.006500,-0.042400,-0.052000,-0.997700,-0.039000,-0.281700,-0.517100,-0.807300,0.024100,-0.374600,0.114500,-0.919800,-0.018400,0.072500,-0.144600,0.986700,0.232000,0.003500,0.012300,0.972600,-0.111600,0.025600,-0.036300,0.992800,0.095600,-0.047700,-0.076600,0.991300,0.006800,-0.045600,-0.013000,0.998900,0.155300,-0.030200,-0.085100,-0.983700,-0.117100,-0.116300,-0.083900,-0.982700,0.008200,0.087600,0.016500,0.996000,-0.275500,-0.000900,-0.019400,-0.961100,0.317700,-0.003500,0.031400,0.947700,-0.348100,0.014900,-0.044900,-0.936300,-0.227700,0.018900,-0.036100,-0.972900,-0.082700,0.023400,-0.026000,-0.996000,0.026300,-0.020100,-0.017000,-0.999300,0.329900,0.013700,-0.068600,0.941400,-0.152200,0.027500,0.695700,-0.701500,0.040900,0.298500,0.741400,-0.599600,-0.285600,-0.550200,-0.601900,0.503500,0.338500,0.006400,0.108100,0.934700,-0.282600,-0.097600,-0.665800,-0.683600,-0.017100,0.362200,0.642300,0.675200,-0.128300,0.392000,0.541500,0.732500
0.333637,0.715965,0.815196,1.353585,1.565908,0.773643,1.816843,1.470382,0.725755,4.429037,0.533261,2.350679,1.699249,0.777189,0.548843,0.000000,-4.782600,-7.394200,-0.476700,-4.678900,-7.395300,-0.472400,-4.706000,-7.793800,-0.378000,-4.767900,-8.153000,-0.451800,-4.891600,-7.395100,-0.476100,-4.821500,-7.779900,-0.354100,-4.777900,-8.132300,-0.449600,-4.783000,-7.318700,-0.439300,-4.788700,-7.160800,-0.340400,-4.796100,-7.055200,-0.260700,-4.815700,-6.906800,-0.131000,-4.819900,-6.862300,-0.108800,-4.822800,-6.813000,-0.100600,-4.780300,-6.949100,-0.168300,-4.602500,-6.971500,-0.181600,-4.590000,-7.237000,-0.228900,-4.661000,-7.464300,-0.124200,-4.838800,-6.954100,-0.172600,-5.014200,-6.991800,-0.184200,-5.041600,-7.252100,-0.250400,-5.018500,-7.474900,-0.118300,0.371400,0.800800,1.101300,0.103700,-0.001000,0.005700,-0.001200,-0.410500,0.000400,-0.005700,-0.371800,0.003200,-0.109000,0.001700,-0.000400,0.000000,-0.409700,-0.000100,-0.001800,-0.367700,-0.003400,0.001300,0.084300,-0.001100,0.001000,0.186400,-0.000900,0.000900,0.132500,-0.000900,-0.000200,0.198000,0.000200,-0.000100,0.050000,0.000100,0.000000,0.050000,-0.000100,0.029500,0.138500,0.000200,0.179700,-0.000200,0.000000,0.270000,0.000400,0.000100,0.260100,0.000600,-0.000100,-0.029300,0.137600,-0.000400,-0.179800,-0.000200,0.000000,-0.270000,-0.000200,0.000000,-0.260000,-0.000100,0.000000,0.234800,0.003800,0.011200,0.972000,-0.343500,0.018000,-0.052800,0.937500,0.216500,-0.062300,-0.047400,0.973100,-0.090700,0.000100,0.071000,0.993300,0.381600,-0.061100,-0.055200,-0.920600,0.275100,0.057900,0.024800,0.959400,0.111200,0.038600,0.072400,-0.990400,-0.044900,0.000800,-0.008500,-0.999000,-0.044000,0.001100,-0.014100,-0.998900,-0.031900,0.004800,-0.018300,-0.999300,-0.126500,-0.001000,-0.008000,0.991900,-0.147400,-0.001200,-0.008200,0.989000,-0.108400,0.041400,-0.010700,0.993200,0.019300,0.016300,0.120300,-0.992400,0.067200,0.260900,0.585100,-0.764900,0.054600,-0.329800,-0.058600,0.940600,-0.079600,0.368300,-0.078100,-0.923000,0.005100,-0.038800,-0.051500,-0.997900,-0.035500,-0.280700,-0.512900,-0.810500,0.024800,-0.376500,0.109500,-0.919600,0.010900,-0.079000,0.138300,-0.987200,0.234800,0.003800,0.011200,0.972000,-0.114200,0.029600,-0.035300,0.992400,0.100100,-0.046100,-0.080700,0.990600,0.006300,-0.045500,-0.014000,0.998800,0.155200,-0.045700,-0.079700,-0.983600,-0.118200,-0.126600,-0.079300,-0.981700,0.001800,0.087200,0.017000,0.996000,-0.278200,-0.001500,-0.019000,-0.960300,0.320200,-0.002600,0.032200,0.946800,-0.350300,0.011900,-0.048000,-0.935300,-0.229400,0.016100,-0.038300,-0.972500,-0.083700,0.020800,-0.027200,-0.995900,0.025800,-0.018500,-0.017600,-0.999300,0.331900,0.014100,-0.070800,0.940600,-0.164000,0.035700,0.690100,-0.704000,0.032900,0.293800,0.742500,-0.601100,-0.278900,-0.549100,-0.602900,0.507200,0.342400,0.006100,0.109600,0.933100,-0.283000,-0.095100,-0.663300,-0.686200,-0.016900,0.360300,0.643800,0.674900,0.124800,-0.399600,-0.544800,-0.726600
0.209569,0.806698,0.768047,1.431134,1.369135,0.688329,1.734250,1.233835,0.755505,4.474744,0.473917,2.608590,1.957613,0.698196,0.442147,0.000000,-4.779900,-7.398500,-0.477000,-4.676200,-7.398000,-0.472500,-4.702900,-7.795700,-0.375700,-4.767700,-8.152800,-0.451900,-4.888000,-7.400500,-0.475400,-4.819800,-7.785700,-0.352000,-4.779300,-8.141500,-0.450300,-4.780200,-7.323300,-0.439400,-4.786000,-7.166100,-0.340100,-4.793800,-7.061300,-0.260200,-4.814300,-6.913600,-0.129700,-4.818700,-6.869200,-0.107300,-4.821600,-6.820000,-0.098900,-4.778600,-6.955400,-0.167300,-4.600900,-6.978500,-0.181700,-4.585000,-7.243900,-0.229100,-4.655200,-7.472600,-0.127000,-4.836900,-6.961000,-0.171600,-5.012100,-6.999400,-0.183000,-5.041400,-7.259500,-0.249500,-5.018200,-7.483000,-0.118600,0.374100,0.796500,1.101000,0.103600,0.000500,0.005300,-0.001200,-0.410300,0.000500,-0.006100,-0.370700,0.003400,-0.108100,0.000900,0.000600,0.000100,-0.410200,-0.000300,-0.001300,-0.371400,-0.002300,0.001300,0.084000,-0.001300,0.000800,0.186100,-0.000900,0.000600,0.132100,-0.000800,-0.000200,0.198000,0.000300,-0.000200,0.050000,0.000100,0.000000,0.050000,-0.000100,0.029500,0.138600,0.000300,0.179800,0.000000,0.000100,0.270100,0.000400,0.000100,0.260100,0.000500,-0.000100,-0.029200,0.137400,-0.000500,-0.179800,-0.000200,-0.000100,-0.270000,-0.000200,-0.000100,-0.260000,-0.000100,0.000000,0.236800,0.005400,0.010900,0.971500,-0.348100,0.021200,-0.054100,0.935700,0.223800,-0.062300,-0.049500,0.971400,-0.095000,-0.004300,0.073600,0.992700,0.385800,-0.069000,-0.048300,-0.918700,0.280400,0.060900,0.029400,0.957500,0.115600,0.051400,0.069000,-0.989600,0.045000,-0.000200,0.009100,0.998900,0.044100,-0.000400,0.015100,0.998900,-0.031800,0.001900,-0.019800,-0.999300,-0.126800,-0.001200,-0.009700,0.991900,-0.147800,-0.001500,-0.010000,0.989000,-0.108700,0.036200,-0.011400,0.993400,0.015900,0.021600,0.126300,-0.991600,0.058200,0.271400,0.572300,-0.771700,0.040200,-0.327600,-0.058700,0.942100,-0.081400,0.366400,-0.080000,-0.923400,0.002600,-0.035500,-0.050400,-0.998100,-0.029000,-0.278800,-0.508800,-0.814000,0.023700,-0.376600,0.104200,-0.920200,0.008500,-0.083500,0.134700,-0.987300,0.236800,0.005400,0.010900,0.971500,-0.117100,0.034700,-0.035400,0.991900,0.104300,-0.041800,-0.084000,0.990100,0.006000,-0.045500,-0.014900,0.998800,0.157700,-0.056300,-0.075400,-0.983000,-0.121700,-0.139500,-0.075700,-0.979800,0.001500,0.087400,0.017100,0.996000,0.280300,0.003600,0.019400,0.959700,0.322400,-0.000200,0.033700,0.946000,-0.352300,0.007300,-0.051800,-0.934400,-0.231100,0.011600,-0.041000,-0.972000,-0.085100,0.016600,-0.028700,-0.995800,0.024600,-0.017300,-0.018400,-0.999400,0.336500,0.016200,-0.074400,0.938600,-0.175600,0.045300,0.684900,-0.705700,0.027900,0.291000,0.742400,-0.602700,-0.272000,-0.547800,-0.603500,0.511600,0.347000,0.008000,0.111300,0.931200,-0.282400,-0.092800,-0.660900,-0.689100,-0.015000,0.358600,0.644900,0.674700,0.122700,-0.402900,-0.547600,-0.723000
0.261958,0.872283,0.671149,1.299473,2.320884,0.761462,2.039873,1.312125,0.742097,4.648565,0.428150,2.641525,2.027353,0.708117,0.411645,0.000000,-4.777200,-7.403500,-0.477500,-4.673000,-7.401000,-0.473400,-4.700700,-7.797800,-0.373700,-4.767400,-8.152800,-0.452100,-4.883700,-7.408300,-0.475300,-4.818300,-7.793800,-0.348900,-4.779800,-8.155000,-0.450000,-4.777700,-7.328300,-0.440100,-4.783400,-7.171500,-0.340300,-4.791500,-7.067100,-0.260100,-4.812100,-6.920300,-0.128700,-4.816600,-6.876000,-0.106000,-4.819700,-6.826900,-0.097300,-4.776500,-6.961700,-0.166800,-4.598800,-6.984900,-0.182000,-4.580200,-7.250100,-0.229000,-4.649000,-7.480200,-0.129100,-4.834700,-6.967600,-0.170800,-5.009900,-7.006600,-0.181400,-5.040300,-7.266500,-0.248100,-5.016900,-7.491100,-0.119200,0.376800,0.791500,1.100500,0.104200,0.002500,0.004400,-0.001200,-0.410100,0.000500,-0.006100,-0.369500,0.003500,-0.106500,-0.001600,0.002200,0.000400,-0.410900,-0.000600,-0.000100,-0.377000,-0.000400,0.000900,0.084000,-0.001600,0.000400,0.186000,-0.001200,0.000200,0.131900,-0.001000,-0.000300,0.198000,0.000200,-0.000200,0.050000,0.000100,0.000000,0.050000,-0.000100,0.029400,0.138400,0.000300,0.179800,0.000000,0.000100,0.270100,0.000400,0.000100,0.260100,0.000400,-0.000100,-0.029200,0.137400,-0.000600,-0.179800,-0.000200,-0.000100,-0.270000,-0.000200,-0.000100,-0.260000,-0.000100,0.000000,0.238100,0.007400,0.009800,0.971200,-0.352200,0.024300,-0.056800,0.933900,0.231200,-0.062100,-0.048500,0.969700,-0.098600,-0.009600,0.075600,0.992200,0.390900,-0.069200,-0.043600,-0.916800,0.288100,0.063900,0.031700,0.955000,0.116100,0.057000,0.063600,-0.989600,0.045700,0.000200,0.009600,0.998900,0.044800,-0.000100,0.016000,0.998900,0.032200,-0.000200,0.021000,0.999300,-0.127000,-0.001300,-0.010400,0.991900,-0.148000,-0.001600,-0.010800,0.988900,-0.108800,0.032400,-0.011600,0.993500,0.014400,0.024500,0.127900,-0.991400,0.050000,0.282600,0.562400,-0.775500,0.025900,-0.323900,-0.057300,0.944000,-0.083900,0.364000,-0.080600,-0.924100,0.000300,-0.035300,-0.049400,-0.998200,-0.020400,-0.276800,-0.507000,-0.816000,0.019900,-0.374600,0.099900,-0.921600,0.011500,-0.085300,0.135100,-0.987100,0.238100,0.007400,0.009800,0.971200,-0.120300,0.040600,-0.037700,0.991200,0.108200,-0.036700,-0.086600,0.989700,0.006100,-0.045500,-0.015800,0.998800,0.161700,-0.059800,-0.070700,-0.982500,-0.126000,-0.145300,-0.071100,-0.978800,0.005800,0.087800,0.017800,0.996000,0.282200,0.005800,0.018800,0.959100,0.325000,0.002000,0.033800,0.945100,0.355200,-0.003900,0.053600,0.933200,0.234000,-0.008200,0.042400,0.971300,0.087800,-0.013500,0.029900,0.995600,-0.021800,0.016600,0.019500,0.999400,-0.340600,-0.017900,0.075000,-0.937000,0.186000,-0.055600,-0.680500,0.706600,-0.023400,-0.288300,-0.741700,0.605200,0.264000,0.547000,0.603900,-0.516100,-0.352200,-0.011500,-0.112100,-0.929100,0.281200,0.090200,0.659800,0.691000,0.010800,-0.357000,-0.646100,-0.674500,-0.121800,0.401000,0.549800,0.722500
0.578642,0.497855,0.522157,1.618182,3.320533,0.754110,1.894384,1.616720,0.719451,4.918687,0.327526,2.761211,2.094863,0.750238,0.424838,0.000000,-4.775100,-7.406200,-0.478300,-4.670400,-7.402700,-0.474400,-4.699600,-7.798900,-0.372800,-4.767300,-8.152900,-0.452200,-4.880000,-7.412000,-0.476100,-4.817800,-7.797300,-0.347200,-4.780600,-8.159500,-0.449700,-4.775800,-7.331100,-0.440700,-4.781400,-7.174600,-0.340600,-4.789500,-7.070600,-0.260000,-4.809800,-6.924500,-0.127900,-4.814200,-6.880300,-0.105000,-4.817300,-6.831200,-0.096000,-4.774200,-6.965700,-0.166500,-4.596500,-6.988700,-0.182100,-4.576500,-7.254000,-0.228500,-4.644200,-7.485000,-0.130100,-4.832600,-6.971600,-0.170100,-5.007800,-7.010800,-0.179800,-5.038300,-7.270600,-0.247200,-5.014700,-7.496200,-0.120300,0.378900,0.788800,1.099700,0.104600,0.003600,0.004100,-0.001200,-0.410000,0.000600,-0.005800,-0.369000,0.003700,-0.105100,-0.002800,0.002400,0.000500,-0.411000,-0.000700,0.001600,-0.378200,0.000300,0.000400,0.084000,-0.001700,0.000000,0.185900,-0.001300,-0.000200,0.131800,-0.001100,-0.000200,0.198000,0.000200,-0.000200,0.050000,0.000100,0.000000,0.050000,0.000000,0.029500,0.138300,0.000100,0.179900,0.000000,0.000000,0.270000,0.000400,0.000000,0.260100,0.000400,-0.000100,-0.029300,0.137400,-0.000500,-0.179800,-0.000200,-0.000100,-0.270100,-0.000100,-0.000100,-0.260000,0.000000,0.000000,0.239400,0.008800,0.008600,0.970800,-0.355200,0.026300,-0.059300,0.932500,0.235700,-0.062900,-0.046800,0.968700,-0.100400,-0.012500,0.076500,0.991900,0.395000,-0.067100,-0.040200,-0.915400,0.292500,0.065800,0.033000,0.953400,0.116700,0.057600,0.059200,-0.989700,0.046100,0.000300,0.009800,0.998900,0.045200,0.000000,0.016300,0.998800,0.032500,0.000100,0.021500,0.999200,-0.126900,-0.001300,-0.010300,0.991900,-0.147900,-0.001600,-0.010600,0.988900,-0.108700,0.030700,-0.011300,0.993500,0.014300,0.025100,0.127700,-0.991400,0.045300,0.289300,0.556700,-0.777400,-0.017600,0.320900,0.055800,-0.945300,-0.086200,0.362400,-0.080400,-0.924500,-0.001500,-0.036700,-0.048800,-0.998100,-0.014200,-0.275200,-0.507700,-0.816200,0.015900,-0.372800,0.097700,-0.922600,-0.015700,0.085000,-0.137000,0.986800,0.239400,0.008800,0.008600,0.970800,-0.122400,0.044900,-0.040200,0.990700,0.110400,-0.034000,-0.088200,0.989400,0.006400,-0.045700,-0.016600,0.998800,0.164500,-0.060200,-0.066500,-0.982300,-0.128100,-0.146900,-0.067400,-0.978500,0.007800,0.088700,0.018500,0.995900,0.283900,0.007100,0.017700,0.958600,0.327000,0.003300,0.033000,0.944400,0.357500,-0.002600,0.053200,0.932400,0.236400,-0.006900,0.042400,0.970700,0.090400,-0.012100,0.030200,0.995400,-0.019300,0.016300,0.020200,0.999500,-0.342800,-0.018900,0.075300,-0.936200,0.191800,-0.061900,-0.678000,0.706900,0.020400,0.286600,0.740800,-0.607100,-0.258100,-0.547200,-0.604000,0.518800,-0.356200,-0.014200,-0.111800,-0.927600,0.280300,0.087600,0.660000,0.691500,0.007000,-0.355500,-0.647300,-0.674200,0.121200,-0.397000,-0.551300,-0.723700
1.249943,0.856441,0.492586,1.455608,3.460905,0.516541,2.423734,1.756155,0.679488,4.661363,0.335814,3.097532,2.001091,0.788050,0.483177,0.000000,-4.770500,-7.411100,-0.480600,-4.664600,-7.406300,-0.477500,-4.698000,-7.801200,-0.373100,-4.767400,-8.153100,-0.453000,-4.874100,-7.417100,-0.478500,-4.817100,-7.799600,-0.346200,-4.783100,-8.157800,-0.450500,-4.771700,-7.336300,-0.442200,-4.776600,-7.180700,-0.340600,-4.784400,-7.077500,-0.259100,-4.802600,-6.932300,-0.125600,-4.806700,-6.888400,-0.102200,-4.809800,-6.839400,-0.092600,-4.767400,-6.973200,-0.165100,-4.589700,-6.996400,-0.182200,-4.567800,-7.261700,-0.227400,-4.633000,-7.494200,-0.130900,-4.826800,-6.979200,-0.167600,-5.002300,-7.018200,-0.175200,-5.029600,-7.277400,-0.246200,-5.004600,-7.506000,-0.124800,0.383500,0.783900,1.097400,0.105900,0.005100,0.003000,-0.001100,-0.409800,0.000800,-0.004500,-0.367500,0.004100,-0.103700,-0.003800,0.002200,0.000700,-0.408700,0.000500,0.004200,-0.374700,0.001500,-0.000700,0.084100,-0.001600,-0.000700,0.185900,-0.001300,-0.001000,0.131800,-0.001200,-0.000100,0.198000,0.000100,-0.000100,0.050000,0.000000,-0.000100,0.050000,0.000000,0.029800,0.138300,-0.000300,0.180000,0.000100,0.000000,0.270000,0.000400,-0.000100,0.260000,0.000300,-0.000100,-0.029900,0.137600,-0.000200,-0.180000,-0.000100,0.000000,-0.270100,0.000100,-0.000100,-0.260000,0.000100,0.000000,0.244100,0.011100,0.005500,0.969700,-0.362300,0.028400,-0.064600,0.929400,0.241000,-0.068000,-0.044300,0.967100,-0.100100,-0.012400,0.078700,0.991800,0.403200,-0.066400,-0.034500,-0.912100,0.300400,0.066800,0.035700,0.950800,0.124500,0.059400,0.053200,-0.989000,0.045900,0.000300,0.009600,0.998900,0.045000,0.000000,0.016000,0.998900,0.032400,0.000200,0.021100,0.999300,-0.126300,-0.001100,-0.009000,0.992000,-0.147200,-0.001400,-0.009300,0.989100,-0.108400,0.027400,-0.010000,0.993700,0.016500,0.023500,0.126200,-0.991600,0.037300,0.299400,0.547400,-0.780600,-0.009300,0.315000,0.051300,-0.947700,-0.090900,0.358500,-0.078400,-0.925800,0.005000,0.041100,0.048700,0.998000,-0.002000,-0.270300,-0.518100,-0.811500,0.005600,-0.367900,0.094900,-0.925000,-0.026400,0.078000,-0.144300,0.986100,0.244100,0.011100,0.005500,0.969700,-0.125300,0.051600,-0.046500,0.989700,0.111900,-0.034100,-0.092700,0.988800,0.008200,-0.045600,-0.019000,0.998700,0.168300,-0.063900,-0.059100,-0.981900,-0.133400,-0.150100,-0.060900,-0.977700,0.005800,0.089800,0.019000,0.995800,0.288500,0.009300,0.014400,0.957300,0.331400,0.005300,0.029200,0.943000,0.361800,-0.000500,0.049000,0.931000,0.241400,-0.004500,0.039700,0.969600,0.096100,-0.009400,0.029200,0.994900,-0.013100,0.015700,0.020800,0.999600,-0.344600,-0.022400,0.077400,-0.935300,0.198600,-0.071000,-0.674700,0.707300,0.014100,0.286200,0.737600,-0.611400,-0.244300,-0.550100,-0.603800,0.522600,0.363700,0.020400,0.109100,0.924900,-0.278000,-0.078300,-0.666000,-0.687800,0.000900,0.348100,0.653500,0.672100,-0.118100,0.378600,0.556700,0.730000
1.910278,1.480521,0.517890,1.196477,3.512657,0.207723,3.115304,1.722458,0.630037,4.086624,0.472991,3.550018,1.825323,0.812774,0.549338,0.000000,-4.769400,-7.412300,-0.481500,-4.662900,-7.407100,-0.478700,-4.697300,-7.801900,-0.374700,-4.767600,-8.153300,-0.453600,-4.875300,-7.418400,-0.479600,-4.816700,-7.798900,-0.346800,-4.783700,-8.155100,-0.451500,-4.770300,-7.337700,-0.442600,-4.774800,-7.182500,-0.340300,-4.782200,-7.079400,-0.258400,-4.799700,-6.934500,-0.124600,-4.803600,-6.890600,-0.100900,-4.806500,-6.841700,-0.091000,-4.764500,-6.975300,-0.164400,-4.586800,-6.998400,-0.182200,-4.564400,-7.263800,-0.226700,-4.628900,-7.496700,-0.130500,-4.824400,-6.981200,-0.166400,-4.999900,-7.020100,-0.173300,-5.024400,-7.279000,-0.246300,-4.998300,-7.508900,-0.127600,0.384600,0.782700,1.096500,0.106400,0.005500,0.002600,-0.001100,-0.409700,0.000900,-0.003900,-0.366900,0.004500,-0.105900,-0.004100,0.001900,-0.000300,-0.407300,0.000800,0.003900,-0.372600,0.001500,-0.000600,0.084200,-0.001500,-0.000700,0.185900,-0.001200,-0.000900,0.131800,-0.001200,-0.000100,0.198000,0.000100,-0.000100,0.050000,0.000000,-0.000100,0.050000,0.000100,0.030000,0.138100,-0.000400,0.180100,0.000100,-0.000100,0.270000,0.000400,-0.000100,0.260000,0.000300,-0.000100,-0.030200,0.137700,-0.000100,-0.180000,-0.000100,0.000000,-0.270100,0.000100,-0.000200,-0.260000,0.000100,-0.000100,0.246300,0.011600,0.004800,0.969100,-0.363700,0.027700,-0.065200,0.928800,0.239700,-0.068900,-0.045400,0.967300,-0.098400,-0.011100,0.080900,0.991800,0.406200,-0.070200,-0.036700,-0.910300,0.303200,0.061000,0.032600,0.950400,0.127700,0.058200,0.052900,-0.988700,0.045600,0.000400,0.009400,0.998900,0.044700,0.000100,0.015600,0.998900,0.032100,0.000700,0.020700,0.999300,-0.125600,-0.001200,-0.009200,0.992000,-0.146400,-0.001400,-0.009500,0.989200,-0.107700,0.025600,-0.009800,0.993800,0.017500,0.023000,0.125300,-0.991700,0.036000,0.302100,0.545100,-0.781200,-0.010100,0.313300,0.049800,-0.948300,-0.092100,0.357500,-0.076900,-0.926200,0.004800,0.041900,0.048700,0.997900,-0.000700,-0.268900,-0.524700,-0.807700,0.005300,-0.365400,0.094100,-0.926100,-0.027900,0.074700,-0.147300,0.985900,0.246300,0.011600,0.004800,0.969100,-0.124600,0.052000,-0.047700,0.989700,0.111100,-0.035000,-0.094900,0.988600,0.008900,-0.045400,-0.018800,0.998800,0.169400,-0.067600,-0.061900,-0.981300,-0.135000,-0.148400,-0.060000,-0.977800,0.004300,0.089300,0.018600,0.995800,0.290300,0.009800,0.013400,0.956800,0.332900,0.006000,0.028000,0.942500,0.363000,0.000700,0.047500,0.930600,0.243400,-0.003000,0.038200,0.969200,0.099000,-0.007600,0.027900,0.994700,-0.009500,0.015900,0.019600,0.999600,-0.344800,-0.024000,0.077800,-0.935200,0.199100,-0.073000,-0.673800,0.707800,0.011500,0.287900,0.735900,-0.612800,-0.239400,-0.552600,-0.603800,0.522300,0.364800,0.022200,0.107900,0.924500,-0.277900,-0.075200,-0.670300,-0.683900,0.001800,0.342100,0.658400,0.670400,-0.116600,0.369200,0.560000,0.732400
1.898132,1.778787,0.533777,1.438691,4.767093,0.044099,3.203074,1.346993,0.577404,3.280126,0.890757,4.044677,1.634815,0.797323,0.564193,0.000000,-4.767100,-7.411600,-0.482800,-4.659900,-7.406400,-0.480600,-4.696900,-7.801600,-0.379000,-4.768000,-8.153300,-0.454700,-4.874900,-7.420000,-0.481700,-4.816000,-7.804200,-0.349200,-4.784500,-8.162000,-0.452700,-4.767700,-7.337300,-0.443200,-4.771800,-7.182700,-0.339800,-4.778600,-7.080000,-0.257400,-4.795600,-6.935600,-0.123000,-4.799300,-6.891800,-0.099100,-4.802000,-6.843000,-0.088600,-4.760400,-6.976200,-0.163400,-4.582700,-6.998900,-0.181700,-4.559400,-7.264400,-0.225300,-4.623700,-7.497200,-0.129000,-4.820600,-6.982200,-0.164500,-4.996200,-7.020800,-0.170400,-5.015600,-7.278700,-0.247900,-4.987000,-7.510600,-0.133800,0.386900,0.783400,1.095200,0.107300,0.005200,0.002100,-0.000900,-0.409700,0.000900,-0.002900,-0.366600,0.005200,-0.107900,-0.006400,0.002400,-0.000700,-0.410700,-0.000500,0.002700,-0.373800,0.001800,-0.000300,0.084200,-0.001100,-0.000400,0.186000,-0.001000,-0.000500,0.131900,-0.001000,-0.000100,0.198000,0.000000,-0.000100,0.050000,0.000000,0.000000,0.050000,0.000100,0.030100,0.137900,-0.000700,0.180100,0.000000,-0.000200,0.270000,0.000300,-0.000200,0.260000,0.000000,-0.000100,-0.030300,0.138000,0.000100,-0.179900,-0.000100,0.000000,-0.270100,0.000100,-0.000200,-0.260000,0.000200,0.000000,0.249200,0.011400,0.004700,0.968400,-0.363400,0.026700,-0.068400,0.928700,0.233600,-0.068700,-0.044700,0.968900,-0.094300,-0.010500,0.083100,0.992000,0.408600,-0.067800,-0.038300,-0.909400,0.302500,0.056200,0.027700,0.951100,0.128600,0.050500,0.051200,-0.989100,0.045200,0.000800,0.009200,0.998900,0.044300,0.000600,0.015300,0.998900,0.031800,0.002800,0.020300,0.999300,-0.124000,-0.001300,-0.010700,0.992200,-0.144500,-0.001600,-0.011000,0.989400,-0.106300,0.022000,-0.010500,0.994000,0.018100,0.024400,0.124300,-0.991800,0.037700,0.303700,0.543300,-0.781800,-0.015100,0.312700,0.049800,-0.948400,-0.093100,0.356600,-0.075100,-0.926600,0.003200,0.041100,0.047400,0.998000,-0.009700,-0.269400,-0.534400,-0.801100,0.016500,-0.362900,0.095900,-0.926700,-0.027300,0.073400,-0.153100,0.985100,0.249200,0.011400,0.004700,0.968400,-0.121400,0.051800,-0.051000,0.989900,0.107700,-0.035200,-0.097400,0.988800,0.009700,-0.045100,-0.019000,0.998800,0.169000,-0.064600,-0.062900,-0.981500,-0.134400,-0.140300,-0.058000,-0.979200,0.002700,0.088700,0.018400,0.995900,0.292800,0.010100,0.013300,0.956000,0.334900,0.006800,0.027600,0.941800,0.364700,0.003500,0.047400,0.929900,0.246600,0.000300,0.037100,0.968400,0.104100,-0.003900,0.025700,0.994200,-0.002700,0.016300,0.016900,0.999700,-0.345600,-0.025300,0.077400,-0.934900,0.197700,-0.073500,-0.672400,0.709500,0.008400,0.291900,0.733700,-0.613500,-0.234300,-0.556900,-0.603600,0.520300,0.365200,0.024500,0.106400,0.924500,-0.286000,-0.074600,-0.677400,-0.673600,0.000900,0.329800,0.668200,0.666900,-0.116800,0.355700,0.565200,0.735100
1.151159,2.030170,0.535934,1.537696,5.812342,0.000000,2.173253,1.296753,0.506244,2.361785,1.987579,4.560784,1.502203,0.786996,0.488369,0.000000,-4.764900,-7.409600,-0.483200,-4.657900,-7.404900,-0.481400,-4.696600,-7.800500,-0.381700,-4.768200,-8.153000,-0.455200,-4.872300,-7.416800,-0.482400,-4.816000,-7.801700,-0.351200,-4.784900,-8.159000,-0.453100,-4.765600,-7.335600,-0.443300,-4.769800,-7.181300,-0.339500,-4.776500,-7.078900,-0.256600,-4.793600,-6.934800,-0.122000,-4.797300,-6.891000,-0.097900,-4.799800,-6.842200,-0.087300,-4.758400,-6.975300,-0.162600,-4.580600,-6.997700,-0.181000,-4.556700,-7.263000,-0.224500,-4.621100,-7.495700,-0.127900,-4.818500,-6.981300,-0.163300,-4.994000,-7.019800,-0.168900,-5.010700,-7.277000,-0.249800,-4.980500,-7.509700,-0.137900,0.389100,0.785400,1.094800,0.107000,0.004400,0.001700,-0.000900,-0.409800,0.000800,-0.002600,-0.367000,0.005300,-0.107500,-0.005300,0.001800,-0.000300,-0.410600,-0.000400,0.003100,-0.372700,0.001900,-0.000200,0.084100,-0.000900,-0.000300,0.186000,-0.000800,-0.000300,0.131900,-0.000800,-0.000100,0.198000,0.000000,-0.000100,0.050000,0.000000,0.000000,0.050000,0.000200,0.030100,0.137800,-0.000700,0.180100,0.000000,-0.000200,0.270000,0.000200,-0.000200,0.260000,0.000100,-0.000100,-0.030300,0.138100,0.000200,-0.179800,-0.000100,0.000000,-0.270000,0.000000,-0.000100,-0.260000,0.000100,0.000000,0.249900,0.010200,0.005300,0.968200,-0.361800,0.027300,-0.070700,0.929200,0.228400,-0.068500,-0.043600,0.970200,-0.091000,-0.010500,0.083800,0.992300,0.407300,-0.064100,-0.036200,-0.910300,0.298900,0.058100,0.027400,0.952100,0.128800,0.046800,0.047900,-0.989400,0.045300,0.001200,0.009000,0.998900,0.044400,0.000900,0.015000,0.998900,0.031800,0.004500,0.020000,0.999300,-0.123600,-0.001400,-0.011600,0.992300,-0.144000,-0.001700,-0.012000,0.989500,-0.105900,0.020200,-0.011000,0.994100,0.017200,0.025100,0.123700,-0.991800,0.040800,0.303800,0.543100,-0.781700,0.019400,-0.313800,-0.051500,0.947900,-0.096300,0.356400,-0.073600,-0.926500,0.002400,0.040100,0.046600,0.998100,-0.018300,-0.270600,-0.538600,-0.797700,0.024500,-0.363100,0.098600,-0.926200,-0.026600,0.074800,-0.156100,0.984500,0.249900,0.010200,0.005300,0.968200,-0.119000,0.051700,-0.053000,0.990100,0.104800,-0.035000,-0.098200,0.989000,0.010000,-0.045000,-0.018900,0.998800,0.166800,-0.060200,-0.060000,-0.982300,-0.133000,-0.136900,-0.056400,-0.980000,0.001400,0.088700,0.020200,0.995800,0.293600,0.009400,0.013800,0.955800,0.335800,0.006500,0.028000,0.941500,0.365600,0.004900,0.048100,0.929500,0.247900,0.001800,0.037000,0.968100,0.105900,-0.002300,0.024900,0.994100,-0.000400,0.016400,0.015700,0.999700,-0.347200,-0.025900,0.076400,-0.934300,0.195900,-0.071900,-0.671500,0.711000,-0.007500,-0.294200,-0.733200,0.613000,0.230800,0.561100,0.603200,-0.517700,0.365400,0.025200,0.105900,0.924500,-0.293300,-0.075400,-0.680900,-0.666900,0.000700,0.324200,0.673200,0.664600,-0.118000,0.351200,0.567700,0.735200
0.567501,2.237711,0.517387,1.626932,6.035788,0.000000,1.256552,1.417192,0.439391,1.626380,3.082014,4.902043,1.431805,0.788939,0.375842,0.000000,-4.762700,-7.406900,-0.483400,-4.656100,-7.402800,-0.481800,-4.696300,-7.799000,-0.384900,-4.768400,-8.152500,-0.455600,-4.869700,-7.412700,-0.483000,-4.816000,-7.798600,-0.353900,-4.785100,-8.155300,-0.453300,-4.763500,-7.333100,-0.443200,-4.768000,-7.179100,-0.339100,-4.774700,-7.076900,-0.255900,-4.791800,-6.933000,-0.121000,-4.795500,-6.889400,-0.096900,-4.797900,-6.840600,-0.086100,-4.756600,-6.973500,-0.161700,-4.578800,-6.995600,-0.180200,-4.554100,-7.260900,-0.223900,-4.619200,-7.493200,-0.127100,-4.816600,-6.979500,-0.162300,-4.992200,-7.018000,-0.167800,-5.006400,-7.274300,-0.251700,-4.974500,-7.507700,-0.141700,0.391300,0.788100,1.094600,0.106600,0.003600,0.001400,-0.000900,-0.409900,0.000700,-0.002400,-0.367500,0.005300,-0.107100,-0.004100,0.001100,-0.000200,-0.410400,-0.000300,0.003200,-0.371600,0.002000,-0.000200,0.084000,-0.000600,-0.000200,0.185900,-0.000500,-0.000100,0.131900,-0.000500,-0.000100,0.198000,0.000000,-0.000100,0.050000,0.000000,0.000000,0.050000,0.000200,0.030100,0.137800,-0.000600,0.180100,0.000000,-0.000200,0.270000,0.000200,-0.000100,0.260000,0.000100,-0.000100,-0.030200,0.138200,0.000200,-0.179800,-0.000100,0.000000,-0.270000,-0.000100,-0.000100,-0.260000,0.000200,0.000000,0.250200,0.008300,0.005800,0.968100,-0.359000,0.027900,-0.072100,0.930100,0.221000,-0.068400,-0.043000,0.971900,-0.086600,-0.009800,0.084400,0.992600,0.404500,-0.062300,-0.034200,-0.911800,0.292800,0.062300,0.028100,0.953700,0.126800,0.046800,0.045200,-0.989800,0.045600,0.001600,0.008800,0.998900,0.044700,0.001400,0.014600,0.998900,0.031900,0.006500,0.019600,0.999300,-0.123500,-0.001500,-0.012300,0.992300,-0.143900,-0.001900,-0.012700,0.989500,-0.105800,0.019000,-0.011400,0.994100,0.016700,0.025900,0.123400,-0.991900,0.044300,0.302200,0.543200,-0.782100,0.025400,-0.315600,-0.053900,0.947000,-0.098000,0.356500,-0.073400,-0.926200,0.002000,0.039200,0.046100,0.998200,-0.025500,-0.271400,-0.542500,-0.794600,0.028800,-0.363900,0.101400,-0.925500,-0.026000,0.077000,-0.157700,0.984100,0.250200,0.008300,0.005800,0.968100,-0.115600,0.050700,-0.054400,0.990500,0.100700,-0.035500,-0.098800,0.989400,0.010300,-0.045000,-0.018600,0.998800,0.163500,-0.056900,-0.057400,-0.983200,-0.130000,-0.136900,-0.055500,-0.980400,0.000700,0.088500,0.021900,0.995800,0.294100,0.007900,0.014300,0.955600,0.336500,0.005600,0.028300,0.941200,0.366300,0.006000,0.048700,0.929200,0.248700,0.003000,0.037100,0.967900,0.106800,-0.001000,0.024300,0.994000,0.000600,0.016500,0.014700,0.999800,-0.348300,-0.026200,0.075700,-0.933900,0.193900,-0.069100,-0.670600,0.712700,-0.006200,-0.297000,-0.732900,0.612000,0.228900,0.564600,0.602600,-0.515400,0.365900,0.025600,0.105800,0.924300,-0.299500,-0.075400,-0.684100,-0.660800,0.001500,0.320900,0.677300,0.662100,-0.118500,0.349400,0.570600,0.733700
0.963895,2.377354,0.460311,1.806448,4.433689,0.076176,1.503435,1.693853,0.398259,1.421875,3.630165,4.802551,1.466215,0.816783,0.246431,0.000000,-4.760900,-7.404100,-0.483400,-4.654700,-7.400400,-0.481900,-4.696000,-7.797400,-0.388400,-4.768500,-8.152000,-0.455800,-4.867900,-7.409300,-0.483500,-4.816000,-7.796300,-0.357100,-4.785200,-8.153900,-0.453200,-4.761800,-7.330400,-0.443000,-4.766500,-7.176600,-0.338600,-4.773100,-7.074600,-0.255200,-4.790300,-6.930900,-0.120100,-4.793900,-6.887200,-0.096000,-4.796300,-6.838400,-0.085200,-4.755100,-6.971300,-0.160900,-4.577300,-6.993200,-0.179300,-4.551900,-7.258300,-0.223200,-4.617800,-7.490400,-0.126300,-4.815000,-6.977200,-0.161500,-4.990600,-7.015700,-0.167100,-5.002700,-7.271300,-0.253200,-4.969100,-7.505100,-0.144700,0.393100,0.790900,1.094600,0.106200,0.003000,0.001100,-0.000900,-0.410000,0.000600,-0.002400,-0.368100,0.005200,-0.107100,-0.003600,0.000800,-0.000100,-0.410500,-0.000200,0.002900,-0.371600,0.002400,-0.000100,0.084000,-0.000500,-0.000100,0.186000,-0.000400,0.000000,0.131900,-0.000400,-0.000100,0.198000,0.000000,-0.000100,0.050000,0.000000,0.000000,0.050000,0.000100,0.030100,0.137800,-0.000600,0.180100,0.000000,-0.000200,0.270000,0.000100,-0.000100,0.260000,0.000000,-0.000100,-0.030100,0.138200,0.000100,-0.179800,-0.000100,-0.000100,-0.270000,-0.000200,-0.000100,-0.260000,0.000100,0.000000,0.250700,0.005900,0.006100,0.968000,-0.355700,0.028200,-0.072400,0.931400,0.212100,-0.068600,-0.043100,0.973900,-0.081600,-0.008300,0.085300,0.993000,0.401300,-0.062100,-0.033100,-0.913200,0.285400,0.066700,0.028900,0.955600,0.122600,0.048700,0.043800,-0.990300,0.045700,0.002000,0.008500,0.998900,0.044800,0.001700,0.014100,0.998900,0.031900,0.008300,0.019200,0.999300,-0.123600,-0.001600,-0.012800,0.992300,-0.144000,-0.001900,-0.013200,0.989500,-0.105800,0.018600,-0.011800,0.994100,0.016300,0.026200,0.123000,-0.991900,0.047400,0.300300,0.543400,-0.782500,0.031700,-0.317300,-0.056100,0.946100,-0.099100,0.357700,-0.073700,-0.925600,0.002000,0.038600,0.045900,0.998200,-0.030000,-0.271800,-0.545700,-0.792100,0.028900,-0.364700,0.103300,-0.924900,-0.024700,0.079600,-0.157100,0.984100,0.250700,0.005900,0.006100,0.968000,-0.111500,0.048800,-0.055200,0.991000,0.095700,-0.037000,-0.099200,0.989800,0.010400,-0.045000,-0.017900,0.998800,0.159700,-0.054800,-0.055600,-0.984100,-0.126100,-0.138400,-0.055300,-0.980800,0.001300,0.088000,0.022600,0.995900,0.294600,0.006000,0.014600,0.955500,0.337100,0.004100,0.028300,0.941000,0.366800,0.006400,0.049000,0.929000,0.249200,0.003500,0.036900,0.967800,0.107200,-0.000400,0.023700,0.994000,0.000900,0.016800,0.013900,0.999800,-0.349200,-0.026300,0.075300,-0.933600,0.192100,-0.066500,-0.669900,0.714100,-0.004500,-0.299900,-0.732700,0.610900,0.227800,0.568400,0.601900,-0.512700,0.366400,0.025400,0.105700,0.924100,-0.303100,-0.074600,-0.686800,-0.656400,0.003200,0.319800,0.680200,0.659600,-0.117500,0.351000,0.573800,0.730600
0.808927,1.847835,0.409511,2.108596,4.818073,0.328405,1.294655,1.204088,0.367046,1.315057,3.702617,4.376348,1.471430,0.851428,0.102019,0.000000,-4.759600,-7.401400,-0.483300,-4.653700,-7.398100,-0.481800,-4.695600,-7.796000,-0.392000,-4.768400,-8.151900,-0.455900,-4.866800,-7.406500,-0.484000,-4.816000,-7.794800,-0.360600,-4.785200,-8.154100,-0.453200,-4.760500,-7.327700,-0.442800,-4.765300,-7.174000,-0.338100,-4.772000,-7.072100,-0.254500,-4.789100,-6.928500,-0.119300,-4.792700,-6.884900,-0.095200,-4.794900,-6.836100,-0.084400,-4.753900,-6.968900,-0.160000,-4.576100,-6.990600,-0.178400,-4.550200,-7.255700,-0.222600,-4.616800,-7.487600,-0.125700,-4.813800,-6.974700,-0.160900,-4.989300,-7.013000,-0.166700,-4.999800,-7.268100,-0.254500,-4.964400,-7.502200,-0.146900,0.394400,0.793600,1.094700,0.105900,0.002500,0.000800,-0.000900,-0.410000,0.000600,-0.002400,-0.368800,0.005000,-0.107300,-0.003700,0.000900,-0.000100,-0.410600,-0.000100,0.002300,-0.372200,0.003000,0.000000,0.084100,-0.000400,0.000000,0.186000,-0.000400,0.000100,0.132000,-0.000400,-0.000100,0.198000,0.000000,-0.000100,0.050000,0.000000,0.000000,0.050000,0.000100,0.030100,0.137900,-0.000500,0.180100,0.000000,-0.000200,0.270000,0.000100,-0.000100,0.260000,0.000000,-0.000100,-0.030000,0.138200,0.000000,-0.179700,-0.000100,-0.000100,-0.270000,-0.000300,-0.000100,-0.260000,0.000000,0.000000,0.251400,0.003400,0.006200,0.967900,-0.352500,0.028100,-0.072000,0.932600,0.202200,-0.068600,-0.043600,0.976000,-0.076200,-0.006700,0.085900,0.993400,0.398200,-0.063300,-0.032500,-0.914500,0.277500,0.069000,0.029200,0.957800,0.118400,0.049900,0.043400,-0.990800,0.045600,0.002300,0.008200,0.998900,0.044700,0.002100,0.013700,0.998900,0.031900,0.009800,0.018700,0.999300,-0.123700,-0.001600,-0.013000,0.992200,-0.144200,-0.002000,-0.013400,0.989500,-0.105900,0.018800,-0.012000,0.994100,0.016100,0.026100,0.122600,-0.992000,0.049600,0.298800,0.543700,-0.782700,0.037100,-0.318700,-0.057600,0.945400,-0.099800,0.359800,-0.073800,-0.924700,0.001900,0.038100,0.045900,0.998200,-0.032700,-0.272000,-0.548600,-0.789900,0.026200,-0.365300,0.104400,-0.924700,-0.021100,0.083100,-0.154700,0.984200,0.251400,0.003400,0.006200,0.967900,-0.107100,0.046300,-0.055600,0.991600,0.090200,-0.038800,-0.099400,0.990200,0.010100,-0.045300,-0.017200,0.998800,0.155700,-0.053700,-0.054400,-0.984800,-0.121900,-0.139000,-0.055200,-0.981200,0.001300,0.087500,0.022500,0.995900,0.295300,0.003800,0.014600,0.955300,0.337600,0.002400,0.028100,0.940800,0.367100,0.006200,0.048900,0.928900,0.249400,0.003400,0.036600,0.967700,0.107200,-0.000500,0.023200,0.994000,0.000800,0.017100,0.013100,0.999800,-0.349800,-0.026100,0.074900,-0.933500,0.191000,-0.064500,-0.669300,0.715100,-0.002500,-0.302700,-0.732400,0.609900,0.227300,0.572300,0.601200,-0.509300,0.366600,0.024800,0.105400,0.924000,-0.304700,-0.073300,-0.689100,-0.653400,0.005300,0.320200,0.682200,0.657300,-0.114900,0.356200,0.576900,0.726000
0.670699,1.419217,0.447686,2.012317,5.421524,0.467796,1.131696,1.070299,0.330986,1.786025,3.188094,3.650687,1.336989,0.882567,0.000000,0.000000,-4.757600,-7.396700,-0.483500,-4.651900,-7.394300,-0.481500,-4.695300,-7.793700,-0.399100,-4.768000,-8.152200,-0.455800,-4.865200,-7.401700,-0.485400,-4.816300,-7.792300,-0.368000,-4.785200,-8.154100,-0.453200,-4.758600,-7.323000,-0.442500,-4.763700,-7.169400,-0.337300,-4.770400,-7.067500,-0.253500,-4.787600,-6.924000,-0.118200,-4.791000,-6.880300,-0.094100,-4.793200,-6.831500,-0.083500,-4.752400,-6.964400,-0.158700,-4.574400,-6.986000,-0.176300,-4.547900,-7.250900,-0.221400,-4.615700,-7.482400,-0.124400,-4.812100,-6.970000,-0.160000,-4.987800,-7.007400,-0.166600,-4.995500,-7.261900,-0.256200,-4.957200,-7.496100,-0.150000,0.396400,0.798300,1.094500,0.105700,0.001600,0.000400,-0.000800,-0.410200,0.000400,-0.002500,-0.370100,0.004100,-0.107700,-0.003800,0.001000,-0.000100,-0.410700,-0.000100,0.001800,-0.373000,0.003300,0.000100,0.084400,-0.000300,0.000200,0.186200,-0.000300,0.000400,0.132100,-0.000400,-0.000100,0.198000,0.000100,0.000000,0.050000,0.000000,0.000000,0.050000,0.000000,0.030100,0.137900,-0.000400,0.180200,0.000000,-0.000200,0.270000,0.000100,-0.000200,0.260000,0.000000,0.000000,-0.029900,0.138200,-0.000200,-0.179700,-0.000100,-0.000200,-0.270000,-0.000400,0.000000,-0.260000,-0.000200,0.000100,-0.253200,0.002500,-0.006400,-0.967400,-0.346300,0.027400,-0.070800,0.935000,0.181500,-0.066800,-0.042800,0.980200,-0.063200,-0.005400,0.085200,0.994300,0.392300,-0.069800,-0.030700,-0.916700,0.260200,0.067400,0.028800,0.962800,0.109200,0.049300,0.042900,-0.991900,0.045200,0.002800,0.007700,0.998900,0.044300,0.002600,0.012700,0.998900,0.031500,0.012200,0.017500,0.999300,-0.124500,-0.001600,-0.012900,0.992100,-0.145100,-0.002000,-0.013300,0.989300,-0.106600,0.020300,-0.012100,0.994000,0.014800,0.025400,0.120800,-0.992200,0.051500,0.297300,0.544500,-0.782600,0.044700,-0.322000,-0.057500,0.944000,-0.099900,0.365700,-0.072400,-0.922500,-0.000800,-0.037100,-0.045700,-0.998300,-0.035800,-0.272300,-0.554100,-0.785800,0.017600,-0.366200,0.105000,-0.924400,0.003200,-0.093800,0.147100,-0.984700,-0.253200,0.002500,-0.006400,-0.967400,0.098300,-0.039900,0.056400,-0.992800,-0.078300,0.041600,0.098400,-0.991200,-0.011100,0.047200,0.016500,-0.998700,-0.147900,0.054900,0.052300,0.986100,0.112300,0.137300,0.054500,0.982600,-0.000800,-0.086600,-0.021400,-0.996000,-0.296600,0.001400,-0.014600,-0.954900,-0.338500,0.002100,-0.027500,-0.940600,-0.367500,-0.004300,-0.048200,-0.928800,-0.249000,-0.001500,-0.035800,-0.967800,-0.105900,0.002200,-0.022200,-0.994100,0.001100,-0.016900,-0.012000,-0.999800,0.351600,0.024400,-0.073700,0.932900,-0.191900,0.063000,0.668900,-0.715400,-0.001400,0.308600,0.731500,-0.608000,-0.227800,-0.580200,-0.600500,0.500800,0.366100,0.022000,0.104200,0.924500,-0.304600,-0.069900,-0.693000,-0.649600,0.009000,0.322300,0.685200,0.653100,0.104900,-0.377700,-0.580600,-0.713600
0.750400,1.392632,0.635077,1.197724,5.713010,0.362085,1.203450,1.805036,0.283548,3.202992,1.841005,2.529232,0.975672,0.905544,0.000000,0.000000,-4.757100,-7.395200,-0.483700,-4.651500,-7.393100,-0.481500,-4.695300,-7.793000,-0.401500,-4.767700,-8.152100,-0.455700,-4.864800,-7.400100,-0.485900,-4.816500,-7.791400,-0.370800,-4.785200,-8.154100,-0.453200,-4.758100,-7.321500,-0.442500,-4.763400,-7.168000,-0.337100,-4.770100,-7.066000,-0.253200,-4.787300,-6.922500,-0.117900,-4.790700,-6.878800,-0.093800,-4.792900,-6.830000,-0.083400,-4.752100,-6.963000,-0.158300,-4.574000,-6.984600,-0.175600,-4.547400,-7.249400,-0.221100,-4.615700,-7.480700,-0.124000,-4.811800,-6.968400,-0.159800,-4.987600,-7.005500,-0.166700,-4.994500,-7.259900,-0.256700,-4.955100,-7.494000,-0.150700,0.396900,0.799800,1.094300,0.105600,0.001400,0.000300,-0.000800,-0.410200,0.000300,-0.002700,-0.370300,0.003600,-0.107800,-0.003800,0.001100,0.000000,-0.410700,-0.000100,0.001600,-0.373200,0.003300,0.000200,0.084400,-0.000300,0.000300,0.186300,-0.000300,0.000500,0.132200,-0.000400,-0.000100,0.198000,0.000100,0.000000,0.050000,0.000000,0.000000,0.050000,0.000000,0.030100,0.138000,-0.000300,0.180200,0.000100,-0.000100,0.270000,0.000100,-0.000100,0.260000,0.000000,0.000000,-0.029900,0.138200,-0.000200,-0.179700,-0.000100,-0.000200,-0.270000,-0.000400,0.000000,-0.260000,-0.000200,0.000100,-0.253800,0.004600,-0.006300,-0.967200,-0.344700,0.026700,-0.069800,0.935700,0.174700,-0.066000,-0.042400,0.981500,-0.058400,-0.005300,0.084800,0.994700,-0.390100,0.072900,0.029800,0.917400,0.253500,0.066800,0.029300,0.964600,0.105600,0.049900,0.042700,-0.992200,0.045000,0.003000,0.007500,0.999000,0.044100,0.002800,0.012400,0.998900,0.031400,0.013100,0.017200,0.999300,-0.124900,-0.001600,-0.012800,0.992100,-0.145600,-0.001900,-0.013200,0.989300,-0.106900,0.020700,-0.012100,0.994000,0.014500,0.025300,0.120400,-0.992300,0.051100,0.296800,0.544400,-0.782900,0.045900,-0.323600,-0.057300,0.943300,-0.100000,0.367900,-0.071400,-0.921700,0.000000,-0.036400,-0.045400,-0.998300,-0.036600,-0.272300,-0.556000,-0.784500,0.014100,-0.366500,0.104500,-0.924400,-0.005800,-0.098500,0.144400,-0.984600,-0.253800,0.004600,-0.006300,-0.967200,0.095700,-0.037000,0.056400,-0.993100,-0.074300,0.043100,0.097600,-0.991500,-0.011800,0.048700,0.015900,-0.998600,0.145100,-0.056300,-0.051400,-0.986500,-0.108300,-0.137500,-0.054400,-0.983100,0.000600,0.086300,0.021100,0.996000,-0.297000,0.003300,-0.014500,-0.954800,-0.338700,0.003800,-0.027300,-0.940500,-0.367500,-0.003500,-0.048100,-0.928800,-0.248600,-0.000700,-0.035600,-0.967900,-0.105100,0.003100,-0.022100,-0.994200,0.002300,-0.016400,-0.011800,-0.999800,0.352000,0.023600,-0.073400,0.932800,-0.193200,0.063000,0.668600,-0.715300,-0.002400,0.310600,0.731300,-0.607200,-0.228300,-0.583000,-0.600500,0.497400,0.365300,0.020600,0.103500,0.924900,-0.303800,-0.068700,-0.694100,-0.649000,0.010000,0.323400,0.686200,0.651500,0.100600,-0.388000,-0.580700,-0.708700
0.459287,2.574665,0.662547,1.120158,4.735391,0.090407,1.596388,2.006569,0.248780,3.569352,1.789029,2.396599,0.926943,0.911096,0.000000,0.000000,-4.756700,-7.393400,-0.484000,-4.651200,-7.391700,-0.481600,-4.695200,-7.792100,-0.404200,-4.766900,-8.151800,-0.455600,-4.864400,-7.398100,-0.486500,-4.816900,-7.790400,-0.374400,-4.785200,-8.154000,-0.453200,-4.757700,-7.319800,-0.442600,-4.763100,-7.166400,-0.337000,-4.769800,-7.064400,-0.253000,-4.787100,-6.920900,-0.117700,-4.790600,-6.877200,-0.093700,-4.792800,-6.828300,-0.083400,-4.751900,-6.961400,-0.157900,-4.573800,-6.983100,-0.174800,-4.546800,-7.247700,-0.220900,-4.615800,-7.478700,-0.123600,-4.811600,-6.966700,-0.159700,-4.987500,-7.003200,-0.167000,-4.993600,-7.257500,-0.257300,-4.952800,-7.491500,-0.151400,0.397300,0.801600,1.094000,0.105600,0.001200,0.000100,-0.000800,-0.410200,0.000300,-0.003000,-0.370400,0.002900,-0.107700,-0.003700,0.001300,0.000000,-0.410700,-0.000100,0.001500,-0.373400,0.003100,0.000300,0.084500,-0.000200,0.000300,0.186300,-0.000300,0.000500,0.132300,-0.000400,0.000000,0.198000,0.000100,0.000000,0.050000,0.000000,0.000000,0.050000,0.000000,0.030100,0.138000,-0.000200,0.180100,0.000100,-0.000100,0.270000,0.000100,-0.000100,0.260000,0.000000,0.000000,-0.029900,0.138200,-0.000200,-0.179800,0.000000,-0.000200,-0.269900,-0.000400,0.000000,-0.260000,-0.000200,0.000100,-0.254700,0.007200,-0.005900,-0.967000,-0.342900,0.025400,-0.067800,0.936600,0.166300,-0.065800,-0.042300,0.983000,-0.052100,-0.004900,0.084400,0.995100,-0.387200,0.077000,0.028800,0.918300,0.244300,0.066700,0.030100,0.966900,0.100700,0.051500,0.042600,-0.992700,0.044700,0.003200,0.007400,0.999000,0.043800,0.003000,0.012200,0.999000,0.031200,0.014100,0.017000,0.999300,-0.125400,-0.001600,-0.012600,0.992000,-0.146200,-0.001900,-0.013000,0.989200,-0.107400,0.021100,-0.011900,0.993900,0.014300,0.025100,0.120000,-0.992300,0.049900,0.296200,0.544000,-0.783500,0.046500,-0.326300,-0.057100,0.942400,-0.100600,0.370700,-0.070100,-0.920600,0.001400,-0.035400,-0.045000,-0.998400,-0.037900,-0.272300,-0.558100,-0.782900,0.009200,-0.367300,0.103700,-0.924300,-0.018000,-0.104500,0.141000,-0.984300,-0.254700,0.007200,-0.005900,-0.967000,0.092700,-0.033000,0.056100,-0.993600,-0.069000,0.046100,0.096500,-0.991900,-0.012600,0.051600,0.015100,-0.998500,0.141200,-0.058300,-0.050100,-0.987000,-0.103000,-0.138600,-0.054600,-0.983500,0.000100,0.085900,0.020900,0.996100,-0.297500,0.005700,-0.014200,-0.954600,-0.338900,0.005900,-0.027000,-0.940400,-0.367500,-0.002500,-0.047900,-0.928800,-0.248100,0.000400,-0.035600,-0.968100,-0.104000,0.004300,-0.022100,-0.994300,0.003800,-0.015600,-0.011800,-0.999800,0.352300,0.022500,-0.073100,0.932800,-0.195600,0.063300,0.668000,-0.715200,-0.003200,0.312900,0.731200,-0.606100,-0.229000,-0.586500,-0.600400,0.493000,0.364100,0.018700,0.102700,0.925500,-0.302500,-0.067300,-0.695400,-0.648400,0.011300,0.325300,0.687200,0.649500,0.094900,-0.402100,-0.580100,-0.702000
0.755500,3.934202,0.640993,0.855695,4.932316,0.280574,1.662763,2.385380,0.181787,4.189480,2.425412,2.186694,0.906859,0.890676,0.000000,0.000000,-4.756700,-7.391700,-0.484500,-4.650900,-7.390400,-0.481800,-4.694700,-7.791400,-0.407500,-4.765200,-8.151700,-0.455400,-4.864300,-7.395800,-0.487200,-4.817900,-7.789400,-0.379100,-4.785200,-8.153900,-0.453200,-4.757700,-7.318100,-0.442900,-4.762900,-7.164800,-0.337100,-4.769700,-7.062800,-0.253000,-4.787100,-6.919300,-0.117700,-4.790600,-6.875600,-0.093700,-4.792900,-6.826700,-0.083600,-4.751900,-6.960000,-0.157800,-4.573900,-6.981900,-0.173700,-4.546000,-7.246300,-0.220900,-4.616000,-7.476700,-0.123000,-4.811600,-6.965000,-0.159800,-4.987500,-7.000800,-0.167700,-4.993100,-7.255200,-0.257900,-4.950200,-7.488600,-0.151700,0.397300,0.803300,1.093500,0.105900,0.000900,0.000000,-0.000700,-0.410100,0.000200,-0.002900,-0.370200,0.002100,-0.107600,-0.003400,0.001500,0.000100,-0.410800,0.000000,0.001400,-0.373400,0.002800,0.000300,0.084500,-0.000200,0.000300,0.186400,-0.000300,0.000500,0.132300,-0.000400,0.000000,0.198000,0.000100,0.000000,0.050000,0.000000,0.000000,0.050000,-0.000100,0.030000,0.138100,-0.000100,0.180100,0.000000,-0.000100,0.270000,0.000000,-0.000100,0.260000,0.000000,0.000000,-0.029900,0.138200,-0.000300,-0.179700,0.000000,-0.000200,-0.269900,-0.000400,0.000000,-0.260000,-0.000300,0.000100,-0.255700,0.010000,-0.004800,-0.966700,-0.340900,0.022800,-0.064500,0.937600,0.156400,-0.067200,-0.042400,0.984500,-0.044700,-0.006000,0.084300,0.995400,-0.383500,0.081300,0.028300,0.919500,0.232500,0.066400,0.031500,0.969800,0.094400,0.053200,0.042900,-0.993200,0.044400,0.003400,0.007400,0.999000,0.043500,0.003200,0.012200,0.999000,0.030900,0.015100,0.017000,0.999300,-0.126100,-0.001500,-0.012000,0.991900,-0.147000,-0.001800,-0.012400,0.989100,-0.108100,0.021100,-0.011500,0.993900,0.013900,0.026200,0.119100,-0.992400,0.048200,0.294800,0.542400,-0.785200,0.046200,-0.331200,-0.056900,0.940700,-0.100700,0.373900,-0.069700,-0.919400,0.003600,-0.034400,-0.044500,-0.998400,-0.040100,-0.272600,-0.560000,-0.781400,0.002400,-0.369100,0.103100,-0.923700,-0.031700,-0.111300,0.137400,-0.983700,-0.255700,0.010000,-0.004800,-0.966700,0.089300,-0.027500,0.055400,-0.994100,-0.062700,0.052200,0.095000,-0.992100,-0.013100,0.059000,0.013600,-0.998100,0.136300,-0.060300,-0.048700,-0.987600,-0.096200,-0.139700,-0.055200,-0.984000,-0.000400,0.085300,0.020700,0.996100,-0.298300,0.008300,-0.013200,-0.954300,-0.339400,0.008300,-0.026200,-0.940200,-0.367700,-0.000900,-0.047500,-0.928700,-0.247600,0.002100,-0.035500,-0.968200,-0.102700,0.006000,-0.022400,-0.994400,0.005800,-0.013800,-0.012300,-0.999800,0.353200,0.019600,-0.073100,0.932500,-0.200200,0.064400,0.666400,-0.715400,-0.004400,0.316900,0.730900,-0.604400,-0.230500,-0.591200,-0.599500,0.487700,0.362100,0.016300,0.101400,0.926500,-0.301600,-0.066500,-0.696100,-0.648100,0.013300,0.330100,0.687600,0.646600,0.088400,-0.420300,-0.578600,-0.693300
1.815977,5.365133,0.578872,0.273120,6.721478,1.056290,1.290278,3.046140,0.073903,5.247352,3.748301,1.762494,0.884067,0.840600,0.000000,0.000000,-4.757300,-7.391200,-0.484900,-4.650900,-7.390400,-0.481400,-4.694000,-7.791800,-0.409500,-4.762600,-8.152300,-0.455300,-4.864900,-7.394600,-0.488000,-4.819100,-7.788900,-0.382400,-4.785300,-8.153900,-0.453200,-4.758200,-7.317600,-0.443400,-4.763400,-7.164400,-0.337500,-4.770200,-7.062500,-0.253300,-4.787500,-6.919000,-0.117900,-4.791000,-6.875300,-0.094000,-4.793300,-6.826300,-0.084000,-4.752400,-6.959800,-0.157900,-4.574500,-6.982200,-0.173200,-4.545100,-7.246300,-0.221100,-4.616200,-7.476000,-0.122300,-4.812000,-6.964700,-0.160100,-4.987900,-6.999900,-0.168300,-4.993300,-7.254200,-0.258500,-4.948500,-7.486900,-0.151400,0.396700,0.803800,1.093100,0.106500,0.001100,0.000400,-0.000600,-0.410100,0.000200,-0.002700,-0.369800,0.001700,-0.107600,-0.003100,0.001400,0.000200,-0.410700,-0.000100,0.001500,-0.373300,0.002100,0.000200,0.084500,-0.000300,0.000300,0.186400,-0.000300,0.000300,0.132400,-0.000400,0.000000,0.198000,0.000100,0.000000,0.050000,0.000000,0.000000,0.050000,-0.000100,0.030000,0.138100,0.000000,0.180000,0.000000,0.000000,0.270000,-0.000100,0.000000,0.260000,0.000000,0.000000,-0.029900,0.138200,-0.000300,-0.179600,0.000000,-0.000100,-0.269900,-0.000500,0.000200,-0.260000,-0.000300,0.000100,-0.256100,0.012000,-0.003500,-0.966600,-0.339000,0.020900,-0.060800,0.938600,0.150000,-0.068700,-0.042400,0.985400,-0.041500,-0.011400,0.082900,0.995600,-0.381000,0.082400,0.029300,0.920400,0.223900,0.066600,0.032000,0.971800,0.089300,0.053100,0.043600,-0.993600,0.044400,0.003600,0.007400,0.999000,0.043500,0.003400,0.012200,0.999000,0.030900,0.016100,0.017100,0.999200,-0.126800,-0.001500,-0.011500,0.991900,-0.147700,-0.001800,-0.011900,0.989000,-0.108700,0.020200,-0.011100,0.993800,0.013600,0.027300,0.118600,-0.992500,0.044900,0.295000,0.539100,-0.787600,0.045300,-0.336400,-0.056300,0.938900,-0.099500,0.376300,-0.071400,-0.918400,0.005700,-0.033500,-0.044100,-0.998500,-0.042500,-0.273000,-0.561000,-0.780400,-0.005100,-0.371700,0.103400,-0.922600,-0.038900,-0.116400,0.134600,-0.983300,-0.256100,0.012000,-0.003500,-0.966600,0.086700,-0.023300,0.054200,-0.994500,-0.059000,0.057200,0.093100,-0.992300,-0.011800,0.069200,0.013500,-0.997400,0.133100,-0.059800,-0.048100,-0.988100,-0.090600,-0.139000,-0.056100,-0.984500,-0.001000,0.084800,0.020500,0.996200,-0.298700,0.010200,-0.012100,-0.954200,-0.339700,0.010100,-0.025100,-0.940100,-0.367900,0.000000,-0.047000,-0.928700,-0.247300,0.003100,-0.035300,-0.968300,-0.101600,0.007000,-0.022500,-0.994500,0.007400,-0.011800,-0.012600,-0.999800,0.353800,0.017700,-0.073600,0.932300,-0.205600,0.067000,0.664100,-0.715700,-0.005900,0.322200,0.730000,-0.602700,-0.232400,-0.595800,-0.597500,0.483800,0.360500,0.014600,0.100100,0.927300,-0.301600,-0.066500,-0.696100,-0.648100,0.015900,0.337000,0.686900,0.643600,0.084600,-0.435100,-0.577600,-0.685500
2.405288,5.706295,0.419089,0.587346,6.027522,3.359013,1.698794,3.452417,0.078707,5.817993,2.425003,1.358189,1.094101,0.556504,0.000000,0.000000,-4.758100,-7.391500,-0.485100,-4.651300,-7.390900,-0.480900,-4.693700,-7.792600,-0.410000,-4.761300,-8.153000,-0.455200,-4.865700,-7.394400,-0.488400,-4.819900,-7.788900,-0.383700,-4.785300,-8.154000,-0.453100,-4.759000,-7.318000,-0.443700,-4.764100,-7.164800,-0.337900,-4.770900,-7.063000,-0.253700,-4.788000,-6.919500,-0.118300,-4.791500,-6.875800,-0.094400,-4.793800,-6.826800,-0.084400,-4.753000,-6.960300,-0.158200,-4.575100,-6.983100,-0.173300,-4.544600,-7.247000,-0.221200,-4.616400,-7.476200,-0.121600,-4.812600,-6.965200,-0.160500,-4.988300,-7.000000,-0.168800,-4.994100,-7.254500,-0.258600,-4.948100,-7.486500,-0.150700,0.395900,0.803500,1.092900,0.106900,0.001300,0.000900,-0.000500,-0.410100,0.000300,-0.002600,-0.369500,0.001700,-0.107600,-0.002900,0.001100,0.000200,-0.410700,-0.000200,0.001600,-0.373200,0.001500,0.000100,0.084400,-0.000400,0.000200,0.186300,-0.000400,0.000300,0.132300,-0.000400,0.000000,0.198000,0.000100,0.000000,0.050000,0.000000,0.000000,0.050000,-0.000100,0.029900,0.138100,0.000100,0.180000,0.000000,0.000000,0.270000,-0.000100,0.000000,0.260000,-0.000100,0.000000,-0.029800,0.138200,-0.000300,-0.179300,-0.000100,-0.000200,-0.269900,-0.000900,0.000200,-0.260000,-0.000300,0.000100,0.256100,-0.012700,0.002800,0.966600,-0.337900,0.019900,-0.058700,0.939100,0.147600,-0.069800,-0.042400,0.985700,-0.041300,-0.013800,0.080900,0.995800,-0.380000,0.081900,0.030500,0.920800,0.220300,0.067000,0.032000,0.972600,0.087000,0.052300,0.044200,-0.993800,0.044500,0.003700,0.007400,0.999000,0.043600,0.003500,0.012100,0.999000,0.030900,0.016600,0.017100,0.999200,-0.127000,-0.001500,-0.011400,0.991800,-0.148100,-0.001800,-0.011800,0.988900,-0.108900,0.019200,-0.010900,0.993800,0.013500,0.028100,0.118500,-0.992500,0.042700,0.295800,0.536100,-0.789500,0.045100,-0.339800,-0.055800,0.937800,-0.097500,0.377200,-0.073100,-0.918100,0.006800,-0.033200,-0.043700,-0.998500,-0.045300,-0.275000,-0.559600,-0.780500,-0.007200,-0.373200,0.103900,-0.921900,-0.040200,-0.118800,0.133400,-0.983100,0.256100,-0.012700,0.002800,0.966600,-0.085400,0.021400,-0.053300,0.994700,0.058000,-0.059800,-0.091900,0.992300,0.010700,-0.074100,-0.014500,0.997100,-0.132100,0.058500,0.048200,0.988300,0.087800,0.138000,0.056800,0.984900,0.001500,-0.084500,-0.020300,-0.996200,0.298700,-0.010900,0.011400,0.954200,0.339900,-0.010600,0.024500,0.940100,0.368100,-0.000100,0.046500,0.928600,0.247200,-0.003100,0.035000,0.968300,0.101200,-0.007100,0.022300,0.994600,-0.008200,0.010700,0.012400,0.999800,-0.354100,-0.016900,0.074200,-0.932100,0.208800,-0.069400,-0.662300,0.716200,0.006900,-0.326600,-0.728900,0.601700,0.233800,0.598400,0.596000,-0.481800,-0.359700,-0.014300,-0.099200,-0.927700,0.303500,0.069500,0.694800,0.648300,-0.017900,-0.342600,-0.685900,-0.641700,-0.083700,0.442900,0.577100,0.681000
2.441685,5.705271,0.734696,1.180527,3.763510,6.457014,2.780569,3.823668,0.071860,6.596245,1.658129,1.911510,1.548139,0.395673,0.000000,0.000000,-4.759000,-7.392100,-0.485300,-4.651800,-7.391600,-0.480700,-4.693600,-7.793400,-0.410300,-4.760800,-8.153600,-0.455200,-4.866500,-7.394600,-0.488700,-4.820500,-7.789100,-0.384300,-4.785300,-8.154000,-0.453100,-4.759800,-7.318700,-0.444000,-4.764800,-7.165500,-0.338200,-4.771500,-7.063700,-0.254100,-4.788500,-6.920200,-0.118700,-4.791900,-6.876500,-0.094700,-4.794200,-6.827500,-0.084800,-4.753600,-6.961100,-0.158700,-4.575700,-6.984100,-0.173700,-4.544300,-7.248000,-0.221300,-4.616500,-7.476700,-0.121000,-4.813000,-6.965900,-0.160900,-4.988700,-7.000500,-0.169000,-4.995500,-7.255100,-0.258300,-4.948500,-7.486700,-0.149900,0.395000,0.802900,1.092700,0.107200,0.001600,0.001300,-0.000400,-0.410000,0.000300,-0.002700,-0.369200,0.001700,-0.107600,-0.002600,0.000800,0.000300,-0.410600,-0.000300,0.001700,-0.373100,0.001000,0.000100,0.084300,-0.000500,0.000200,0.186200,-0.000400,0.000200,0.132200,-0.000400,0.000000,0.198000,0.000100,0.000000,0.050000,0.000000,0.000000,0.050000,-0.000100,0.029900,0.138100,0.000000,0.180000,0.000000,0.000000,0.270000,-0.000100,0.000000,0.260000,-0.000100,0.000000,-0.029800,0.138200,-0.000300,-0.179300,-0.000200,-0.000300,-0.269900,-0.001000,0.000100,-0.260000,-0.000300,0.000100,0.256000,-0.012700,0.002500,0.966600,-0.337300,0.019300,-0.057300,0.939500,0.146500,-0.070600,-0.042700,0.985800,-0.041600,-0.013600,0.079200,0.995900,-0.379700,0.081000,0.031600,0.921000,0.218500,0.067300,0.031800,0.973000,0.085700,0.051900,0.044900,-0.993900,0.044500,0.003800,0.007300,0.999000,0.043700,0.003600,0.012100,0.999000,0.031000,0.016700,0.017000,0.999200,-0.127200,-0.001500,-0.011500,0.991800,-0.148200,-0.001800,-0.011900,0.988900,-0.109000,0.018200,-0.010900,0.993800,0.013400,0.028800,0.118600,-0.992400,0.041300,0.296700,0.533300,-0.791100,0.045100,-0.342100,-0.055600,0.937000,-0.095300,0.377900,-0.074100,-0.918000,0.007600,-0.033200,-0.043300,-0.998500,-0.048400,-0.277200,-0.557500,-0.781000,-0.007000,-0.374300,0.104400,-0.921400,-0.040000,-0.120100,0.132900,-0.983000,0.256000,-0.012700,0.002500,0.966600,-0.084800,0.020600,-0.052500,0.994800,0.057600,-0.061300,-0.091300,0.992300,0.009900,-0.075300,-0.015600,0.997000,-0.131800,0.057600,0.048700,0.988400,0.086300,0.137400,0.057400,0.985100,0.001900,-0.084400,-0.020100,-0.996200,0.298700,-0.010800,0.011100,0.954200,0.339900,-0.010600,0.024100,0.940100,0.368100,0.000200,0.046100,0.928600,0.247100,-0.002900,0.034600,0.968400,0.100900,-0.006700,0.021800,0.994600,-0.008500,0.010100,0.012000,0.999800,-0.354200,-0.016500,0.074900,-0.932000,0.210700,-0.071500,-0.660700,0.716900,0.007700,-0.330300,-0.727800,0.601000,0.235100,0.600200,0.595000,-0.480100,-0.359000,-0.014600,-0.098500,-0.928000,0.306200,0.073300,0.693100,0.648400,-0.019600,-0.347000,-0.685100,-0.640200,-0.083600,0.448000,0.576800,0.677900
2.085108,5.517515,1.432575,1.939157,0.369813,9.990620,4.414860,4.133620,0.056110,7.397163,1.509120,3.409480,2.234841,0.355161,0.000000,0.000000,-4.760300,-7.393300,-0.485600,-4.652900,-7.392800,-0.480400,-4.693400,-7.794700,-0.410400,-4.760700,-8.154600,-0.455400,-4.867800,-7.395200,-0.489000,-4.821100,-7.789400,-0.384400,-4.785200,-8.154100,-0.453100,-4.761200,-7.319900,-0.444400,-4.766100,-7.166800,-0.338700,-4.772700,-7.065100,-0.254700,-4.789300,-6.921600,-0.119300,-4.792600,-6.877800,-0.095300,-4.794800,-6.828900,-0.085400,-4.754500,-6.962500,-0.159300,-4.576600,-6.985800,-0.174700,-4.544000,-7.249600,-0.221000,-4.616600,-7.477900,-0.120000,-4.813800,-6.967300,-0.161400,-4.989900,-7.001800,-0.168900,-4.997700,-7.256500,-0.257700,-4.949500,-7.487500,-0.148500,0.393700,0.801700,1.092400,0.107500,0.001900,0.001900,-0.000400,-0.410000,0.000300,-0.002800,-0.368900,0.001800,-0.107500,-0.002200,0.000400,0.000300,-0.410500,-0.000300,0.001900,-0.372800,0.000300,0.000000,0.084100,-0.000500,0.000100,0.186100,-0.000400,0.000200,0.132100,-0.000400,0.000000,0.198000,0.000100,0.000000,0.050000,0.000000,0.000000,0.050000,-0.000100,0.029900,0.138000,0.000000,0.180000,0.000000,0.000000,0.269900,0.000000,0.000200,0.260000,0.000000,0.000200,-0.029700,0.138100,-0.000300,-0.179600,-0.000100,-0.000200,-0.269900,-0.000700,0.000100,-0.260000,-0.000400,0.000100,0.255900,-0.011900,0.002300,0.966600,-0.336700,0.019000,-0.055800,0.939800,0.146200,-0.070900,-0.044300,0.985700,-0.043000,-0.012800,0.078200,0.995900,-0.380000,0.079600,0.032800,0.921000,0.217900,0.067900,0.031400,0.973100,0.085000,0.051900,0.046300,-0.994000,0.044500,0.003700,0.007300,0.999000,0.043700,0.003500,0.012000,0.999000,0.031000,0.016600,0.016800,0.999200,-0.127200,-0.001500,-0.011700,0.991800,-0.148300,-0.001800,-0.012100,0.988900,-0.109100,0.016700,-0.010900,0.993800,0.013700,0.028900,0.118800,-0.992400,0.039400,0.298900,0.529500,-0.793000,0.043800,-0.343200,-0.056200,0.936600,-0.093500,0.379800,-0.074000,-0.917400,0.008600,-0.033400,-0.042800,-0.998500,-0.050600,-0.278100,-0.556700,-0.781100,-0.009200,-0.375900,0.105100,-0.920600,-0.038400,-0.121400,0.132900,-0.982900,0.255900,-0.011900,0.002300,0.966600,-0.084400,0.020700,-0.051000,0.994900,0.057800,-0.061400,-0.091400,0.992200,0.008900,-0.074400,-0.016800,0.997000,-0.132200,0.056700,0.049600,0.988400,0.085100,0.137200,0.058000,0.985200,0.002400,-0.084200,-0.019300,-0.996300,0.298600,-0.010100,0.010800,0.954300,0.339800,-0.009800,0.023700,0.940100,0.368100,0.000900,0.045500,0.928700,0.247000,-0.002000,0.033800,0.968400,0.100700,-0.005800,0.021000,0.994700,-0.008700,0.009700,0.011100,0.999900,-0.353800,-0.017100,0.075800,-0.932100,0.212200,-0.074700,-0.658700,0.718000,0.008300,-0.333300,-0.726800,0.600500,0.237000,0.602400,0.594300,-0.477300,-0.358100,-0.015700,-0.097400,-0.928400,0.308400,0.076000,0.691800,0.648500,-0.021800,-0.352600,-0.683900,-0.638400,-0.083900,0.453200,0.576500,0.674700
3.062427,6.825187,1.527906,1.663625,0.407952,9.935363,5.480938,3.993151,0.075656,5.873625,2.657265,6.140125,3.156595,0.422177,0.000000,0.000000,-4.763400,-7.396300,-0.485200,-4.655200,-7.394900,-0.478100,-4.694600,-7.797100,-0.409600,-4.761400,-8.155300,-0.456100,-4.870200,-7.397400,-0.488800,-4.822100,-7.790600,-0.382400,-4.785300,-8.154000,-0.453000,-4.764500,-7.323300,-0.444600,-4.769000,-7.170300,-0.339400,-4.775200,-7.068800,-0.255600,-4.790800,-6.925300,-0.120100,-4.793900,-6.881500,-0.096200,-4.795900,-6.832500,-0.086300,-4.756300,-6.966400,-0.160600,-4.578600,-6.989800,-0.177500,-4.543800,-7.254100,-0.220600,-4.616600,-7.481100,-0.116800,-4.815700,-6.971100,-0.162100,-4.993100,-7.005500,-0.167400,-5.002200,-7.260500,-0.255600,-4.951400,-7.490400,-0.145300,0.390700,0.798700,1.092800,0.108300,0.003700,0.004000,-0.000300,-0.409900,0.000700,-0.002700,-0.367300,0.003200,-0.106800,-0.001700,-0.001100,0.000500,-0.410200,-0.000500,0.002900,-0.372000,-0.001300,-0.000400,0.083600,-0.000700,-0.000100,0.185700,-0.000500,0.000000,0.131700,-0.000400,0.000000,0.198000,0.000000,0.000000,0.050000,0.000000,0.000000,0.050000,-0.000100,0.029900,0.137800,0.000000,0.180000,0.000000,0.000000,0.270000,-0.000100,0.000000,0.260000,-0.000100,0.000000,-0.029700,0.138000,-0.000200,-0.180800,0.000400,0.000300,-0.270000,0.000700,0.000000,-0.260000,-0.000300,0.000100,-0.255000,0.008000,-0.002500,-0.966900,-0.333100,0.021200,-0.057200,0.940900,0.148900,-0.069800,-0.043600,0.985400,-0.050300,-0.016800,0.076600,0.995700,0.381800,-0.076200,-0.033400,-0.920500,0.220800,0.068900,0.031600,0.972400,0.085300,0.053700,0.048300,-0.993700,0.044800,0.003500,0.007100,0.999000,0.044000,0.003300,0.011700,0.999000,0.031200,0.015600,0.016400,0.999300,-0.127400,-0.001600,-0.012200,0.991800,-0.148500,-0.001900,-0.012600,0.988800,-0.109200,0.013300,-0.010900,0.993900,0.015300,0.028000,0.119500,-0.992300,0.035500,0.305700,0.521200,-0.796000,0.042600,-0.345700,-0.056300,0.935700,-0.087300,0.381300,-0.071200,-0.917600,0.010500,-0.034000,-0.041600,-0.998500,-0.049100,-0.275500,-0.560000,-0.779800,-0.021800,-0.379100,0.106900,-0.918900,-0.032700,-0.121500,0.134700,-0.982900,-0.255000,0.008000,-0.002500,-0.966900,0.081800,-0.026800,0.050200,-0.995000,-0.062800,0.054100,0.091100,-0.992400,-0.007000,0.070800,0.018400,-0.997300,-0.134900,0.056900,0.051000,0.987900,0.085300,0.139000,0.059000,0.984900,0.002800,-0.084300,-0.018300,-0.996300,-0.298000,0.006300,-0.010600,-0.954500,-0.339500,0.006100,-0.023000,-0.940300,-0.368200,-0.003600,-0.043900,-0.928700,-0.246900,-0.001100,-0.032100,-0.968500,-0.100400,0.002500,-0.019300,-0.994800,0.009100,-0.009700,-0.009400,-0.999900,0.352000,0.020900,-0.077700,0.932500,-0.212400,0.082200,0.654700,-0.720800,-0.007700,0.342000,0.723100,-0.600100,-0.240500,-0.606300,-0.593900,0.471000,0.356600,0.019500,0.095000,0.929200,-0.308500,-0.076100,-0.691700,-0.648500,0.027200,0.363900,0.681500,0.634300,0.084400,-0.460700,-0.575800,-0.670100
6.137339,6.933606,1.290304,1.485337,0.620641,11.180526,6.380841,3.413903,0.138705,4.001444,2.886925,5.647353,2.691716,0.630579,0.000000,0.000000,-4.764500,-7.397400,-0.484900,-4.655800,-7.395300,-0.477200,-4.695700,-7.797400,-0.409400,-4.761800,-8.154600,-0.456200,-4.871000,-7.398300,-0.488500,-4.822300,-7.791200,-0.381200,-4.785300,-8.154100,-0.453000,-4.765700,-7.324500,-0.444600,-4.770100,-7.171600,-0.339500,-4.776200,-7.070300,-0.255900,-4.791200,-6.926800,-0.120300,-4.794200,-6.883000,-0.096400,-4.796100,-6.834000,-0.086500,-4.756900,-6.967900,-0.160800,-4.579200,-6.991400,-0.178700,-4.543900,-7.255900,-0.220600,-4.616700,-7.482200,-0.115300,-4.816300,-6.972700,-0.162100,-4.994100,-7.007100,-0.166600,-5.003500,-7.262200,-0.254600,-4.951900,-7.491800,-0.144000,0.389500,0.797600,1.093100,0.108700,0.004800,0.004500,-0.000300,-0.409700,0.000800,-0.002400,-0.366300,0.003700,-0.106500,-0.001700,-0.001600,0.000600,-0.410100,-0.000500,0.003400,-0.371900,-0.001800,-0.000600,0.083300,-0.000800,-0.000300,0.185500,-0.000500,-0.000100,0.131600,-0.000400,0.000000,0.198000,0.000000,-0.000100,0.050000,0.000000,0.000000,0.050000,-0.000100,0.029900,0.137800,0.000000,0.180100,0.000000,0.000100,0.270100,-0.000100,-0.000100,0.260000,-0.000100,-0.000100,-0.029800,0.138000,-0.000100,-0.181100,0.000500,0.000400,-0.270000,0.001000,0.000000,-0.260000,-0.000300,0.000100,-0.254500,0.005900,-0.002700,-0.967100,-0.331300,0.023500,-0.059700,0.941300,0.149700,-0.070800,-0.041000,0.985300,-0.052800,-0.019200,0.075500,0.995600,0.382600,-0.075300,-0.033200,-0.920200,0.223000,0.068800,0.031900,0.971900,0.086400,0.054600,0.048600,-0.993600,0.045000,0.003500,0.006900,0.999000,0.044100,0.003300,0.011500,0.999000,0.031400,0.015300,0.016100,0.999300,-0.127500,-0.001600,-0.012300,0.991800,-0.148600,-0.001900,-0.012700,0.988800,-0.109300,0.011300,-0.010800,0.993900,0.016700,0.027200,0.120200,-0.992200,0.032900,0.308600,0.518200,-0.797000,0.042500,-0.347300,-0.055700,0.935100,-0.084900,0.380900,-0.069800,-0.918100,0.011200,-0.033900,-0.041900,-0.998500,-0.048300,-0.274200,-0.561100,-0.779500,-0.026300,-0.380000,0.107600,-0.918300,-0.030600,-0.121100,0.135300,-0.982900,-0.254500,0.005900,-0.002700,-0.967100,0.080600,-0.031500,0.051200,-0.994900,-0.064600,0.050400,0.090300,-0.992500,-0.006400,0.069300,0.018900,-0.997400,-0.136300,0.057900,0.051400,0.987600,0.086100,0.140000,0.059200,0.984600,0.003100,-0.084400,-0.018400,-0.996300,-0.297700,0.004200,-0.010500,-0.954600,-0.339400,0.004100,-0.022600,-0.940400,-0.368300,-0.005600,-0.043000,-0.928700,-0.246800,-0.003100,-0.031400,-0.968500,-0.100100,0.000300,-0.018700,-0.994800,0.009400,-0.010000,-0.008900,-0.999900,0.350400,0.023900,-0.078800,0.933000,-0.211900,0.084700,0.653600,-0.721600,-0.006600,0.345800,0.721400,-0.600000,-0.241900,-0.607700,-0.593600,0.468900,0.356100,0.021100,0.094400,0.929400,-0.308500,-0.076100,-0.691700,-0.648500,0.029200,0.367800,0.680700,0.632900,0.084100,-0.462900,-0.575700,-0.668800
9.799013,5.951687,0.883541,1.312579,0.858990,12.167959,6.536949,2.806379,0.218866,2.306663,2.598597,3.374816,1.491153,0.905336,0.000000,0.000000,-4.766200,-7.398700,-0.484700,-4.657500,-7.395500,-0.476900,-4.697300,-7.797500,-0.409100,-4.762200,-8.153900,-0.456400,-4.872200,-7.399500,-0.488400,-4.822800,-7.791700,-0.379400,-4.785300,-8.154000,-0.453000,-4.767500,-7.326000,-0.444600,-4.771700,-7.173300,-0.339700,-4.777500,-7.072200,-0.256100,-4.791700,-6.928800,-0.120300,-4.794600,-6.885000,-0.096400,-4.796400,-6.836000,-0.086600,-4.757500,-6.969900,-0.161200,-4.580000,-6.993500,-0.180400,-4.544200,-7.258200,-0.220500,-4.617000,-7.483500,-0.113300,-4.817200,-6.974700,-0.162100,-4.995300,-7.009300,-0.165300,-5.005100,-7.264400,-0.253200,-4.952600,-7.493700,-0.142300,0.387800,0.796300,1.093300,0.108700,0.005900,0.004800,-0.000300,-0.409600,0.000900,-0.002300,-0.365300,0.004100,-0.106000,-0.001800,-0.002200,0.000700,-0.410000,-0.000600,0.004100,-0.371600,-0.002400,-0.000800,0.083000,-0.000700,-0.000400,0.185300,-0.000400,-0.000300,0.131300,-0.000300,-0.000100,0.198000,0.000100,-0.000100,0.050000,0.000000,0.000000,0.050000,-0.000100,0.029900,0.137800,0.000000,0.180100,0.000000,0.000100,0.270100,-0.000100,-0.000100,0.260000,-0.000100,-0.000100,-0.029900,0.137900,-0.000100,-0.181500,0.000600,0.000600,-0.270000,0.001500,-0.000100,-0.260000,-0.000300,0.000100,-0.254100,0.003200,-0.002700,-0.967200,-0.330300,0.026000,-0.061600,0.941500,0.151300,-0.072200,-0.038600,0.985100,-0.055700,-0.021600,0.073500,0.995500,0.384500,-0.074300,-0.032800,-0.919500,0.226500,0.068600,0.032600,0.971000,0.088100,0.056200,0.049000,-0.993300,0.045200,0.003400,0.006700,0.998900,0.044300,0.003200,0.011100,0.998900,0.031600,0.015100,0.015700,0.999300,-0.127900,-0.001600,-0.012400,0.991700,-0.149100,-0.001900,-0.012800,0.988700,-0.109700,0.008900,-0.010600,0.993900,0.019000,0.026300,0.120700,-0.992200,0.030300,0.311900,0.515100,-0.797800,0.041700,-0.348300,-0.055500,0.934800,-0.084100,0.381000,-0.068000,-0.918200,0.012300,-0.034000,-0.042400,-0.998400,-0.046900,-0.272400,-0.562600,-0.779100,-0.031900,-0.381100,0.108500,-0.917600,-0.028500,-0.120900,0.135300,-0.983000,-0.254100,0.003200,-0.002700,-0.967200,0.080100,-0.036900,0.051500,-0.994800,-0.066400,0.046300,0.088900,-0.992700,-0.005500,0.067500,0.019500,-0.997500,-0.138500,0.059600,0.051800,0.987200,0.087500,0.141800,0.059500,0.984200,0.003400,-0.084600,-0.018500,-0.996200,-0.297500,0.001500,-0.010200,-0.954700,-0.339500,0.001300,-0.021800,-0.940400,-0.368600,-0.008300,-0.041700,-0.928600,-0.246700,-0.006000,-0.030300,-0.968600,-0.099500,-0.002700,-0.017900,-0.994900,0.010400,-0.010700,-0.008400,-0.999900,0.348200,0.027500,-0.080300,0.933600,-0.210200,0.087500,0.652700,-0.722600,-0.004100,0.349000,0.719800,-0.600000,-0.243700,-0.609900,-0.592400,0.466600,0.355500,0.023700,0.093700,0.929700,-0.308500,-0.076100,-0.691700,-0.648500,0.031900,0.372500,0.679500,0.631300,0.083300,-0.466200,-0.575800,-0.666500
8.943808,3.142019,0.749645,0.803210,0.584859,6.721685,2.976104,3.697606,0.233310,2.965893,2.762237,2.911657,1.244084,1.032210,0.000000,0.000000,-4.768100,-7.399700,-0.485000,-4.659800,-7.395700,-0.477400,-4.698700,-7.797500,-0.408700,-4.762500,-8.153700,-0.456500,-4.873500,-7.400600,-0.488400,-4.823400,-7.792200,-0.377800,-4.785300,-8.154000,-0.453000,-4.769400,-7.327300,-0.444800,-4.773200,-7.174800,-0.339900,-4.778700,-7.074000,-0.256200,-4.792000,-6.930700,-0.120200,-4.794700,-6.886900,-0.096300,-4.796500,-6.837900,-0.086600,-4.758100,-6.971800,-0.161600,-4.580700,-6.995400,-0.182100,-4.544900,-7.260300,-0.220500,-4.617500,-7.484800,-0.111400,-4.817900,-6.976700,-0.161900,-4.996300,-7.011400,-0.164000,-5.006400,-7.266600,-0.251800,-4.953100,-7.495600,-0.140700,0.385900,0.795300,1.093000,0.108400,0.006700,0.004500,-0.000300,-0.409500,0.000900,-0.002200,-0.365000,0.004200,-0.105400,-0.001900,-0.002500,0.000800,-0.410000,-0.000600,0.004800,-0.371400,-0.002600,-0.000900,0.082800,-0.000700,-0.000500,0.185100,-0.000400,-0.000400,0.131100,-0.000200,0.000000,0.198000,0.000100,-0.000100,0.050000,0.000000,0.000000,0.050000,-0.000100,0.029900,0.137600,-0.000200,0.180100,-0.000100,-0.000100,0.270100,0.000000,0.000000,0.259900,0.000000,0.000000,-0.030000,0.137800,0.000100,-0.181800,0.000700,0.000700,-0.270000,0.001800,-0.000100,-0.260000,-0.000300,0.000100,-0.254300,0.001000,-0.002200,-0.967100,-0.331400,0.027400,-0.061500,0.941100,0.153600,-0.074500,-0.037500,0.984600,-0.057700,-0.021700,0.071700,0.995500,0.386900,-0.073500,-0.033000,-0.918600,0.230100,0.068400,0.033300,0.970200,0.089800,0.057500,0.049400,-0.993100,0.045300,0.003400,0.006600,0.998900,0.044500,0.003200,0.010900,0.998900,0.031700,0.015000,0.015400,0.999300,-0.128600,-0.001600,-0.012400,0.991600,-0.149900,-0.001900,-0.012800,0.988600,-0.110300,0.007400,-0.010500,0.993800,0.020900,0.025500,0.120900,-0.992100,0.030000,0.314300,0.513500,-0.797900,0.041300,-0.348800,-0.055600,0.934600,-0.085400,0.381400,-0.066500,-0.918000,0.013500,-0.034600,-0.042600,-0.998400,-0.045500,-0.270800,-0.564100,-0.778700,-0.036300,-0.381700,0.109100,-0.917100,-0.027500,-0.121600,0.135300,-0.982900,-0.254300,0.001000,-0.002200,-0.967100,0.081200,-0.040400,0.050800,-0.994600,-0.067500,0.045200,0.087500,-0.992800,-0.004800,0.066300,0.020000,-0.997600,-0.140700,0.060900,0.052200,0.986800,0.088900,0.143300,0.059900,0.983900,0.003700,-0.084800,-0.018700,-0.996200,-0.297900,-0.000700,-0.009500,-0.954600,-0.340000,-0.000900,-0.020900,-0.940200,-0.369200,-0.010400,-0.040400,-0.928400,-0.246600,-0.008200,-0.029300,-0.968600,-0.098600,-0.005000,-0.017300,-0.995000,0.011900,-0.011400,-0.008100,-0.999800,0.346600,0.030400,-0.081300,0.934000,-0.207400,0.088800,0.652500,-0.723400,-0.001000,0.350800,0.718700,-0.600300,-0.245300,-0.612500,-0.590400,0.465000,0.355100,0.026200,0.092800,0.929800,-0.308500,-0.076100,-0.691700,-0.648500,0.034100,0.376100,0.678600,0.630000,0.082600,-0.469500,-0.575600,-0.664400
6.326311,2.431364,0.638049,0.375043,0.782047,6.288624,1.687259,2.862805,0.255501,4.866769,2.944328,2.668060,1.102745,1.034697,0.000000,0.000000,-4.771300,-7.401000,-0.486200,-4.662500,-7.396200,-0.479600,-4.701700,-7.797300,-0.407300,-4.762700,-8.154000,-0.456600,-4.876200,-7.402000,-0.489300,-4.824900,-7.792600,-0.375600,-4.785400,-8.153900,-0.453100,-4.772400,-7.328900,-0.445700,-4.775400,-7.177100,-0.340200,-4.780100,-7.076800,-0.256300,-4.791800,-6.934000,-0.119600,-4.794300,-6.890200,-0.095700,-4.795900,-6.841100,-0.086300,-4.758400,-6.974900,-0.161500,-4.581400,-6.998600,-0.184600,-4.546700,-7.264000,-0.220500,-4.618600,-7.487000,-0.108000,-4.818300,-6.980000,-0.161200,-4.995300,-7.014500,-0.162700,-5.008100,-7.270200,-0.248700,-4.954200,-7.499000,-0.137600,0.382700,0.794000,1.091800,0.108800,0.007500,0.003600,-0.000300,-0.409400,0.001000,-0.001500,-0.365200,0.004100,-0.104900,-0.002400,-0.002500,0.001000,-0.410000,-0.000500,0.005600,-0.371600,-0.002500,-0.001100,0.082600,-0.000500,-0.000800,0.184900,-0.000300,-0.000700,0.130900,-0.000100,0.000000,0.198000,0.000100,-0.000100,0.050000,0.000000,-0.000100,0.050000,-0.000200,0.030000,0.137600,-0.000200,0.180100,0.000000,0.000000,0.270000,0.000000,-0.000100,0.259900,0.000100,0.000000,-0.030100,0.137700,0.000200,-0.180400,-0.000200,-0.000200,-0.270000,-0.000100,-0.000300,-0.260000,-0.000200,0.000000,0.255800,0.001500,0.000100,0.966700,-0.336500,0.029400,-0.062000,0.939200,0.159600,-0.081000,-0.033700,0.983300,-0.060300,-0.019100,0.068900,0.995600,0.392100,-0.071600,-0.035600,-0.916400,0.236500,0.067300,0.034200,0.968700,0.093000,0.057400,0.050300,-0.992700,0.045500,0.003600,0.006400,0.998900,0.044600,0.003400,0.010600,0.998900,0.031700,0.016100,0.015000,0.999300,-0.130700,-0.001600,-0.011900,0.991300,-0.152400,-0.001900,-0.012300,0.988200,-0.112200,0.004800,-0.009900,0.993600,0.024200,0.022800,0.122200,-0.991900,0.033400,0.317100,0.513000,-0.796900,0.045200,-0.349000,-0.056100,0.934300,-0.090300,0.380800,-0.066600,-0.917800,0.014800,-0.035700,-0.043000,-0.998300,-0.049100,-0.277300,-0.555300,-0.782500,-0.026500,-0.380200,0.106900,-0.918300,-0.025600,-0.125700,0.136900,-0.982200,0.255800,0.001500,0.000100,0.966700,-0.085100,0.045600,-0.051800,0.994000,0.069300,-0.046800,-0.084800,0.992900,0.004200,-0.065200,-0.020200,0.997700,0.144600,-0.061400,-0.053400,-0.986100,-0.091700,-0.143400,-0.061100,-0.983500,-0.004200,0.084800,0.019300,0.996200,0.299500,0.003300,0.007200,0.954100,0.341700,0.003700,0.018100,0.939600,0.371100,0.014300,0.037600,0.927700,0.246400,0.012300,0.027500,0.968700,0.095800,0.009100,0.016600,0.995200,-0.016600,0.012900,0.008200,0.999700,-0.344700,-0.037500,0.084200,-0.934200,0.197600,-0.086600,-0.654500,0.724700,-0.006300,-0.352400,-0.717200,0.601200,0.248100,0.616700,0.584000,-0.465900,-0.356000,-0.031000,-0.090900,-0.929500,0.316200,0.088800,0.684500,0.650900,-0.037900,-0.380900,-0.676900,-0.628700,-0.084000,0.475700,0.573800,0.661400
3.811841,2.467666,0.588578,0.148513,1.597640,7.096004,1.796067,1.502627,0.291268,6.905811,2.700981,2.436580,0.978469,1.005153,0.000000,0.000000,-4.772300,-7.401400,-0.487100,-4.663300,-7.396500,-0.481500,-4.703100,-7.797200,-0.406900,-4.762800,-8.154200,-0.456600,-4.877600,-7.402400,-0.490000,-4.825500,-7.792600,-0.375300,-4.785400,-8.153900,-0.453100,-4.773300,-7.329400,-0.446400,-4.775800,-7.177700,-0.340600,-4.780200,-7.077700,-0.256400,-4.791300,-6.935100,-0.119500,-4.793700,-6.891300,-0.095600,-4.795300,-6.842200,-0.086400,-4.758200,-6.975900,-0.161600,-4.581200,-6.999700,-0.185400,-4.547700,-7.265300,-0.220900,-4.619400,-7.487700,-0.107200,-4.817900,-6.981100,-0.161100,-4.992400,-7.015100,-0.163600,-5.009900,-7.271600,-0.246200,-4.956300,-7.500600,-0.135300,0.381700,0.793600,1.090900,0.109000,0.007200,0.002900,-0.000200,-0.409500,0.001000,-0.001100,-0.365400,0.003800,-0.105200,-0.002600,-0.002400,0.001000,-0.410000,-0.000500,0.005500,-0.371700,-0.002400,-0.001100,0.082700,-0.000300,-0.000700,0.184900,-0.000100,-0.000600,0.130800,0.000000,0.000000,0.198000,0.000200,-0.000100,0.050000,0.000000,-0.000100,0.050000,-0.000200,0.029900,0.137600,-0.000300,0.180100,0.000000,0.000000,0.270000,0.000000,0.000000,0.259900,0.000200,0.000100,-0.030100,0.137600,0.000200,-0.177800,-0.001400,-0.001400,-0.270000,-0.003200,-0.000400,-0.260000,-0.000200,0.000000,0.256400,0.002300,-0.000500,0.966600,-0.339700,0.028900,-0.062700,0.938000,0.162800,-0.082100,-0.031400,0.982700,-0.060600,-0.018100,0.067500,0.995700,0.394100,-0.069900,-0.037200,-0.915700,0.238700,0.066300,0.033900,0.968200,0.094400,0.055800,0.050800,-0.992700,0.045600,0.003700,0.006300,0.998900,0.044700,0.003500,0.010400,0.998900,0.031800,0.016700,0.014800,0.999200,-0.131900,-0.001600,-0.011800,0.991200,-0.153700,-0.001900,-0.012100,0.988000,-0.113200,0.003800,-0.009700,0.993500,0.024400,0.022900,0.122200,-0.991900,0.038300,0.316100,0.515400,-0.795600,0.048400,-0.348900,-0.056900,0.934200,-0.093200,0.378600,-0.067000,-0.918400,0.015200,-0.036100,-0.043000,-0.998300,-0.060200,-0.290600,-0.536800,-0.789800,-0.001800,-0.376500,0.101600,-0.920800,-0.023000,-0.128300,0.138100,-0.981800,0.256400,0.002300,-0.000500,0.966600,-0.088000,0.046400,-0.052900,0.993600,0.069500,-0.047400,-0.083600,0.992900,0.004300,-0.064800,-0.020300,0.997700,0.146000,-0.060400,-0.054300,-0.985900,-0.092500,-0.141800,-0.062000,-0.983600,-0.004800,0.084700,0.019700,0.996200,0.300200,0.004200,0.006400,0.953900,0.342500,0.004800,0.017200,0.939400,0.371900,0.015900,0.036700,0.927400,0.246200,0.013800,0.027000,0.968800,0.094200,0.010700,0.016600,0.995400,-0.019200,0.013400,0.008400,0.999700,-0.345200,-0.039100,0.085100,-0.933900,0.191800,-0.083000,-0.656600,0.724700,-0.010100,-0.351200,-0.717500,0.601400,0.248300,0.616500,0.582100,-0.468400,-0.356500,-0.032800,-0.090200,-0.929400,0.328900,0.110000,0.671700,0.654600,-0.040000,-0.382400,-0.675700,-0.629000,-0.085700,0.477200,0.572900,0.660900
4.444438,1.758840,0.718267,0.488650,3.799500,4.244575,3.130230,1.064282,0.360787,7.451948,0.960602,1.899269,0.745807,1.062008,0.000000,0.162210,-4.772900,-7.401500,-0.487800,-4.664000,-7.396700,-0.482800,-4.703800,-7.797100,-0.407000,-4.762800,-8.154300,-0.456600,-4.878500,-7.402600,-0.490700,-4.826000,-7.792500,-0.375200,-4.785400,-8.153900,-0.453100,-4.773700,-7.329600,-0.446900,-4.776000,-7.178000,-0.340900,-4.780200,-7.078100,-0.256500,-4.791100,-6.935600,-0.119400,-4.793300,-6.891800,-0.095500,-4.795000,-6.842600,-0.086500,-4.758000,-6.976400,-0.161700,-4.581100,-7.000200,-0.185700,-4.548600,-7.265900,-0.221300,-4.620300,-7.488100,-0.107100,-4.817700,-6.981500,-0.161000,-4.992500,-7.015600,-0.162800,-5.011200,-7.272400,-0.244200,-4.957900,-7.501600,-0.133600,0.381100,0.793500,1.090200,0.108900,0.006900,0.002600,-0.000200,-0.409500,0.001000,-0.001000,-0.365400,0.003700,-0.105500,-0.002700,-0.002500,0.000900,-0.410000,-0.000500,0.005200,-0.371800,-0.002300,-0.001000,0.082800,-0.000100,-0.000700,0.185000,-0.000100,-0.000500,0.130900,0.000100,0.000000,0.198000,0.000200,0.000000,0.050000,0.000000,-0.000100,0.050000,-0.000200,0.029900,0.137600,-0.000300,0.180100,-0.000100,0.000000,0.270000,0.000000,0.000000,0.259900,0.000200,0.000100,-0.030000,0.137600,0.000200,-0.178100,-0.001200,-0.001200,-0.270000,-0.002700,-0.000300,-0.260000,-0.000200,0.000000,0.256800,0.002900,-0.000700,0.966500,-0.341500,0.028500,-0.062800,0.937400,0.164200,-0.082700,-0.030600,0.982500,-0.060800,-0.017300,0.066300,0.995800,0.395300,-0.068400,-0.038300,-0.915200,0.239900,0.065900,0.033800,0.968000,0.095000,0.054600,0.051300,-0.992700,0.045600,0.003800,0.006300,0.998900,0.044700,0.003600,0.010300,0.998900,0.031800,0.017000,0.014700,0.999200,-0.132700,-0.001600,-0.011700,0.991100,-0.154600,-0.001900,-0.012100,0.987900,-0.113900,0.003100,-0.009600,0.993400,0.024300,0.023500,0.122000,-0.991900,0.042500,0.314400,0.518100,-0.794300,0.050200,-0.348300,-0.058000,0.934200,-0.096000,0.376800,-0.067000,-0.918900,0.015700,-0.036100,-0.042800,-0.998300,-0.060900,-0.292000,-0.534900,-0.790500,-0.000300,-0.374800,0.101600,-0.921500,-0.020100,-0.129600,0.139400,-0.981500,0.256800,0.002900,-0.000700,0.966500,-0.089500,0.046600,-0.053000,0.993500,0.069400,-0.047800,-0.082700,0.993000,0.004100,-0.064400,-0.020600,0.997700,0.146900,-0.059200,-0.055100,-0.985800,-0.092700,-0.140500,-0.062700,-0.983700,-0.005200,0.084500,0.020100,0.996200,0.300600,0.004900,0.006200,0.953700,0.342900,0.005500,0.016900,0.939200,0.372300,0.017000,0.036400,0.927200,0.245800,0.014900,0.026900,0.968800,0.092900,0.011700,0.016600,0.995500,-0.021200,0.013700,0.008600,0.999600,-0.345600,-0.039600,0.085400,-0.933700,0.187500,-0.079500,-0.658500,0.724500,-0.013200,-0.348800,-0.718600,0.601500,0.248500,0.615200,0.581600,-0.470700,-0.356500,-0.033900,-0.089700,-0.929300,0.330400,0.112900,0.670100,0.655100,-0.042000,-0.383400,-0.674700,-0.629300,-0.087000,0.477200,0.572200,0.661300
3.111249,1.058307,0.622872,0.528073,2.468610,3.964848,4.155920,1.228759,0.429817,6.559606,0.763720,1.744053,1.136178,1.303873,0.000000,0.207899,-4.773700,-7.401400,-0.488500,-4.665100,-7.396700,-0.483800,-4.704300,-7.797100,-0.407600,-4.762700,-8.154400,-0.456700,-4.879600,-7.402600,-0.491500,-4.826600,-7.792300,-0.375400,-4.785500,-8.153700,-0.453100,-4.774200,-7.329500,-0.447300,-4.776300,-7.178100,-0.341000,-4.780300,-7.078200,-0.256500,-4.790900,-6.935800,-0.119300,-4.793200,-6.891900,-0.095500,-4.794800,-6.842800,-0.086500,-4.757900,-6.976600,-0.161600,-4.581100,-7.000400,-0.185900,-4.550200,-7.266200,-0.221800,-4.621800,-7.488400,-0.107700,-4.817600,-6.981700,-0.160800,-4.992900,-7.015800,-0.161800,-5.012800,-7.272800,-0.241900,-4.960000,-7.502300,-0.131600,0.380300,0.793600,1.089500,0.108500,0.006700,0.002400,-0.000300,-0.409500,0.001000,-0.001200,-0.365400,0.004000,-0.106000,-0.002900,-0.002700,0.000900,-0.410000,-0.000600,0.004800,-0.372000,-0.002300,-0.000800,0.082800,0.000000,-0.000500,0.185000,0.000100,-0.000400,0.130900,0.000200,0.000000,0.198000,0.000200,0.000000,0.049900,0.000000,-0.000100,0.050000,-0.000200,0.029900,0.137600,-0.000200,0.180100,-0.000100,-0.000100,0.270000,0.000000,0.000000,0.259900,0.000200,0.000100,-0.030000,0.137700,0.000200,-0.178500,-0.000900,-0.000900,-0.270000,-0.002100,-0.000200,-0.260000,-0.000100,0.000000,0.257100,0.003400,-0.000500,0.966400,-0.342100,0.028000,-0.062100,0.937200,0.164100,-0.082600,-0.030400,0.982500,-0.061000,-0.016900,0.064800,0.995900,0.396400,-0.066400,-0.039400,-0.914800,0.240700,0.066000,0.033700,0.967800,0.095300,0.053300,0.052200,-0.992600,0.045600,0.003900,0.006200,0.998900,0.044700,0.003800,0.010200,0.998900,0.031800,0.017600,0.014600,0.999200,-0.133500,-0.001600,-0.011800,0.991000,-0.155600,-0.001900,-0.012200,0.987700,-0.114600,0.002100,-0.009600,0.993400,0.023500,0.024600,0.121800,-0.992000,0.047200,0.312400,0.522000,-0.792300,0.051200,-0.346900,-0.060000,0.934600,-0.100200,0.375200,-0.067500,-0.919000,0.016300,-0.035600,-0.042200,-0.998300,-0.062300,-0.293800,-0.533000,-0.791000,0.001600,-0.372700,0.102200,-0.922300,-0.016100,-0.129600,0.141600,-0.981300,0.257100,0.003400,-0.000500,0.966400,-0.089900,0.046300,-0.052100,0.993500,0.069000,-0.047800,-0.081600,0.993100,0.003700,-0.063900,-0.021000,0.997700,0.147700,-0.057300,-0.056100,-0.985800,-0.092600,-0.139000,-0.063900,-0.983900,-0.005800,0.084300,0.020400,0.996200,0.300800,0.005600,0.006300,0.953600,0.343200,0.006400,0.016900,0.939100,0.372600,0.018500,0.036400,0.927100,0.245300,0.016300,0.027000,0.968900,0.091400,0.013100,0.016900,0.995600,-0.023500,0.014000,0.009000,0.999600,-0.346400,-0.040000,0.085500,-0.933300,0.182700,-0.075000,-0.661200,0.723700,-0.017100,-0.344000,-0.721000,0.601300,0.249100,0.612900,0.581100,-0.473900,-0.356300,-0.035100,-0.089100,-0.929400,0.332300,0.116400,0.668300,0.655300,-0.044500,-0.384500,-0.673500,-0.629800,-0.087900,0.476100,0.571200,0.662800
1.805879,0.614987,0.623537,0.521720,0.815136,4.247338,4.329605,1.689894,0.465738,5.414811,1.077532,1.744768,1.642778,1.547481,0.000000,0.202538,-4.775000,-7.400500,-0.489200,-4.667200,-7.395700,-0.484800,-4.704900,-7.796400,-0.409600,-4.762600,-8.154400,-0.456900,-4.881800,-7.402100,-0.493000,-4.827700,-7.791500,-0.376500,-4.785500,-8.153600,-0.453100,-4.775100,-7.328600,-0.447700,-4.777000,-7.177100,-0.341100,-4.780700,-7.077200,-0.256300,-4.791200,-6.934800,-0.119100,-4.793500,-6.890900,-0.095400,-4.795200,-6.841700,-0.086700,-4.758200,-6.975600,-0.161400,-4.581400,-6.998900,-0.185900,-4.554300,-7.265000,-0.223300,-4.626300,-7.488000,-0.111000,-4.818000,-6.980700,-0.160400,-4.993900,-7.014600,-0.160300,-5.015400,-7.272100,-0.238800,-4.963100,-7.501800,-0.128800,0.379000,0.794500,1.088800,0.107800,0.006600,0.002200,-0.000400,-0.409500,0.001000,-0.001700,-0.365600,0.004600,-0.106800,-0.003500,-0.003300,0.000700,-0.410100,-0.000600,0.003800,-0.372500,-0.002500,-0.000300,0.083000,0.000300,-0.000200,0.185200,0.000300,-0.000100,0.131100,0.000400,0.000000,0.198000,0.000200,0.000000,0.050000,0.000000,-0.000100,0.050000,-0.000200,0.029900,0.137600,-0.000100,0.180000,-0.000100,0.000000,0.270000,0.000000,0.000000,0.259900,0.000200,0.000100,-0.030100,0.137800,0.000200,-0.179100,-0.000500,-0.000600,-0.270000,-0.001300,-0.000100,-0.260000,0.000000,0.000000,0.257100,0.003800,0.000100,0.966400,-0.341100,0.027200,-0.060400,0.937700,0.161200,-0.081400,-0.030500,0.983100,-0.060100,-0.017100,0.062200,0.996100,0.396800,-0.062600,-0.041800,-0.914800,0.239700,0.067200,0.033100,0.968000,0.093600,0.051200,0.054000,-0.992800,0.045500,0.004200,0.006100,0.998900,0.044700,0.004100,0.010000,0.998900,0.031800,0.019100,0.014400,0.999200,-0.134600,-0.001600,-0.012000,0.990800,-0.156900,-0.002000,-0.012400,0.987500,-0.115600,0.000200,-0.009500,0.993300,0.022300,0.026000,0.121000,-0.992100,0.052800,0.309000,0.531300,-0.787100,0.051100,-0.342100,-0.062900,0.936100,-0.107200,0.375000,-0.069400,-0.918200,0.017700,-0.033600,-0.041000,-0.998400,-0.066300,-0.296600,-0.530600,-0.791200,0.004500,-0.369900,0.104000,-0.923200,-0.009200,-0.125600,0.147300,-0.981000,0.257100,0.003800,0.000100,0.966400,-0.088900,0.045300,-0.050100,0.993800,0.067400,-0.047100,-0.079600,0.993400,0.003100,-0.063300,-0.021400,0.997800,0.148100,-0.053200,-0.058100,-0.985800,-0.090800,-0.136600,-0.066200,-0.984200,-0.005900,0.083900,0.020600,0.996200,0.300800,0.006300,0.006900,0.953600,0.343100,0.007500,0.017300,0.939100,0.372500,0.021000,0.037100,0.927100,0.244000,0.018700,0.027900,0.969200,0.088800,0.015300,0.018000,0.995800,-0.027100,0.014100,0.010100,0.999500,-0.347300,-0.040900,0.084600,-0.933000,0.176300,-0.067100,-0.667400,0.720400,-0.022300,-0.332300,-0.727000,0.600500,0.251800,0.606700,0.581800,-0.479600,-0.355100,-0.036100,-0.088000,-0.930000,0.335700,0.121900,0.666000,0.654900,-0.047900,-0.386700,-0.671500,-0.630300,-0.088500,0.471700,0.568400,0.668300
1.959084,0.757651,1.004422,0.623221,0.925644,3.997744,2.766553,2.405307,0.425325,4.708262,1.469469,1.832633,1.974559,1.663805,0.000000,0.178919,-4.775300,-7.400000,-0.489500,-4.667600,-7.395100,-0.485300,-4.705200,-7.796000,-0.410300,-4.762600,-8.154200,-0.456900,-4.882400,-7.401800,-0.493500,-4.828100,-7.791300,-0.377100,-4.785500,-8.153600,-0.453100,-4.775400,-7.328000,-0.447800,-4.777300,-7.176500,-0.341200,-4.780900,-7.076500,-0.256200,-4.791400,-6.934100,-0.119000,-4.793700,-6.890200,-0.095400,-4.795500,-6.840900,-0.086800,-4.758400,-6.974800,-0.161300,-4.581500,-6.998000,-0.185800,-4.556200,-7.264100,-0.224200,-4.628400,-7.487600,-0.112800,-4.818200,-6.980000,-0.160300,-4.994300,-7.013800,-0.160000,-5.016200,-7.271400,-0.238000,-4.964100,-7.501100,-0.128000,0.378700,0.795000,1.088500,0.107700,0.006400,0.002100,-0.000400,-0.409500,0.001000,-0.001800,-0.365800,0.004700,-0.107100,-0.003700,-0.003400,0.000700,-0.410100,-0.000600,0.003500,-0.372700,-0.002600,-0.000200,0.083100,0.000400,-0.000100,0.185300,0.000400,0.000000,0.131200,0.000400,0.000000,0.198000,0.000200,0.000000,0.050000,0.000000,-0.000100,0.050000,-0.000200,0.030000,0.137700,-0.000100,0.180000,-0.000100,-0.000100,0.270100,0.000000,-0.000100,0.259900,0.000200,0.000000,-0.030100,0.137900,0.000200,-0.179300,-0.000400,-0.000500,-0.270000,-0.001100,-0.000100,-0.260000,0.000000,0.000000,0.257200,0.003800,0.000300,0.966400,-0.340900,0.027300,-0.060600,0.937700,0.160000,-0.081400,-0.030100,0.983300,-0.059300,-0.017200,0.061900,0.996200,0.396600,-0.061400,-0.042500,-0.915000,0.238500,0.067700,0.032900,0.968200,0.092400,0.050500,0.054500,-0.992900,0.045500,0.004300,0.006000,0.998900,0.044600,0.004100,0.009900,0.998900,0.031700,0.019500,0.014300,0.999200,-0.135000,-0.001600,-0.012000,0.990800,-0.157300,-0.002000,-0.012400,0.987500,-0.115900,-0.000400,-0.009500,0.993200,0.022100,0.026500,0.120600,-0.992100,0.053400,0.307600,0.535100,-0.785000,0.051600,-0.340500,-0.062800,0.936700,-0.107800,0.375300,-0.069800,-0.918000,0.018300,-0.033000,-0.040700,-0.998500,-0.067300,-0.297300,-0.530000,-0.791300,0.005600,-0.369500,0.104200,-0.923400,-0.007400,-0.124200,0.149600,-0.980900,0.257200,0.003800,0.000300,0.966400,-0.088500,0.045400,-0.049900,0.993800,0.066500,-0.046800,-0.079000,0.993500,0.003000,-0.063200,-0.021100,0.997800,0.147800,-0.051700,-0.058700,-0.985900,-0.089800,-0.135700,-0.066900,-0.984400,-0.005900,0.083700,0.020800,0.996300,0.300900,0.006400,0.007100,0.953600,0.343200,0.007700,0.017500,0.939100,0.372500,0.021600,0.037300,0.927000,0.243700,0.019300,0.028200,0.969300,0.087900,0.015800,0.018400,0.995800,-0.028300,0.013900,0.010600,0.999400,-0.347400,-0.041000,0.084200,-0.933000,0.175000,-0.064400,-0.670000,0.718600,-0.023100,-0.328600,-0.729000,0.600100,0.253100,0.603800,0.583200,-0.480900,-0.354600,-0.036300,-0.087700,-0.930200,0.336400,0.123200,0.665400,0.654900,-0.048300,-0.387100,-0.671100,-0.630400,-0.089200,0.470300,0.567100,0.670300
3.470101,1.110752,2.528597,0.508902,1.053704,5.068212,1.729577,2.453592,0.279324,5.009420,1.571112,1.984372,1.951360,1.641729,0.000000,0.202163,-4.775700,-7.399200,-0.489800,-4.667900,-7.394400,-0.485800,-4.705600,-7.795400,-0.411300,-4.762600,-8.154100,-0.456900,-4.883200,-7.401300,-0.494100,-4.828700,-7.791000,-0.378200,-4.785500,-8.153700,-0.453100,-4.775800,-7.327100,-0.448000,-4.777700,-7.175600,-0.341200,-4.781300,-7.075500,-0.256200,-4.791800,-6.933000,-0.119000,-4.794100,-6.889100,-0.095400,-4.795900,-6.839800,-0.086900,-4.758600,-6.973800,-0.161200,-4.581800,-6.996600,-0.185600,-4.558900,-7.262700,-0.225600,-4.631700,-7.486700,-0.115600,-4.818600,-6.978900,-0.160300,-4.994800,-7.012600,-0.159700,-5.017300,-7.270300,-0.237200,-4.965300,-7.499900,-0.127000,0.378300,0.795800,1.088200,0.107700,0.006200,0.001900,-0.000400,-0.409600,0.001000,-0.001800,-0.366100,0.004700,-0.107500,-0.004100,-0.003400,0.000600,-0.410100,-0.000700,0.003000,-0.372900,-0.002700,-0.000100,0.083300,0.000500,0.000000,0.185400,0.000400,0.000100,0.131400,0.000400,0.000000,0.198000,0.000200,0.000000,0.050000,0.000000,-0.000100,0.050000,-0.000200,0.030100,0.137700,0.000000,0.180000,-0.000100,-0.000100,0.270100,0.000000,-0.000100,0.259900,0.000200,0.000000,-0.030100,0.137900,0.000100,-0.179400,-0.000300,-0.000400,-0.270000,-0.000900,-0.000100,-0.260000,0.000000,0.000000,0.257400,0.003400,0.000700,0.966300,-0.340700,0.027900,-0.061100,0.937800,0.158200,-0.081300,-0.029100,0.983600,-0.057900,-0.017600,0.061600,0.996300,0.396300,-0.060100,-0.043300,-0.915100,0.236500,0.068100,0.032600,0.968700,0.090600,0.049300,0.055100,-0.993100,0.045400,0.004400,0.005900,0.998900,0.044500,0.004300,0.009700,0.999000,0.031600,0.020100,0.014100,0.999200,-0.135500,-0.001600,-0.012000,0.990700,-0.157900,-0.002000,-0.012400,0.987400,-0.116300,-0.001100,-0.009400,0.993200,0.021800,0.026800,0.119700,-0.992200,0.053200,0.305800,0.540800,-0.781800,0.052200,-0.339000,-0.062000,0.937300,-0.107300,0.375600,-0.070600,-0.917800,0.018900,-0.032300,-0.040300,-0.998500,-0.068200,-0.297800,-0.529400,-0.791500,0.006800,-0.369500,0.104200,-0.923400,-0.005800,-0.123300,0.152500,-0.980600,0.257400,0.003400,0.000700,0.966300,-0.088000,0.045700,-0.050000,0.993800,0.065300,-0.046300,-0.078200,0.993700,0.003300,-0.063100,-0.020500,0.997800,0.147200,-0.049800,-0.059400,-0.986100,-0.088200,-0.134200,-0.067900,-0.984700,-0.005700,0.083500,0.021000,0.996300,0.301000,0.006200,0.007400,0.953600,0.343200,0.007700,0.017700,0.939100,0.372400,0.022300,0.037500,0.927100,0.243100,0.019900,0.028500,0.969400,0.086800,0.016300,0.018800,0.995900,-0.029700,0.013700,0.011100,0.999400,-0.347600,-0.041000,0.083300,-0.933000,0.174400,-0.060800,-0.673700,0.715500,-0.023800,-0.323900,-0.731800,0.599100,0.255300,0.599200,0.585800,-0.482400,-0.354000,-0.036500,-0.087200,-0.930500,0.337000,0.124500,0.664600,0.655200,-0.048200,-0.387600,-0.670700,-0.630500,-0.090900,0.469100,0.565200,0.672500
4.850905,1.268302,4.821733,1.138525,1.096288,7.548921,1.149160,2.059187,0.087601,5.442365,1.340027,1.761234,1.525553,1.293256,0.000000,0.244200,-4.776200,-7.397800,-0.490400,-4.668400,-7.393400,-0.486400,-4.706400,-7.794600,-0.412900,-4.762600,-8.154200,-0.456900,-4.884500,-7.400600,-0.495200,-4.829600,-7.790400,-0.380200,-4.785500,-8.153800,-0.453000,-4.776200,-7.325600,-0.448300,-4.778400,-7.173900,-0.341200,-4.782000,-7.073600,-0.256100,-4.792600,-6.931100,-0.119000,-4.794900,-6.887100,-0.095500,-4.796800,-6.837800,-0.087200,-4.759300,-6.971800,-0.161100,-4.582400,-6.994200,-0.185000,-4.563700,-7.260000,-0.228800,-4.638400,-7.484600,-0.121200,-4.819400,-6.976900,-0.160300,-4.995900,-7.010400,-0.159500,-5.019200,-7.268100,-0.236300,-4.967300,-7.497400,-0.125300,0.377800,0.797200,1.087600,0.107800,0.005600,0.001900,-0.000400,-0.409700,0.000900,-0.001800,-0.366600,0.004600,-0.108300,-0.004500,-0.003500,0.000400,-0.410200,-0.000700,0.002200,-0.373100,-0.003000,0.000100,0.083600,0.000500,0.000200,0.185600,0.000400,0.000300,0.131600,0.000400,0.000000,0.198000,0.000100,0.000000,0.050000,0.000000,-0.000100,0.050000,-0.000200,0.030200,0.137800,0.000100,0.180000,-0.000200,-0.000100,0.270100,-0.000100,-0.000100,0.260000,0.000200,0.000000,-0.030100,0.137900,-0.000100,-0.179700,-0.000200,-0.000300,-0.270000,-0.000500,-0.000100,-0.260000,0.000000,0.000000,0.257900,0.002600,0.001900,0.966200,-0.339900,0.029500,-0.062800,0.937900,0.154500,-0.081600,-0.027400,0.984200,-0.055000,-0.018100,0.061100,0.996500,0.395500,-0.059100,-0.043900,-0.915500,0.232400,0.067800,0.032300,0.969700,0.087300,0.046900,0.056300,-0.993500,0.045100,0.004500,0.005700,0.999000,0.044200,0.004400,0.009300,0.999000,0.031400,0.020600,0.013600,0.999200,-0.136100,-0.001600,-0.011800,0.990600,-0.158600,-0.002000,-0.012200,0.987300,0.116900,0.001500,0.009300,-0.993100,0.021100,0.027300,0.117900,-0.992400,0.050600,0.302300,0.550300,-0.776600,0.052200,-0.338300,-0.060800,0.937600,-0.104600,0.376100,-0.072500,-0.917800,0.019900,-0.031500,-0.039500,-0.998500,-0.068900,-0.297400,-0.529200,-0.791700,0.007200,-0.370500,0.104200,-0.922900,-0.004500,-0.124000,0.155900,-0.980000,0.257900,0.002600,0.001900,0.966200,-0.086700,0.046600,-0.050400,0.993900,0.062800,-0.045500,-0.076900,0.994000,0.003800,-0.063000,-0.019500,0.997800,0.145900,-0.047400,-0.060400,-0.986300,-0.085200,-0.131600,-0.069500,-0.985200,-0.005500,0.083200,0.021100,0.996300,0.301200,0.005600,0.008400,0.953500,0.343100,0.007400,0.018300,0.939100,0.372100,0.022600,0.037900,0.927200,0.242200,0.020200,0.029000,0.969600,0.085100,0.016300,0.019600,0.996000,0.032100,-0.013300,-0.012000,-0.999300,-0.348000,-0.040300,0.081400,-0.933100,0.176300,-0.055100,-0.679900,0.709600,-0.024300,-0.316600,-0.737400,0.596200,0.260200,0.590200,0.591300,-0.484100,-0.352700,-0.036300,-0.086700,-0.931000,0.336800,0.124900,0.663700,0.656100,-0.047200,-0.388700,-0.669900,-0.630800,-0.094500,0.469500,0.562200,0.674200
5.611447,1.046619,8.013526,3.036591,0.995046,11.912710,1.148965,1.150352,0.000000,5.783080,0.658369,0.912418,0.555712,0.458520,0.000000,0.301965,-4.776200,-7.397800,-0.490400,-4.668400,-7.393400,-0.486400,-4.706400,-7.794600,-0.412900,-4.762600,-8.154200,-0.456900,-4.884500,-7.400600,-0.495200,-4.829600,-7.790400,-0.380200,-4.785500,-8.153800,-0.453000,-4.776200,-7.325600,-0.448300,-4.778400,-7.173900,-0.341200,-4.782000,-7.073600,-0.256100,-4.792600,-6.931100,-0.119000,-4.794900,-6.887100,-0.095500,-4.796800,-6.837800,-0.087200,-4.759300,-6.971800,-0.161100,-4.582400,-6.994200,-0.185000,-4.563700,-7.260000,-0.228800,-4.638400,-7.484600,-0.121200,-4.819400,-6.976900,-0.160300,-4.995900,-7.010400,-0.159500,-5.019200,-7.268100,-0.236300,-4.967300,-7.497400,-0.125300,0.377800,0.797200,1.087600,0.107800,0.005600,0.001900,-0.000400,-0.409700,0.000900,-0.001800,-0.366600,0.004600,-0.108300,-0.004500,-0.003500,0.000400,-0.410200,-0.000700,0.002200,-0.373100,-0.003000,0.000100,0.083600,0.000500,0.000200,0.185600,0.000400,0.000300,0.131600,0.000400,0.000000,0.198000,0.000100,0.000000,0.050000,0.000000,-0.000100,0.050000,-0.000200,0.030200,0.137800,0.000100,0.180000,-0.000200,-0.000100,0.270100,-0.000100,-0.000100,0.260000,0.000200,0.000000,-0.030100,0.137900,-0.000100,-0.179700,-0.000200,-0.000300,-0.270000,-0.000500,-0.000100,-0.260000,0.000000,0.000000,0.257900,0.002600,0.001900,0.966200,-0.339900,0.029500,-0.062800,0.937900,0.154500,-0.081600,-0.027400,0.984200,-0.055000,-0.018100,0.061100,0.996500,0.395500,-0.059100,-0.043900,-0.915500,0.232400,0.067800,0.032300,0.969700,0.087300,0.046900,0.056300,-0.993500,0.045100,0.004500,0.005700,0.999000,0.044200,0.004400,0.009300,0.999000,0.031400,0.020600,0.013600,0.999200,-0.136100,-0.001600,-0.011800,0.990600,-0.158600,-0.002000,-0.012200,0.987300,0.116900,0.001500,0.009300,-0.993100,0.021100,0.027300,0.117900,-0.992400,0.050600,0.302300,0.550300,-0.776600,0.052200,-0.338300,-0.060800,0.937600,-0.104600,0.376100,-0.072500,-0.917800,0.019900,-0.031500,-0.039500,-0.998500,-0.068900,-0.297400,-0.529200,-0.791700,0.007200,-0.370500,0.104200,-0.922900,-0.004500,-0.124000,0.155900,-0.980000,0.257900,0.002600,0.001900,0.966200,-0.086700,0.046600,-0.050400,0.993900,0.062800,-0.045500,-0.076900,0.994000,0.003800,-0.063000,-0.019500,0.997800,0.145900,-0.047400,-0.060400,-0.986300,-0.085200,-0.131600,-0.069500,-0.985200,-0.005500,0.083200,0.021100,0.996300,0.301200,0.005600,0.008400,0.953500,0.343100,0.007400,0.018300,0.939100,0.372100,0.022600,0.037900,0.927200,0.242200,0.020200,0.029000,0.969600,0.085100,0.016300,0.019600,0.996000,0.032100,-0.013300,-0.012000,-0.999300,-0.348000,-0.040300,0.081400,-0.933100,0.176300,-0.055100,-0.679900,0.709600,-0.024300,-0.316600,-0.737400,0.596200,0.260200,0.590200,0.591300,-0.484100,-0.352700,-0.036300,-0.086700,-0.931000,0.336800,0.124900,0.663700,0.656100,-0.047200,-0.388700,-0.669900,-0.630800,-0.094500,0.469500,0.562200,0.674200
5.222352,1.039900,7.306085,3.206419,1.328655,10.639404,1.213779,1.005047,0.000000,4.818083,0.989078,2.333300,1.461746,0.721621,0.000000,0.582546,-4.776800,-7.396600,-0.490900,-4.669400,-7.392500,-0.486700,-4.706600,-7.794100,-0.414900,-4.762700,-8.154400,-0.456900,-4.885700,-7.399900,-0.496300,-4.830400,-7.790000,-0.382000,-4.785500,-8.153800,-0.453000,-4.776800,-7.324200,-0.448700,-4.779300,-7.172300,-0.341500,-4.783000,-7.071700,-0.256400,-4.794000,-6.929100,-0.119500,-4.796500,-6.885000,-0.096000,-4.798400,-6.835700,-0.087700,-4.760700,-6.969800,-0.161300,-4.583600,-6.991700,-0.184300,-4.568600,-7.257000,-0.232500,-4.646100,-7.482100,-0.128200,-4.820600,-6.974900,-0.160700,-4.997300,-7.008300,-0.159800,-5.021500,-7.266100,-0.236200,-4.969800,-7.494700,-0.123700,0.377200,0.798400,1.087100,0.107400,0.005100,0.002100,-0.000500,-0.409700,0.000800,-0.002200,-0.367000,0.004400,-0.108900,-0.005000,-0.003500,0.000300,-0.410200,-0.000900,0.001600,-0.373300,-0.003500,0.000300,0.083900,0.000500,0.000300,0.185900,0.000300,0.000500,0.131900,0.000200,0.000100,0.198000,0.000000,0.000000,0.050000,0.000000,0.000000,0.050000,-0.000100,0.030200,0.137900,0.000200,0.179900,-0.000100,-0.000100,0.270000,-0.000200,-0.000100,0.260000,0.000100,0.000000,-0.030000,0.138000,-0.000100,-0.179800,-0.000100,-0.000200,-0.270000,-0.000400,0.000000,-0.260000,-0.000100,0.000000,0.258400,0.001700,0.002900,0.966000,-0.338600,0.031300,-0.062700,0.938300,0.149800,-0.080900,-0.027500,0.985000,-0.052400,-0.019500,0.060500,0.996600,0.395100,-0.058800,-0.044300,-0.915700,0.228800,0.066700,0.032000,0.970700,0.082900,0.044300,0.057800,-0.993900,0.044800,0.004700,0.005600,0.999000,0.044000,0.004500,0.009200,0.999000,0.031300,0.021200,0.013500,0.999200,-0.136400,-0.001600,-0.011800,0.990600,-0.159000,-0.002000,-0.012200,0.987200,0.117200,0.001400,0.009300,-0.993100,0.020000,0.028900,0.116800,-0.992500,0.046400,0.298100,0.558800,-0.772500,0.050900,-0.339100,-0.061100,0.937400,-0.100000,0.376800,-0.074800,-0.917800,0.021300,-0.030300,-0.038200,-0.998600,-0.066600,-0.294200,-0.529900,-0.792600,0.003200,-0.373300,0.103300,-0.921900,-0.004800,-0.125800,0.156500,-0.979600,0.258400,0.001700,0.002900,0.966000,-0.084900,0.047100,-0.049200,0.994100,0.060000,-0.043800,-0.075900,0.994300,0.003500,-0.062700,-0.019000,0.997800,0.145200,-0.045800,-0.061300,-0.986400,-0.082200,-0.128900,-0.070900,-0.985700,-0.004400,0.083400,0.020500,0.996300,0.301400,0.004900,0.009500,0.953400,0.343000,0.006800,0.019400,0.939100,0.371800,0.022700,0.039200,0.927200,0.241600,0.020000,0.030400,0.969700,0.084100,0.015900,0.020900,0.996100,0.033300,-0.012800,-0.013300,-0.999300,-0.349000,-0.038300,0.079700,-0.933000,0.181200,-0.049800,-0.685100,0.703800,-0.023700,-0.309200,-0.744100,0.591700,0.266100,0.579400,0.598900,-0.484600,-0.351100,-0.035700,-0.086300,-0.931600,0.333900,0.122100,0.663000,0.658800,-0.045600,-0.390900,-0.668200,-0.631400,-0.097600,0.472700,0.559700,0.673700
5.114394,2.495628,9.840314,3.625927,1.740650,8.341523,1.447568,0.752921,0.000000,5.117654,1.993937,3.001184,1.700980,0.727879,0.000000,0.748607,-4.777100,-7.396300,-0.491200,-4.669700,-7.392200,-0.486900,-4.706500,-7.794000,-0.415500,-4.762700,-8.154300,-0.456900,-4.886100,-7.399800,-0.496700,-4.830700,-7.789900,-0.382500,-4.785400,-8.153900,-0.452900,-4.777200,-7.323800,-0.448900,-4.779800,-7.171800,-0.341800,-4.783600,-7.071100,-0.256700,-4.794800,-6.928300,-0.119900,-4.797400,-6.884200,-0.096500,-4.799400,-6.835000,-0.088100,-4.761500,-6.969000,-0.161700,-4.584400,-6.990700,-0.184100,-4.570800,-7.255700,-0.234300,-4.649600,-7.481100,-0.131400,-4.821400,-6.974200,-0.161100,-4.998100,-7.007500,-0.160200,-5.022700,-7.265400,-0.236300,-4.971100,-7.493700,-0.123100,0.376900,0.798700,1.086800,0.107400,0.005100,0.002200,-0.000500,-0.409700,0.000700,-0.002400,-0.367000,0.004200,-0.109000,-0.005200,-0.003400,0.000200,-0.410200,-0.001000,0.001500,-0.373400,-0.003700,0.000400,0.083900,0.000500,0.000400,0.185900,0.000300,0.000500,0.131900,0.000200,0.000100,0.198000,0.000000,0.000000,0.050000,0.000000,0.000000,0.050000,-0.000100,0.030100,0.137900,0.000100,0.179800,-0.000200,-0.000100,0.270000,-0.000300,-0.000100,0.260000,0.000100,0.000000,-0.030000,0.138000,-0.000100,-0.179800,-0.000100,-0.000100,-0.270000,-0.000300,0.000000,-0.260000,-0.000100,0.000000,0.258500,0.001200,0.003200,0.966000,-0.338200,0.032000,-0.062400,0.938500,0.148000,-0.080000,-0.027700,0.985300,-0.051500,-0.020400,0.060300,0.996600,0.395000,-0.058700,-0.044600,-0.915700,0.227700,0.066400,0.031800,0.971000,0.081300,0.043200,0.058600,-0.994000,0.044600,0.004700,0.005600,0.999000,0.043800,0.004600,0.009300,0.999000,0.031100,0.021400,0.013600,0.999200,-0.136100,-0.001600,-0.011700,0.990600,-0.158600,-0.001900,-0.012000,0.987300,-0.116900,-0.001100,-0.009200,0.993100,0.019000,0.029900,0.115500,-0.992700,0.045300,0.295800,0.562800,-0.770500,0.050800,-0.339600,-0.061500,0.937200,-0.097100,0.377300,-0.075000,-0.917900,0.021400,-0.029800,-0.037500,-0.998600,-0.065300,-0.292800,-0.530400,-0.792900,0.001300,-0.374700,0.102900,-0.921400,-0.005600,-0.126600,0.156300,-0.979500,0.258500,0.001200,0.003200,0.966000,-0.084300,0.047000,-0.048600,0.994100,0.058900,-0.042800,-0.075600,0.994500,0.003400,-0.062600,-0.018800,0.997900,0.145100,-0.045000,-0.061700,-0.986500,-0.081100,-0.127900,-0.071400,-0.985900,-0.004000,0.083500,0.020100,0.996300,0.301300,0.004400,0.009900,0.953500,0.342700,0.006400,0.019900,0.939200,0.371300,0.022500,0.039700,0.927400,0.241400,0.019800,0.031000,0.969700,0.084300,0.015600,0.021600,0.996100,-0.032900,0.012700,0.014000,0.999300,-0.349500,-0.036800,0.078300,-0.932900,0.183200,-0.047400,-0.687100,0.701500,-0.023100,-0.306300,-0.746900,0.589700,0.268700,0.574400,0.602900,-0.484100,-0.350600,-0.035400,-0.086100,-0.931900,0.332400,0.120600,0.662800,0.660000,-0.044600,-0.391900,-0.667500,-0.631600,-0.098500,0.474500,0.558600,0.673100
5.450538,5.642205,16.559388,4.510426,2.200854,5.407543,1.872833,0.299563,0.000000,7.027813,3.686857,2.560681,0.972116,0.323718,0.000000,0.758006,-4.777400,-7.396200,-0.491800,-4.669800,-7.392100,-0.487200,-4.706600,-7.793900,-0.415900,-4.762700,-8.154300,-0.456900,-4.886700,-7.399900,-0.497500,-4.831100,-7.789900,-0.383000,-4.785300,-8.154000,-0.452900,-4.777500,-7.323600,-0.449500,-4.780500,-7.171500,-0.342500,-4.784600,-7.070500,-0.257400,-4.796300,-6.927500,-0.121000,-4.799000,-6.883400,-0.097600,-4.801200,-6.834200,-0.089100,-4.762800,-6.968100,-0.162500,-4.585600,-6.989600,-0.184100,-4.574200,-7.254100,-0.237100,-4.654800,-7.479800,-0.136200,-4.822700,-6.973600,-0.162100,-4.999500,-7.006800,-0.161500,-5.024700,-7.264800,-0.237000,-4.973300,-7.492500,-0.122500,0.376600,0.798800,1.086200,0.107600,0.005000,0.002100,-0.000500,-0.409600,0.000600,-0.002500,-0.367000,0.003600,-0.109300,-0.005300,-0.003300,0.000200,-0.410200,-0.001200,0.001200,-0.373500,-0.004100,0.000400,0.084000,0.000400,0.000400,0.186000,0.000300,0.000500,0.132000,0.000100,0.000100,0.198000,0.000000,0.000000,0.050000,0.000000,0.000000,0.050000,0.000000,0.030100,0.138000,0.000100,0.179800,-0.000100,-0.000100,0.270000,-0.000300,-0.000100,0.260000,0.000000,0.000000,-0.029900,0.138000,0.000000,-0.179900,0.000000,-0.000100,-0.270000,-0.000200,0.000000,-0.260000,-0.000100,0.000100,0.258400,0.000000,0.003700,0.966000,-0.338300,0.033700,-0.062900,0.938300,0.146900,-0.079300,-0.027400,0.985600,-0.050300,-0.021700,0.060400,0.996700,0.395300,-0.058500,-0.045300,-0.915600,0.227000,0.066200,0.031600,0.971100,0.079600,0.041200,0.060000,-0.994200,0.044300,0.004800,0.005700,0.999000,0.043500,0.004600,0.009300,0.999000,0.030900,0.021800,0.013700,0.999200,-0.135400,-0.001600,-0.011400,0.990700,-0.157800,-0.001900,-0.011700,0.987400,-0.116300,-0.000300,-0.009000,0.993200,0.018400,0.030400,0.114800,-0.992800,0.043600,0.291700,0.568800,-0.767800,0.052000,-0.339900,-0.062300,0.937000,-0.093000,0.378800,-0.075100,-0.917700,0.021700,-0.029200,-0.036900,-0.998700,-0.063900,-0.291700,-0.530000,-0.793700,-0.000100,-0.376600,0.102100,-0.920700,-0.007400,-0.127900,0.155700,-0.979500,0.258400,0.000000,0.003700,0.966000,-0.084500,0.047500,-0.048600,0.994100,0.057600,-0.041400,-0.075400,0.994600,0.003300,-0.062600,-0.018400,0.997900,0.145500,-0.043300,-0.062200,-0.986400,-0.079900,-0.126100,-0.072200,-0.986200,-0.003700,0.083800,0.019300,0.996300,0.301000,0.003300,0.010400,0.953600,0.342100,0.005400,0.020600,0.939400,0.370500,0.021800,0.040700,0.927700,0.241200,0.018800,0.032100,0.969800,0.085000,0.014500,0.022900,0.996000,-0.031600,0.012300,0.015400,0.999300,-0.349400,-0.035200,0.077000,-0.933100,0.185100,-0.043100,-0.690300,0.698100,-0.022200,-0.302000,-0.750900,0.586900,0.272900,0.567700,0.608600,-0.482600,-0.349500,-0.034200,-0.086100,-0.932300,0.330000,0.119400,0.662300,0.662000,-0.042300,-0.393000,-0.666500,-0.632100,-0.100300,0.477300,0.556900,0.672400
